finished	medkorrekt	hpo_id	hpo_label	definition	MANUAL PREFERED LABEL	MANUAL PREFERRED DEFINITION	OFFICIAL COMMENT	chemical_phenotype	correct_pattern	KM review	defined_class	defined_class_name	anatomical_entity	anatomical_entity_label	location	biological_process	biological_process_label	chemical_entity	chemical_entity_label	role	role_label	add_definitions	add_synonym	curator_comment	time
to do	ignore	HP:0032655	Decreased adipose tissue tocopherol level	A reduced concentration of tocopherol in fat tissue.	Decreased fat tissue tocopherol concentration			Yes	abnormallyDecreasedLevelOfChemicalEntityInLocation	Ok	HP:0032655	Decreased fat tissue tocopherol concentration			UBERON:0001013										
done	ignore	HP:0034900	Decreased amniotic fluid alpha-fetoprotein concentration	Concentration of alpha-fetoprotein in the amniotic fluid below lower limit of normal.				Yes	abnormallyDecreasedLevelOfChemicalEntityInLocation	OK	HP:0034900				UBERON:0000173			PR:000003809	alphafetoprotein						
to do	ignore	HP:0030685	Decreased adiponectin level	A reduced circulating concentration of adiponectin, a 30-kDa complement C1-related protein that is the most abundant secreted protein expressed in adipose tissue.	Decreased circulating adiponectin concentration			Yes	abnormallyDecreasedLevelOfChemicalEntityInLocation	OK	HP:0030685	Decreased circulating adiponectin concentration			UBERON:0000178			http://purl.obolibrary.org/obo/PR_Q15848	adiponectin (human)				Decreased circulating adiponectin level		
to do	ignore	HP:0000816	Abnormality of Krebs cycle metabolism	An abnormality of the tricarboxylic acid cycle.	Decreased krebs cycle enzyme activity			Yes	process	OK	HP:0000816	Decreased krebs cycle enzyme activity			UBERON:0000178	http://purl.obolibrary.org/obo/GO_0072350	tricarboxylic acid metabolic process								
to do	ignore	HP:0000825	Hyperinsulinemic hypoglycemia	An increased concentration of insulin combined with a decreased concentration of glucose in the blood.				Yes	modifier	OK	HP:0000825				UBERON:0000178										
to do	ignore	HP:0000837	Increased circulating gonadotropin level	Overproduction of gonadotropins (FSH, LH) by the anterior pituitary gland.	Increased circulating gonadotropin level			Yes	abnormallyIncreasedLevelOfChemicalEntityInLocation	OK	HP:0000837	Increased circulating gonadotropin level			UBERON:0000178										
done	ignore	HP:0000842	Hyperinsulinemia	An increased concentration of insulin in the blood.				Yes	abnormallyIncreasedLevelOfChemicalEntityInBlood	OK	HP:0000842				UBERON:0000178			http://purl.obolibrary.org/obo/CHEBI_145810	insulin gene translation product						
to do	ignore	HP:0000845	Elevated circulating growth hormone concentration	Acromegaly is a condition resulting from overproduction of growth hormone by the pituitary gland in persons with closed epiphyses, and consists chiefly in the enlargement of the distal parts of the body. The circumference of the skull increases, the nose becomes broad, the tongue becomes enlarged, the facial features become coarsened, the mandible grows excessively, and the teeth become separated. The fingers and toes grow chiefly in thickness.				Yes	abnormallyIncreasedLevelOfChemicalEntityInLocation	Ok	HP:0000845				UBERON:0000178	http://purl.obolibrary.org/obo/GO_0030252	growth hormone secretion								
to do	ignore	HP:0001579	Primary hypercortisolism	Hypercortisolemia associated with a primary defect of the adrenal gland leading to overproduction of cortisol.				Yes	combination_phenotype	OK	HP:0001579				UBERON:0000178										
done	ignore	HP:0001900	Increased hemoglobin					Yes	abnormallyIncreasedLevelOfChemicalEntityInBlood	OK	HP:0001900				UBERON:0000178			http://purl.obolibrary.org/obo/CHEBI_35143	hemoglobin					DUPLICATE	
to do	ignore	HP:0001943	Hypoglycemia	A decreased concentration of glucose in the blood.				Yes	abnormallyDecreasedLevelOfChemicalEntityInLocation	OK	HP:0001943				UBERON:0000178										
to do	ignore	HP:0001951	Episodic ammonia intoxication					Yes	modifier	OK	HP:0001951				UBERON:0000178										
to do	ignore	HP:0001958	Nonketotic hypoglycemia					Yes	combination_phenotype	OK	HP:0001958				UBERON:0000178										
to do	ignore	HP:0001985	Hypoketotic hypoglycemia	A decreased concentration of glucose in the blood associated with a reduced concentration of ketone bodies.				Yes	combination_phenotype	OK	HP:0001985				UBERON:0000178										
done	ignore	HP:0001987	Hyperammonemia	An increased concentration of ammonia in the blood.				Yes	abnormallyIncreasedLevelOfChemicalEntityInBlood	Ok	HP:0001987				UBERON:0000178			http://purl.obolibrary.org/obo/CHEBI_16134	ammonia						
to do	ignore	HP:0001988	Recurrent hypoglycemia	Recurrent episodes of decreased concentration of glucose in the blood.				Yes	modifier	OK	HP:0001988				UBERON:0000178										
to do	ignore	HP:0001998	Neonatal hypoglycemia					Yes	modifier	OK	HP:0001998				UBERON:0000178										
done	ignore	HP:0002148	Hypophosphatemia	An abnormally decreased phosphate concentration in the blood.				Yes	abnormallyDecreasedLevelOfChemicalEntityInBlood	OK	HP:0002148				UBERON:0000178			http://purl.obolibrary.org/obo/CHEBI_26020	phosphate						
done	ignore	HP:0002149	Hyperuricemia	An abnormally high level of uric acid in the blood.				Yes	abnormallyIncreasedLevelOfChemicalEntityInBlood	OK	HP:0002149				UBERON:0000178			http://purl.obolibrary.org/obo/CHEBI_27226	uric acid						
to do	next	HP:0002152	Hyperproteinemia	An increased concentration of proteins in the blood.				Yes	abnormallyIncreasedLevelOfChemicalEntityInBlood	Ok	HP:0002152				UBERON:0000178			http://purl.obolibrary.org/obo/PR_000000001  http://purl.obolibrary.org/obo/CHEBI_36080	protein						2
done	ignore	HP:0002153	Hyperkalemia	An abnormally increased potassium concentration in the blood.				Yes	abnormallyIncreasedLevelOfChemicalEntityInBlood	OK	HP:0002153				UBERON:0000178			http://purl.obolibrary.org/obo/CHEBI_26216	potassium atom						
done	ignore	HP:0002154	Hyperglycinemia	An elevated concentration of glycine in the blood.				Yes	abnormallyIncreasedLevelOfChemicalEntityInBlood	OK	HP:0002154				UBERON:0000178			http://purl.obolibrary.org/obo/CHEBI_15428	glycine						
done	ignore	HP:0002155	Hypertriglyceridemia	An abnormal increase in the level of triglycerides in the blood.				Yes	abnormallyIncreasedLevelOfChemicalEntityInBlood	OK	HP:0002155				UBERON:0000178			http://purl.obolibrary.org/obo/CHEBI_17855	triglyceride						
to do	ignore	HP:0002157	Azotemia	An increased concentration of nitrogen compounds in the blood.				Yes	abnormallyIncreasedLevelOfChemicalEntityInLocation	OK	HP:0002157				UBERON:0000178			http://purl.obolibrary.org/obo/CHEBI_51143	nitrogen molecular entity						
done	ignore	HP:0002160	Hyperhomocystinemia	An increased concentration of homocystine in the blood.				Yes	abnormallyIncreasedLevelOfChemicalEntityInBlood	OK	HP:0002160				UBERON:0000178			http://purl.obolibrary.org/obo/CHEBI_17485	homocystine						
done	ignore	HP:0002161	Hyperlysinemia	An increased concentration of lysine in the blood.				Yes	abnormallyIncreasedLevelOfChemicalEntityInBlood	OK	HP:0002161				UBERON:0000178			http://purl.obolibrary.org/obo/CHEBI_25094	lysine						
to do	ignore	HP:0002720	Decreased circulating IgA level	Decreased levels of immunoglobulin A (IgA).	Decreased circulating IgA concentration			Yes	abnormallyDecreasedLevelOfChemicalEntityInLocation	OK	HP:0002720	Decreased circulating IgA concentration			UBERON:0000178										
to do	ignore	HP:0002850	Decreased circulating total IgM	An abnormally decreased level of immunoglobulin M (IgM) in blood.	Decreased circulating total IgM concentration			Yes	abnormallyDecreasedLevelOfChemicalEntityInLocation	Ok	HP:0002850	Decreased circulating total IgM concentration			UBERON:0000178										
done	ignore	HP:0002900	Hypokalemia	An abnormally decreased potassium concentration in the blood.				Yes	abnormallyDecreasedLevelOfChemicalEntityInBlood	OK	HP:0002900				UBERON:0000178			http://purl.obolibrary.org/obo/CHEBI_26216	potassium atom						
done	ignore	HP:0002901	Hypocalcemia	An abnormally decreased calcium concentration in the blood.				Yes	abnormallyDecreasedLevelOfChemicalEntityInBlood	OK	HP:0002901				UBERON:0000178			http://purl.obolibrary.org/obo/CHEBI_22984	calcium atom						
done	ignore	HP:0002902	Hyponatremia	An abnormally decreased sodium concentration in the blood.				Yes	abnormallyDecreasedLevelOfChemicalEntityInBlood	OK	HP:0002902				UBERON:0000178			http://purl.obolibrary.org/obo/CHEBI_26708	sodium atom						
to do	ignore	HP:0002904	Hyperbilirubinemia	An increased amount of bilirubin in the blood.				Yes	abnormallyIncreasedLevelOfChemicalEntityInLocation	OK	HP:0002904				UBERON:0000178			http://purl.obolibrary.org/obo/CHEBI_16990	bilirubin IXalpha						
done	ignore	HP:0002905	Hyperphosphatemia	An abnormally increased phosphate concentration in the blood.				Yes	abnormallyIncreasedLevelOfChemicalEntityInBlood	OK	HP:0002905				UBERON:0000178			http://purl.obolibrary.org/obo/CHEBI_26020	phosphate						
to do	ignore	HP:0002910	Elevated circulating hepatic transaminase concentration	Elevations of the levels of SGOT and SGPT in the serum. SGOT (serum glutamic oxaloacetic transaminase) and SGPT (serum glutamic pyruvic transaminase) are transaminases primarily found in the liver and heart and are released into the bloodstream as the result of liver or heart damage. SGOT and SGPT are used clinically mainly as markers of liver damage.				Yes	abnormallyIncreasedLevelOfChemicalEntityInLocation	OK	HP:0002910				UBERON:0000178										
done	ignore	HP:0002912	Methylmalonic acidemia	Increased concentration of methylmalonic acid in the blood.				Yes	abnormallyIncreasedLevelOfChemicalEntityInBlood	Ok	HP:0002912				UBERON:0000178			http://purl.obolibrary.org/obo/CHEBI_30860	methylmalonic acid						
done	ignore	HP:0002917	Hypomagnesemia	An abnormally decreased magnesium concentration in the blood.				Yes	abnormallyDecreasedLevelOfChemicalEntityInBlood	Ok	HP:0002917				UBERON:0000178			http://purl.obolibrary.org/obo/CHEBI_25107	magnesium atom						
done	ignore	HP:0002918	Hypermagnesemia	An abnormally increased magnesium concentration in the blood.				Yes	abnormallyIncreasedLevelOfChemicalEntityInBlood	Ok	HP:0002918				UBERON:0000178			http://purl.obolibrary.org/obo/CHEBI_25107	magnesium atom						
done	ignore	HP:0002920	Decreased circulating ACTH concentration	The concentration of corticotropin, also known as adrenocorticotropic hormone (ACTH), is below the lower limit of normal in the blood circulation.				Yes	abnormallyDecreasedLevelOfChemicalEntityInBlood	OK	HP:0002920				UBERON:0000178			http://purl.obolibrary.org/obo/CHEBI_3892	corticotropin						
to do	ignore	HP:0002925	Elevated circulating thyroid-stimulating hormone concentration	Increased concentration of thyroid-stimulating hormone (TSH) in the blood circulation.				Yes	abnormallyIncreasedLevelOfChemicalEntityInLocation	Ok	HP:0002925				UBERON:0000178										
done	ignore	HP:0002932	Aldehyde oxidase deficiency	A reduction in aldehyde oxidase level.				Yes	abnormallyDecreasedLevelOfChemicalEntityInBlood	OK	HP:0002932				UBERON:0000178			http://purl.obolibrary.org/obo/PR_000004089	aldehyde oxidase						
to do	ignore	HP:0002961	Dysgammaglobulinemia	Selective deficiency of one or more, but not all, classes of immunoglobulins.				Yes	combination_phenotype	Ok	HP:0002961				UBERON:0000178										
done	ignore	HP:0003072	Hypercalcemia	An abnormally increased calcium concentration in the blood.				Yes	abnormallyIncreasedLevelOfChemicalEntityInBlood	OK	HP:0003072				UBERON:0000178			http://purl.obolibrary.org/obo/CHEBI_22984	calcium atom						
done	next	HP:0003073	Hypoalbuminemia	Reduction in the concentration of albumin in the blood.	Hypoalbuminemia			Yes	abnormallyDecreasedLevelOfChemicalEntityInBlood	OK	HP:0003073	Hypoalbuminemia			UBERON:0000178			http://purl.obolibrary.org/obo/PR_000003918	albumin						2
to do	ignore	HP:0003074	Hyperglycemia	An increased concentration of glucose in the blood.				Yes	abnormallyIncreasedLevelOfChemicalEntityInLocation	OK	HP:0003074				UBERON:0000178										
to do	next	HP:0003075	Hypoproteinemia	A decreased concentration of protein in the blood.				Yes	abnormallyDecreasedLevelOfChemicalEntityInBlood	Ok	HP:0003075				UBERON:0000178			http://purl.obolibrary.org/obo/PR_000000001   http://purl.obolibrary.org/obo/CHEBI_36080  	protein						2
done	ignore	HP:0003077	Hyperlipidemia	An elevated lipid concentration in the blood.				Yes	abnormallyIncreasedLevelOfChemicalEntityInBlood	OK	HP:0003077				UBERON:0000178			http://purl.obolibrary.org/obo/CHEBI_18059	lipid						
to do	ignore	HP:0003107	Abnormal circulating cholesterol concentration	Any deviation from the normal concentration of cholesterol in the blood circulation.				Yes	abnormalLevelOfChemicalEntityInLocation	OK	HP:0003107				UBERON:0000178										
done	ignore	HP:0003111	Abnormal blood ion concentration	Abnormality of the homeostasis (concentration) of a monoatomic ion.				Yes	abnormalLevelOfChemicalEntityInBlood	OK	HP:0003111				UBERON:0000178			http://purl.obolibrary.org/obo/CHEBI_24870	ion						
done	ignore	HP:0003112	Abnormal circulating amino acid concentration	The presence of an abnormal decrease or increase of one or more amino acids in the blood circulation.				Yes	abnormalLevelOfChemicalEntityInBlood	OK	HP:0003112				UBERON:0000178			http://purl.obolibrary.org/obo/CHEBI_33709	amino acid						
done	ignore	HP:0003113	Hypochloremia	An abnormally decreased chloride concentration in the blood.				Yes	abnormallyDecreasedLevelOfChemicalEntityInBlood	OK	HP:0003113				UBERON:0000178			http://purl.obolibrary.org/obo/CHEBI_17996	chloride						
done	ignore	HP:0003118	Increased circulating cortisol level	Overproduction of the hormone of cortisol by the adrenal cortex, resulting in a characteristic combination of clinical symptoms termed Cushing syndrome, with truncal obesity, a round, full face, striae atrophicae and acne, muscle weakness, and other features.	Increased circulating cortisol concentration			Yes	abnormallyIncreasedLevelOfChemicalEntityInBlood	Ok	HP:0003118	Increased circulating cortisol concentration			UBERON:0000178			http://purl.obolibrary.org/obo/CHEBI_17650	cortisol						
to do	ignore	HP:0003119	Abnormal circulating lipid concentration	Any deviation from the normal concentration of a lipid in the blood circulation.				Yes	abnormalLevelOfChemicalEntityInLocation	OK	HP:0003119				UBERON:0000178										
done	ignore	HP:0003124	Hypercholesterolemia	An increased concentration of cholesterol in the blood.				Yes	abnormallyIncreasedLevelOfChemicalEntityInBlood	OK	HP:0003124				UBERON:0000178			http://purl.obolibrary.org/obo/CHEBI_16113	cholesterol						
done	ignore	HP:0003138	Increased blood urea nitrogen	An increased amount of nitrogen in the form of urea in the blood.	Increased circulating blood urea nitrogen concentration			Yes	abnormallyIncreasedLevelOfChemicalEntityInBlood	OK	HP:0003138	Increased circulating blood urea nitrogen concentration			UBERON:0000178			http://purl.obolibrary.org/obo/CHEBI_16199	urea						
to do	ignore	HP:0003139	Panhypogammaglobulinemia	A reduction in the circulating levels of all the major classes of immunoglobulin. is characterized by profound decreases in all classes of immunoglobulin with an absence of circulating B lymphocytes.				Yes	abnormallyDecreasedLevelOfChemicalEntityInLocation	Ok	HP:0003139				UBERON:0000178										
done	ignore	HP:0003141	Increased LDL cholesterol concentration	An elevated concentration of low-density lipoprotein cholesterol in the blood.				Yes	abnormallyIncreasedLevelOfChemicalEntityInBlood	Ok	HP:0003141				UBERON:0000178			http://purl.obolibrary.org/obo/CHEBI_47774	low-density lipoprotein cholesterol						
done	ignore	HP:0003144	Increased serum serotonin	A increased concentration of serotonin in the blood.	Increased serum serotonin concentration			Yes	abnormallyIncreasedLevelOfChemicalEntityInBlood	OK	HP:0003144	Increased serum serotonin concentration			UBERON:0000178			http://purl.obolibrary.org/obo/CHEBI_28790	serotonin						
to do	ignore	HP:0003145	Decreased circulating adenosylcobalamin concentration	The concentration of adenosylcobalam in the blood circulation is below the lower limit of normal. Adenosylcobalamin is one of the active forms of vitamin B12.				Yes	abnormallyDecreasedLevelOfChemicalEntityInLocation	Ok	HP:0003145				UBERON:0000178			http://purl.obolibrary.org/obo/CHEBI_18408	cobamamide						
done	ignore	HP:0003146	Hypocholesterolemia	An decreased concentration of cholesterol in the blood.				Yes	abnormallyDecreasedLevelOfChemicalEntityInBlood	OK	HP:0003146				UBERON:0000178			http://purl.obolibrary.org/obo/CHEBI_16113	cholesterol						
done	ignore	HP:0003154	Increased circulating ACTH level	An abnormal increased in the concentration of corticotropin, also known as adrenocorticotropic hormone (ACTH), in the blood.				Yes	abnormallyIncreasedLevelOfChemicalEntityInBlood	OK	HP:0003154				UBERON:0000178			http://purl.obolibrary.org/obo/CHEBI_3892	corticotropin						
done	ignore	HP:0003155	Elevated circulating alkaline phosphatase concentration	Abnormally increased serum levels of alkaline phosphatase activity.				Yes	abnormallyIncreasedLevelOfChemicalEntityInBlood	Ok	HP:0003155				UBERON:0000178			http://purl.obolibrary.org/obo/PR_000003968	alkaline phosphatase, tissue-nonspecific isozyme						
to do	ignore	HP:0003162	Fasting hypoglycemia					Yes	modifier	Ok	HP:0003162				UBERON:0000178										
done	ignore	HP:0003165	Elevated circulating parathyroid hormone level	An abnormal increased concentration of parathyroid hormone.	Elevated circulating parathyroid hormone concentration			Yes	abnormallyIncreasedLevelOfChemicalEntityInBlood	OK	HP:0003165	Elevated circulating parathyroid hormone concentration			UBERON:0000178			http://purl.obolibrary.org/obo/PR_000013429	parathyroid hormone						
to do	ignore	HP:0003212	Increased circulating IgE level	An abnormally increased overall level of immunoglobulin E in blood.	Increased circulating IgE concentration			Yes	abnormallyIncreasedLevelOfChemicalEntityInLocation	OK	HP:0003212	Increased circulating IgE concentration			UBERON:0000178										
done	ignore	HP:0003217	Hyperglutaminemia	An increased concentration of glutamine in the blood.				Yes	abnormallyIncreasedLevelOfChemicalEntityInBlood	OK	HP:0003217				UBERON:0000178			http://purl.obolibrary.org/obo/CHEBI_28300	glutamine						
done	ignore	HP:0003223	Decreased circulating methylcobalamin concentration	The concentration of methylcobalamin in the blood circulation is below the lower limit of normal. Methylcobalamin is a form of vitamin B12.				Yes	abnormallyDecreasedLevelOfChemicalEntityInBlood	Ok	HP:0003223				UBERON:0000178			http://purl.obolibrary.org/obo/CHEBI_28115	methylcobalamin						
done	ignore	HP:0003228	Hypernatremia	An abnormally increased sodium concentration in the blood.				Yes	abnormallyIncreasedLevelOfChemicalEntityInBlood	OK	HP:0003228				UBERON:0000178			http://purl.obolibrary.org/obo/CHEBI_26708	sodium atom						
done	ignore	HP:0003231	Hypertyrosinemia	An increased concentration of tyrosine in the blood.				Yes	abnormallyIncreasedLevelOfChemicalEntityInBlood	Ok	HP:0003231				UBERON:0000178			http://purl.obolibrary.org/obo/CHEBI_18186	tyrosine						
done	ignore	HP:0003233	Decreased HDL cholesterol concentration	An decreased concentration of high-density lipoprotein cholesterol in the blood.	Decreased circulating HDL cholesterol concentration			Yes	abnormallyDecreasedLevelOfChemicalEntityInBlood	Ok	HP:0003233	Decreased circulating HDL cholesterol concentration			UBERON:0000178			http://purl.obolibrary.org/obo/CHEBI_47775	high-density lipoprotein cholesterol						
done	ignore	HP:0003234	Decreased circulating carnitine concentration	Concentration of carnitine in the blood circulation below the lower limit of normal.				Yes	abnormallyDecreasedLevelOfChemicalEntityInBlood	OK	HP:0003234				UBERON:0000178			http://purl.obolibrary.org/obo/CHEBI_17126	carnitine						
done	ignore	HP:0003235	Hypermethioninemia	An increased concentration of methionine in the blood.				Yes	abnormallyIncreasedLevelOfChemicalEntityInBlood	OK	HP:0003235				UBERON:0000178			http://purl.obolibrary.org/obo/CHEBI_16811	methionine						
done	next	HP:0003236	Elevated circulating creatine kinase concentration	An elevation of the level of the enzyme creatine kinase (also known as creatine phosphokinase (CK; EC 2.7.3.2) in the blood. CK levels can be elevated in a number of clinical disorders such as myocardial infarction, rhabdomyolysis, and muscular dystrophy.				Yes	abnormallyIncreasedLevelOfChemicalEntityInBlood	OK	HP:0003236				UBERON:0000178			http://purl.obolibrary.org/obo/PR_000050097	creatine kinase (human)					Selected human specific; species neutral term exists (http://purl.obolibrary.org/obo/PR_000029971).  KI: Synonyms for creatine kinase include creatine phosphokinase (CPK), CK, and CPK (not found in CHEBI).	3
to do	ignore	HP:0003237	Increased circulating IgG level	An abnormally increased level of immunoglobulin G in blood.	Increased circulating IgG concentration			Yes	abnormallyIncreasedLevelOfChemicalEntityInLocation	OK	HP:0003237	Increased circulating IgG concentration			UBERON:0000178										
to do	next	HP:0003238	Hyperpepsinogenemia I	[definition missing] 	Hyperpepsinogenemia I 	The concentration of pepsinogen I in the blood circulation is above the upper limit of normal. 	Synonyms for Pepsinogen I: Pepsinogen A, PGA, PGI, and PG I .   Pepsinogen I is one of two main groups of pepsinogens, the other being pepsinogen II (PGII). According to KI PGI itself contains several molecular components, which were previously identified as Pg1 through Pg5. This is probably the reason why the spelling using Arabic numerals ("Pepsinogen 1") is not used to avoid confusion.  As far as I can see, the spelling with hyphen ist not correct.	Yes	abnormallyIncreasedLevelOfChemicalEntityInBlood	Ok	HP:0003238	Hyperpepsinogenemia I 			UBERON:0000178			Not found   						Need text definition.  [Gastricsin = Pepsinogen C --> http://purl.obolibrary.org/obo/PR_P20142 (subclass)]  Regarding pepsinogen see e.g. PMID:10675278.	18
to do	ignore	HP:0003258	Glyoxalase deficiency		Needs discussion			Yes	abnormallyDecreasedLevelOfChemicalEntityInLocation	OK	HP:0003258	Needs discussion			UBERON:0000178										
done	ignore	HP:0003259	Elevated circulating creatinine concentration	An increased amount of creatinine in the blood.				Yes	abnormallyIncreasedLevelOfChemicalEntityInBlood	OK	HP:0003259				UBERON:0000178			http://purl.obolibrary.org/obo/CHEBI_16737	creatinine						
to do	ignore	HP:0003260	Hydroxyprolinemia	An increased concentration of hydroxyproline in the blood.				Yes	abnormallyIncreasedLevelOfChemicalEntityInLocation	OK	HP:0003260				UBERON:0000178			http://purl.obolibrary.org/obo/CHEBI_24741	hydroxyproline						
to do	ignore	HP:0003261	Increased circulating IgA level	An abnormally increased level of immunoglobulin A in blood.	Increased circulating IgA concentration			Yes	abnormallyIncreasedLevelOfChemicalEntityInLocation	OK	HP:0003261	Increased circulating IgA concentration			UBERON:0000178										
done	ignore	HP:0003267	Reduced orotidine 5-prime phosphate decarboxylase level	An abnormal decrease in orotidine 5'-phosphate decarboxylase level.	Reduced orotidine 5-prime phosphate decarboxylase concentration			Yes	abnormallyDecreasedLevelOfChemicalEntityInBlood	OK	HP:0003267	Reduced orotidine 5-prime phosphate decarboxylase concentration			UBERON:0000178			http://purl.obolibrary.org/obo/PR_000023661	orotidine 5'-phosphate decarboxylase						
to do	next	HP:0003281	Increased circulating ferritin concentration	Increased concentration of ferritin in the blood circulation.	Hyperferritinemia			Yes	abnormallyIncreasedLevelOfChemicalEntityInBlood	OK	HP:0003281	Hyperferritinemia			UBERON:0000178			http://purl.obolibrary.org/obo/PR_000050342   http://purl.obolibrary.org/obo/CHEBI_82594	ferritin complex (human)  / Ferritin					PR: Selected human specific; species neutral term exists in GO.  CHEBI: species neutral term.  Q: Why ist PR_000050342 subclass in GO (Gene Ontology) and not in PR?  	2
to do	ignore	HP:0003282	Low alkaline phosphatase	Abnormally reduced serum levels of alkaline phosphatase.	Decreased circulating alkaline phosphatase activity			Yes	abnormallyDecreasedLevelOfChemicalEntityInLocation	Ok	HP:0003282	Decreased circulating alkaline phosphatase activity			UBERON:0000178			http://purl.obolibrary.org/obo/PR_000003968	alkaline phosphatase, tissue-nonspecific isozyme						
done	ignore	HP:0003286	Cystathioninemia	An increased concentration of cystathionine in the blood.				Yes	abnormallyIncreasedLevelOfChemicalEntityInBlood	Ok	HP:0003286				UBERON:0000178			http://purl.obolibrary.org/obo/CHEBI_17755	cystathionine						
done	ignore	HP:0003292	Decreased serum leptin	A decreased concentration of leptin in the blood.	Decreased circulating leptin concentration			Yes	abnormallyDecreasedLevelOfChemicalEntityInBlood	OK	HP:0003292	Decreased circulating leptin concentration			UBERON:0000178			http://purl.obolibrary.org/obo/PR_000009758	leptin						
to do	next	HP:0003333	Increased serum beta-hexosaminidase		Increased circulating beta-hexosaminidase activity			Yes	abnormallyIncreasedLevelOfChemicalEntityInBlood	OK	HP:0003333	Increased circulating beta-hexosaminidase activity			UBERON:0000178			http://purl.obolibrary.org/obo/PR_000023341	beta-hexosaminidase					Q: Does http://purl.obolibrary.org/obo/PR_000023341 refer only to E. coli? Or does "a protein that is a translation product of the Escherichia coli K-12 nagZ gene or a 1:1 ortholog thereof" also include human genes?  KI: Synonyms for serum beta-hexosaminidase include N-acetyl-β-d-glucosaminidase, beta-N-acetylhexosaminidase, Hexosaminidase A (HexA), and B-NAH (not found in CHEBI).	16
done	ignore	HP:0003334	Elevated circulating catecholamine level	An abnormal increase in catecholamine concentration in the blood.	Elevated circulating catecholamine concentration			Yes	abnormallyIncreasedLevelOfChemicalEntityInBlood	Ok	HP:0003334	Elevated circulating catecholamine concentration			UBERON:0000178			http://purl.obolibrary.org/obo/CHEBI_33567	catecholamine						
to do	ignore	HP:0003343	Reduced glutathione synthetase level	Reduced level of the enzyme glutathione synthetase, which catalyzes the last step in the synthesis of glutathione and a deficiency results in low levels of glutathione. Acidosis is due to reduced feedback inhibition of gamma-glutamyl cysteine synthetase in the gamma-glutamyl cycle, which ultimately leads to overproduction and accumulation of 5-oxoproline.	Reduced circulating glutathione synthetase concentration			Yes	abnormallyDecreasedLevelOfChemicalEntityInLocation	OK	HP:0003343	Reduced circulating glutathione synthetase concentration			UBERON:0000178										
done	ignore	HP:0003348	Hyperalaninemia	An increased concentration of alanine in the blood.				Yes	abnormallyIncreasedLevelOfChemicalEntityInBlood	OK	HP:0003348				UBERON:0000178			http://purl.obolibrary.org/obo/CHEBI_16449	alanine						
to do	ignore	HP:0003349	Low cholesterol esterification rate	A reduction in the rate of cholesterol esterification.				Yes	process	OK	HP:0003349				UBERON:0000178										
to do	ignore	HP:0003353	Propionyl-CoA carboxylase deficiency	An abnormality of amino acid metabolism characterized by a decreased level of propionyl-CoA carboxylase.	Reduced circulating propionyl-CoA carboxylase activity			Yes	process	OK	HP:0003353	Reduced circulating propionyl-CoA carboxylase activity			UBERON:0000178										
done	ignore	HP:0003354	Hyperthreoninemia	An increased concentration of threonine in the blood.				Yes	abnormallyIncreasedLevelOfChemicalEntityInBlood	Ok	HP:0003354				UBERON:0000178			http://purl.obolibrary.org/obo/CHEBI_26986	threonine						
done	ignore	HP:0003362	Increased VLDL cholesterol concentration	An increase in the amount of very-low-density lipoprotein cholesterol in the blood.	Increased circulating VLDL cholesterol concentration			Yes	abnormallyIncreasedLevelOfChemicalEntityInBlood	OK	HP:0003362	Increased circulating VLDL cholesterol concentration			UBERON:0000178			http://purl.obolibrary.org/obo/CHEBI_47773	very-low-density lipoprotein cholesterol						
done	ignore	HP:0003452	Increased circulating iron concentration	The concentration of iron in the blood circulation is above the upper limit of normal.				Yes	abnormallyIncreasedLevelOfChemicalEntityInBlood	OK	HP:0003452				UBERON:0000178			http://purl.obolibrary.org/obo/CHEBI_18248	iron atom						
done	ignore	HP:0003455	Elevated circulating long chain fatty acid concentration	Increased concentration of long-chain fatty acids in the blood circulation.				Yes	abnormallyIncreasedLevelOfChemicalEntityInBlood	OK	HP:0003455				UBERON:0000178			http://purl.obolibrary.org/obo/CHEBI_15904	long-chain fatty acid						
to do	ignore	HP:0003460	Decreased circulating total IgA	Undetectable serum immunoglobulin A level at a value < 5 mg/dL (0.05 g/L).	Decreased circulating total IgA concentration			Yes	abnormallyDecreasedLevelOfChemicalEntityInLocation	Ok	HP:0003460	Decreased circulating total IgA concentration			UBERON:0000178										
to do	ignore	HP:0003462	Elevated 8-dehydrocholesterol		Elevated circulating 8-dehydrocholesterol concentration			Yes	abnormallyIncreasedLevelOfChemicalEntityInLocation	OK	HP:0003462	Elevated circulating 8-dehydrocholesterol concentration			UBERON:0000178										
to do	ignore	HP:0003465	Elevated 8(9)-cholestenol		Elevated ciculating 8(9)-cholestenol concentration			Yes	abnormallyIncreasedLevelOfChemicalEntityInLocation	OK	HP:0003465	Elevated ciculating 8(9)-cholestenol concentration			UBERON:0000178										
to do	ignore	HP:0003466	Paradoxical increased cortisol secretion on dexamethasone suppression test		needs discussion			Yes	method_observed	Ok	HP:0003466	needs discussion			UBERON:0000178										
to do	ignore	HP:0003496	Increased circulating IgM level	An abnormally increased level of immunoglobulin M in blood.	Increased circulating IgM concentration			Yes	abnormallyIncreasedLevelOfChemicalEntityInLocation	OK	HP:0003496	Increased circulating IgM concentration			UBERON:0000178										
to do	ignore	HP:0003524	Decreased methionine synthase activity	A reduction in methionine synthase activity.				Yes	activity	OK	HP:0003524				UBERON:0000178	http://purl.obolibrary.org/obo/GO_0006555	methionine metabolic process								
done	ignore	HP:0003528	Elevated circulating calcitonin concentration	Concentration of calcitonin, a 32-amino acid polypeptide hormone that is produced primarily by the parafollicular cells of the thyroid, in the blood circulation above the upper limit of normal.				Yes	abnormallyIncreasedLevelOfChemicalEntityInBlood	OK	HP:0003528	Elevated circulating calcitonin concentration			UBERON:0000178			http://purl.obolibrary.org/obo/CHEBI_3306	CALCA gene translation product						
done	ignore	HP:0003530	Elevated circulating glutaric acid concentration	An increased concentration of glutaric acid in the blood.				Yes	abnormallyIncreasedLevelOfChemicalEntityInBlood	Ok	HP:0003530				UBERON:0000178			http://purl.obolibrary.org/obo/CHEBI_17859	glutaric acid						
to do	ignore	HP:0003533	Reduced acetaldehyde dehydrogenase level	Decreased level of acetaldehyde dehydrogenase (ALDH). ALDH and alcohol dehydrogenase (ADH) are the primary enzymes involved in alcohol metabolism.				Yes	abnormallyDecreasedLevelOfChemicalEntityInLocation	OK	HP:0003533				UBERON:0000178										
to do	ignore	HP:0003534	Reduced xanthine dehydrogenase level	An abnormal reduction in xanthine dehydrogenase level.				Yes	abnormallyDecreasedLevelOfChemicalEntityInLocation	OK	HP:0003534				UBERON:0000178			http://purl.obolibrary.org/obo/PR_P47989	xanthine dehydrogenase/oxidase (human)						
done	ignore	HP:0003537	Hypouricemia	An abnormally low level of uric acid in the blood.				Yes	abnormallyDecreasedLevelOfChemicalEntityInBlood	OK	HP:0003537				UBERON:0000178			http://purl.obolibrary.org/obo/CHEBI_27226	uric acid						
to do	ignore	HP:0003538	Increased iduronate sulfatase level	An increased level of iduronate-2-sulfatase activity in the blood.				Yes	abnormallyIncreasedLevelOfChemicalEntityInLocation	Ok	HP:0003538				UBERON:0000178			http://purl.obolibrary.org/obo/PR_000008894	iduronate 2-sulfatase						
done	ignore	HP:0003563	Decreased LDL cholesterol concentration	An decreased concentration of low-density lipoprotein cholesterol in the blood.				Yes	abnormallyDecreasedLevelOfChemicalEntityInBlood	OK	HP:0003563				UBERON:0000178			http://purl.obolibrary.org/obo/CHEBI_47774	low-density lipoprotein cholesterol						
done	ignore	HP:0003568	Decreased glucosephosphate isomerase level	A decreased level of glucose-6-phosphate isomerase.				Yes	abnormallyDecreasedLevelOfChemicalEntityInBlood	OK	HP:0003568				UBERON:0000178			http://purl.obolibrary.org/obo/PR_000008175	glucose-6-phosphate isomerase						
to do	ignore	HP:0003570	Molybdenum cofactor deficiency	Absence of molybdenum cofactor(2-), a cofactor for enzymes including sulfite oxidase, xanthine oxidoreductase, and aldehyde oxidase.				Yes	abnormalAbsenceOfChemicalEntityInLocation	OK	HP:0003570				UBERON:0000178			http://purl.obolibrary.org/obo/CHEBI_60525	molybdenum cofactor(2-)						
to do	ignore	HP:0003571	Propionic acidemia	Increased concentration of proprionic acid in the blood circulation.				Yes	abnormallyIncreasedLevelOfChemicalEntityInLocation	Ok	HP:0003571				UBERON:0000178										
done	ignore	HP:0003572	Low plasma citrulline	A decreased concentration of citrulline in the blood.				Yes	abnormallyDecreasedLevelOfChemicalEntityInBlood	OK	HP:0003572				UBERON:0000178			http://purl.obolibrary.org/obo/CHEBI_18211	citrulline						
to do	ignore	HP:0003573	Increased total bilirubin	Increased concentration of total (conjugated and unconjugated) bilirubin in the blood.				Yes	abnormallyIncreasedLevelOfChemicalEntityInLocation	Ok	HP:0003573				UBERON:0000178										
to do	ignore	HP:0003612	Positive ferric chloride test	If positive, the ferric chloride test indicates an increased concentration of phenols in the urine or blood.				Yes	abnormallyIncreasedLevelOfChemicalEntity	OK	HP:0003612				UBERON:0000178									Not sure this is in the correct place in hierarchy	
to do	ignore	HP:0003637	Reduced 4-Hydroxyphenylpyruvate dioxygenase level	An abnormal reduction in 4-hydroxyphenylpyruvate dioxygenase level.				Yes	abnormallyDecreasedLevelOfChemicalEntityInLocation	OK	HP:0003637				UBERON:0000178			http://purl.obolibrary.org/obo/PR_P32754	4-hydroxyphenylpyruvate dioxygenase (human)						
to do	ignore	HP:0003643	Sulfite oxidase deficiency	Abnormally reduced sulfite oxidase level.				Yes	abnormallyDecreasedLevelOfChemicalEntityInLocation	OK	HP:0003643				UBERON:0000178										
to do	ignore	HP:0003649	Abnormality of glycoside metabolism	Abnormality of glycoside metabolism.				Yes	process	OK	HP:0003649				UBERON:0000178										
to do	ignore	HP:0003654	Reduced dihydropyrimidine dehydrogenase level	An abnormal reduction in dihydropyrimidine dehydrogenase (NADP+) level.				Yes	abnormallyDecreasedLevelOfChemicalEntityInLocation	OK	HP:0003654				UBERON:0000178			http://purl.obolibrary.org/obo/PR_Q12882	dihydropyrimidine dehydrogenase [NADP(+)] (human)						
to do	ignore	HP:0003655	Reduced level of N-acetylglucosaminyltransferase II	An abnormality of glycoprotein metabolism related to a decreased level of alpha-1,6-mannosylglycoprotein 2-beta-N-acetylglucosaminyltransferase activity.				Yes	abnormallyDecreasedLevelOfChemicalEntityInLocation	OK	HP:0003655				UBERON:0000178			http://purl.obolibrary.org/obo/PR_Q10469	alpha-1,6-mannosyl-glycoprotein 2-beta-N-acetylglucosaminyltransferase (human)						
to do	ignore	HP:0003656	Decreased beta-glucocerebrosidase level	Reduced level of the enzyme beta-glucosidase, an enzyme that catalyzes the hydrolysis of glucosylceramide into ceramide and glucose.				Yes	abnormallyDecreasedLevelOfChemicalEntityInLocation	OK	HP:0003656				UBERON:0000178										
done	ignore	HP:0003658	Hypomethioninemia	A decreased concentration of methionine in the blood.				Yes	abnormallyDecreasedLevelOfChemicalEntityInBlood	OK	HP:0003658				UBERON:0000178			http://purl.obolibrary.org/obo/CHEBI_16811	methionine						
to do	ignore	HP:0004313	Decreased circulating antibody level	An abnormally decreased level of immunoglobulin in blood.				Yes	abnormallyDecreasedLevelOfChemicalEntityInLocation	Ok	HP:0004313				UBERON:0000178										
to do	ignore	HP:0004315	Decreased circulating IgG level	An abnormally decreased level of immunoglobulin G (IgG) in blood.				Yes	abnormallyDecreasedLevelOfChemicalEntityInLocation	Ok	HP:0004315				UBERON:0000178										
to do	ignore	HP:0004338	Abnormal circulating aromatic amino acid concentration	Any deviation from the normal concentration of a aromatic amino acid in the blood circulation.				Yes	abnormalLevelOfChemicalEntityInLocation	Ok	HP:0004338				UBERON:0000178	http://purl.obolibrary.org/obo/GO_0009072	aromatic amino acid metabolic process								
to do	ignore	HP:0004339	Abnormal circulating sulfur amino acid concentration	Any deviation from the normal concentration of a sulfur amino acid in the blood circulation.				Yes	abnormalLevelOfChemicalEntityInLocation	Ok	HP:0004339				UBERON:0000178	http://purl.obolibrary.org/obo/GO_0000096	sulfur amino acid metabolic process								
to do	ignore	HP:0004353	Abnormal circulating pyrimidine concentration	Any deviation from the normal concentration of a pyrimidine in the blood circulation.				Yes	abnormalLevelOfChemicalEntityInLocation	OK	HP:0004353				UBERON:0000178	http://purl.obolibrary.org/obo/GO_0006206	pyrimidine nucleobase metabolic process								
to do	ignore	HP:0004354	Abnormal circulating carboxylic acid concentration	Any deviation from the normal concentration of a carboxylic acid in the blood circulation.				Yes	abnormalLevelOfChemicalEntityInLocation	OK	HP:0004354				UBERON:0000178	http://purl.obolibrary.org/obo/GO_0019752	carboxylic acid metabolic process								
to do	ignore	HP:0004357	Abnormal circulating leucine concentration	Any deviation from the normal circulation of leucine in the blood circulation.				Yes	abnormalLevelOfChemicalEntityInLocation	OK	HP:0004357				UBERON:0000178	http://purl.obolibrary.org/obo/GO_0006551	leucine metabolic process								
to do	ignore	HP:0004358	Abnormality of superoxide metabolism					Yes	process	OK	HP:0004358				UBERON:0000178	http://purl.obolibrary.org/obo/GO_0006801	superoxide metabolic process								
to do	ignore	HP:0004359	Abnormal circulating fatty-acid concentration	A deviation from the normal concentration of a fatty acid in the blood circulation.				Yes	abnormalLevelOfChemicalEntityInLocation	OK	HP:0004359				UBERON:0000178	http://purl.obolibrary.org/obo/GO_0006631	fatty acid metabolic process								
done	ignore	HP:0004361	Abnormal circulating leptin concentration	An abnormal concentration of leptin in the blood.				Yes	abnormalLevelOfChemicalEntityInBlood	OK	HP:0004361				UBERON:0000178			http://purl.obolibrary.org/obo/PR_000009758	leptin						
to do	ignore	HP:0004363	Abnormal circulating calcium concentration	Any deviation from the normal concentration of calcium in the blood circulation.				Yes	abnormalLevelOfChemicalEntityInLocation	OK	HP:0004363				UBERON:0000178	http://purl.obolibrary.org/obo/GO_0055074	calcium ion homeostasis								
to do	ignore	HP:0004364	Abnormal circulating nitrogen compound concentration	Any deviation from the normal concentration of a nitrogen compound in the blood circulation.				Yes	abnormalLevelOfChemicalEntityInLocation	OK	HP:0004364				UBERON:0000178			http://purl.obolibrary.org/obo/CHEBI_51143	nitrogen molecular entity						
to do	ignore	HP:0004365	Abnormal circulating tryptophan concentration	Any deviation from the normal concentration of tryptophan in the blood circulation.				Yes	abnormalLevelOfChemicalEntityInLocation	OK	HP:0004365				UBERON:0000178	http://purl.obolibrary.org/obo/GO_0006568	tryptophan metabolic process								
to do	ignore	HP:0004366	Abnormality of glycolysis	An abnormality of glycolysis.				Yes	process	? glycolysis is process	HP:0004366				UBERON:0000178									Change label, definition. 	
to do	ignore	HP:0004379	Abnormality of alkaline phosphatase level	An abnormality of alkaline phosphatase level.				Yes	abnormalLevelOfChemicalEntityInLocation	OK	HP:0004379				UBERON:0000178			http://purl.obolibrary.org/obo/PR_000003968	alkaline phosphatase, tissue-nonspecific isozyme						
to do	ignore	HP:0004432	Agammaglobulinemia	A lasting absence of total IgG and total IgA and total IgM in the blood circulation, whereby at most trace quantities can be measured.				Yes	abnormallyDecreasedLevelOfChemicalEntityInLocation	Ok	HP:0004432				UBERON:0000178										
to do	ignore	HP:0004434	Decreased circulating complement C8 concentration	Concentration of the complement component C8 in the blood circulation below the lower limit of normal.				Yes	abnormallyDecreasedLevelOfChemicalEntityInLocation	Ok	HP:0004434				UBERON:0000178										
to do	next	HP:0004639	Elevated amniotic fluid alpha-fetoprotein	An elevation of alpha-feto protein measured in the amniotic fluid.				Yes	abnormallyIncreasedLevelOfChemicalEntityInLocation	Ok	HP:0004639				UBERON:0000178			http://purl.obolibrary.org/obo/PR_P02771  	alpha-fetoprotein					HP:0004639 refers to increased level of alpha-fetoprotein in the amniotic fluid, not in the blood. 	5
done	ignore	HP:0004905	Reduced circulating vitamin A concentration	Concentration of vitamin A below the lower limit of normal in the blood circulation.				Yes	abnormallyDecreasedLevelOfChemicalEntityInBlood	Ok	HP:0004905				UBERON:0000178			http://purl.obolibrary.org/obo/CHEBI_12777	vitamin A						
to do	ignore	HP:0004914	Recurrent infantile hypoglycemia	Recurrent episodes of decreased concentration of glucose in the blood occurring during the infantile period.				Yes	modifier	Ok	HP:0004914				UBERON:0000178										
to do	ignore	HP:0004920	Phenylpyruvic acidemia					Yes	abnormallyIncreasedLevelOfChemicalEntityInLocation	Ok	HP:0004920				UBERON:0000178										
to do	ignore	HP:0004921	Abnormal magnesium concentration	An abnormality of magnesium ion homeostasis.				Yes	abnormalLevelOfChemicalEntityInLocation	OK	HP:0004921				UBERON:0000178										
to do	ignore	HP:0004922	Atypical hyperphenylalaninemia					Yes	modifier	Ok	HP:0004922				UBERON:0000178										
done	ignore	HP:0004923	Hyperphenylalaninemia	An increased concentration of L-phenylalanine in the blood.				Yes	abnormallyIncreasedLevelOfChemicalEntityInBlood	OK	HP:0004923				UBERON:0000178			http://purl.obolibrary.org/obo/CHEBI_28044	phenylalanine						
to do	ignore	HP:0005356	Decreased circulating complement factor I concentration	Concentration of the complement component factor I in the blood circulation below the lower limit of normal.				Yes	abnormallyDecreasedLevelOfChemicalEntityInLocation	Ok	HP:0005356				UBERON:0000178										
to do	ignore	HP:0005369	Decreased circulating complement factor H concentration	Concentration of the complement component factor H in the blood circulation below the lower limit of normal.				Yes	abnormallyDecreasedLevelOfChemicalEntityInLocation	Ok	HP:0005369				UBERON:0000178										
to do	next	HP:0005413	Increased alpha-globulin	An abnormally increased level of circulating alpha-globulin. Alpha globulins are a group of serum proteins defined by their mobility on serum electrophoresis. The alpha1-protein fraction is comprised of alpha1-antitrypsin, thyroid-binding globulin, and transcortin. Ceruloplasmin, alpha2-macroglobulin, and haptoglobin contribute to the alpha2-protein band. The alpha2 component is increased as an acute-phase reactant.	Elevated circulating alpha-globulin concentration	The concentration of alpha-globulin in the blood circulation is above the upper limit of normal.	The old definition is very comprehensive and detailed, from my point of view too detailed (summary, standardization?). 	Yes	abnormallyIncreasedLevelOfChemicalEntityInBlood	OK	HP:0005413				UBERON:0000178			Not found  						No coherent group, generally not existing in ontologies (Nico).	8
to do	ignore	HP:0005416	Decreased circulating complement factor B concentration	Concentration of the complement component factor B in the blood circulation below the lower limit of normal.				Yes	abnormallyDecreasedLevelOfChemicalEntityInLocation	Ok	HP:0005416				UBERON:0000178										
to do	ignore	HP:0005421	Decreased circulating complement C3 concentration	Concentration of the complement component C3 in the blood circulation below the lower limit of normal.				Yes	abnormallyDecreasedLevelOfChemicalEntityInLocation	Ok	HP:0005421				UBERON:0000178										
to do	ignore	HP:0005432	Transient hypogammaglobulinemia of infancy	At birth, newborns are endowed with maternal antibodies. IgG production normally begins at the age of two months. A delay in recovery from this physiological hypogammaglobulinemia between the 3rd and the 6th month of life, and of recovery period between 18 and 36 months defines transient newborn hypogammaglobulinemia.				Yes	modifier	Ok	HP:0005432				UBERON:0000178										
to do	ignore	HP:0005479	Decreased circulating IgE	An abnormally decreased level of immunoglobulin E (IgE) in blood.				Yes	abnormallyDecreasedLevelOfChemicalEntityInLocation	Ok	HP:0005479				UBERON:0000178										
to do	next	HP:0005559	Abnormality of the kinin-kallikrein system	[definition missing] 			THIS WAS CHANGED MANUALLY	Yes	None of the above	? Process	HP:0005559				UBERON:0000178			Not found  						Need text definition (please consider the distinction between plasma kallikrein-kinin system in the blood and local tissue kallikrein-kinin systems).  Kinins = group of proteins including bradykinin, kininogen, kallidin Kallikreins =  group of proteolytic enzymes that are primarily responsible for the formation of kinins.  PR:  - http://purl.obolibrary.org/obo/CHEBI_3165 Bradykinin [subclass] - http://purl.obolibrary.org/obo/PR_P03952 plasma kallikrein (human) [subclass]  Regarding kallikrein-kinin system see e.g. PMID:38381277.	14
done	ignore	HP:0005961	Hypoargininemia	A decreased concentration of arginine in the blood.				Yes	abnormallyDecreasedLevelOfChemicalEntityInBlood	OK	HP:0005961				UBERON:0000178			http://purl.obolibrary.org/obo/CHEBI_29016	arginine						
to do	ignore	HP:0005982	Reduced phenylalanine hydroxylase level	A reduction in phenylalanine 4-monooxygenase level.				Yes	abnormallyDecreasedLevelOfChemicalEntityInLocation	OK	HP:0005982				UBERON:0000178			http://purl.obolibrary.org/obo/PR_000012234	phenylalanine-4-hydroxylase						
done	next	HP:0006254	Elevated circulating alpha-fetoprotein concentration	Concentration of alpha-fetoprotein in the blood circulation above the upper limit of normal.				Yes	abnormallyIncreasedLevelOfChemicalEntityInBlood	OK	HP:0006254				UBERON:0000178			http://purl.obolibrary.org/obo/PR_P02771	alpha-fetoprotein (human)					Selected human specific; species neutral term exists (http://purl.obolibrary.org/obo/PR_000003809).	3
to do	ignore	HP:0008150	Elevated serum transaminases during infections	Elevations of the levels of SGOT (serum glutamic oxaloacetic transaminase) and SGPT (serum glutamic pyruvic transaminase) that occur during infections.				Yes	modifier	Ok	HP:0008150				UBERON:0000178										
to do	ignore	HP:0008158	Hyperapobetalipoproteinemia	Hyperapobetalipoproteinemia is defined as the combination of a normal low density lipoprotein (LDL) cholesterol in the face of an increased LDL apolipoprotein B (apoB) protein.				Yes	combination_phenotype	OK	HP:0008158				UBERON:0000178										
to do	ignore	HP:0008162	Asymptomatic hyperammonemia	An increased concentration of ammonia in the blood not associated with symptoms such as encephalopathy.				Yes	modifier	Ok	HP:0008162				UBERON:0000178										
done	ignore	HP:0008163	Decreased circulating cortisol level	Abnormally reduced concentration of cortisol in the blood.				Yes	abnormallyDecreasedLevelOfChemicalEntityInBlood	Ok	HP:0008163				UBERON:0000178			http://purl.obolibrary.org/obo/CHEBI_17650	cortisol						
to do	next	HP:0008180	Mildly elevated creatine kinase					Yes	modifier	Ok	HP:0008180				UBERON:0000178			http://purl.obolibrary.org/obo/PR_000050097	creatine kinase						1
to do	ignore	HP:0008181	Abetalipoproteinemia	An absence of low-density lipoprotein cholesterol in the blood.				Yes	abnormalAbsenceOfChemicalEntityInLocation	Ok	HP:0008181				UBERON:0000178			http://purl.obolibrary.org/obo/CHEBI_39026	low-density lipoprotein						
to do	ignore	HP:0008202	Reduced circulating prolactin concentration	A reduced level of prolactin in the blood circulation. Prolactin is a protein hormone that is secreted by lactotrophs in the anterior pituitary and that stimulates mammary gland development and milk production.				Yes	abnormallyDecreasedLevelOfChemicalEntityInLocation	Ok	HP:0008202				UBERON:0000178										
to do	ignore	HP:0008232	Elevated circulating follicle stimulating hormone level	An elevated concentration of follicle-stimulating hormone in the blood.				Yes	abnormallyIncreasedLevelOfChemicalEntityInLocation	OK	HP:0008232				UBERON:0000178										
done	ignore	HP:0008233	Decreased circulating progesterone	An reduced concentration of progesterone in the blood.				Yes	abnormallyDecreasedLevelOfChemicalEntityInBlood	OK	HP:0008233				UBERON:0000178			http://purl.obolibrary.org/obo/CHEBI_17026	progesterone						
to do	ignore	HP:0008277	Abnormal blood zinc concentration	An abnormality of zinc ion homeostasis.				Yes	abnormalLevelOfChemicalEntityInLocation	OK	HP:0008277				UBERON:0000178										
to do	ignore	HP:0008279	Transient hyperlipidemia					Yes	modifier	OK	HP:0008279				UBERON:0000178										
to do	ignore	HP:0008281	Acute hyperammonemia	An increased concentration of ammonia in the blood with sudden onset.				Yes	modifier	Ok	HP:0008281				UBERON:0000178										
to do	ignore	HP:0008283	Fasting hyperinsulinemia	An increased concentration of insulin in the blood in the fasting state, i.e., not as the response to food intake.				Yes	modifier	OK	HP:0008283				UBERON:0000178										
to do	ignore	HP:0008285	Transient hypophosphatemia					Yes	modifier	OK	HP:0008285				UBERON:0000178										
to do	ignore	HP:0008288	Nonketotic hyperglycinemia					Yes	modifier	OK	HP:0008288				UBERON:0000178										
to do	ignore	HP:0008290	Partial complement factor H deficiency	A partial reduction in level of the complement component Factor H in circulation.				Yes	abnormallyDecreasedLevelOfChemicalEntityInLocation	Ok	HP:0008290				UBERON:0000178										
to do	ignore	HP:0008297	Transient hyperphenylalaninemia	A condition of not having consistently high levels of phenylalanine in the blood but of experiencing temporary hyperphenylalaninemia following ingestion of large quantities of phenylalanine (for instance, following an oral loading test with phenylalanine).				Yes	modifier	OK	HP:0008297				UBERON:0000178										
to do	ignore	HP:0008315	Decreased plasma free carnitine	A decreased concentration of free (unbound) carnitine in the blood.				Yes	abnormallyDecreasedLevelOfChemicalEntityInLocation	Ok	HP:0008315				UBERON:0000178										
to do	ignore	HP:0008318	Elevated leukocyte alkaline phosphatase	Increased alkaline phosphatase measured within leukocytes.				Yes	abnormallyIncreasedLevelOfChemicalEntityInLocation	Ok	HP:0008318				UBERON:0000178										
to do	ignore	HP:0008326	Reduced circulating vitamin B6 circulating	An abnormally decreased concentration of vitamin B6 in the blood circulation.				Yes	abnormallyDecreasedLevelOfChemicalEntityInLocation	Ok	HP:0008326				UBERON:0000178										
to do	next	HP:0008331	Elevated creatine kinase after exercise					Yes	modifier	Ok	HP:0008331				UBERON:0000178			http://purl.obolibrary.org/obo/PR_000050097	creatine kinase						1
to do	ignore	HP:0008338	Partial functional complement factor D deficiency	A partial reduction in level of the complement component Factor D in circulation.				Yes	modifier	Ok	HP:0008338				UBERON:0000178										
done	ignore	HP:0008344	Elevated circulating branched chain amino acid concentration	Concentration of a branched chain amino acid in the blood above the upper limit of normal.				Yes	abnormallyIncreasedLevelOfChemicalEntityInBlood	OK	HP:0008344				UBERON:0000178			http://purl.obolibrary.org/obo/CHEBI_22918	branched-chain amino acid						
to do	ignore	HP:0008348	Decreased circulating IgG2 level	A reduction in immunoglobulin levels of the IgG2 subclass in the blood circulation.				Yes	abnormallyDecreasedLevelOfChemicalEntityInLocation	Ok	HP:0008348				UBERON:0000178										
done	ignore	HP:0008358	Hyperprolinemia	An increased concentration of proline in the blood.				Yes	abnormallyIncreasedLevelOfChemicalEntityInBlood	OK	HP:0008358				UBERON:0000178			http://purl.obolibrary.org/obo/CHEBI_26271	proline						
to do	next	HP:0008360	Neonatal hypoproteinemia	A neonatal decreased concentration of proteins in the blood.				Yes	modifier	OK	HP:0008360				UBERON:0000178			http://purl.obolibrary.org/obo/CHEBI_36080	protein						1
to do	ignore	HP:0008732	Renal hypophosphatemia	Renal hypophosphatemia is defined as reduced serum phosphate (e.g., below 0.70 mmol/l) and an inappropriately high renal phosphate excretion.				Yes	combination_phenotype	OK	HP:0008732				UBERON:0000178										
to do	ignore	HP:0010472	Abnormal circulating porphyrin concentration	An abnormality in the synthesis or catabolism of heme. Heme is composed of ferrous iron and protoporphyrin IX and is an essential molecule as the prosthetic group of hemeproteins such as hemoglobin, myoglobin, mitochondrial and microsomal cytochromes.				Yes	abnormalLevelOfChemicalEntityInLocation	OK	HP:0010472				UBERON:0000178	http://purl.obolibrary.org/obo/GO_0006783	heme biosynthetic process								
to do	ignore	HP:0010569	Elevated circulating 7-dehydrocholesterol concentration	Concentration of 7-dehydrocholesterol in the blood circulation above the upper limit of normal.				Yes	abnormallyIncreasedLevelOfChemicalEntityInLocation	OK	HP:0010569				UBERON:0000178			http://purl.obolibrary.org/obo/CHEBI_17759	cholesta-5,7-dien-3beta-ol						
done	ignore	HP:0010571	Elevated circulating phytanic acid concentration	An abnormal elevation of phytanic acid.				Yes	abnormallyIncreasedLevelOfChemicalEntityInBlood	OK	HP:0010571				UBERON:0000178			http://purl.obolibrary.org/obo/CHEBI_16285	phytanic acid						
done	ignore	HP:0010679	Elevated tissue non-specific alkaline phosphatase	An abnormally increased level of alkaline phosphatase, tissue-nonspecific isozyme in the blood.				Yes	abnormallyIncreasedLevelOfChemicalEntityInBlood	Ok	HP:0010679				UBERON:0000178			http://purl.obolibrary.org/obo/PR_000003968	alkaline phosphatase, tissue-nonspecific isozyme						
done	ignore	HP:0010681	Elevated intestinal alkaline phosphatase	An abnormally increased level of alkaline phosphatase, intestinal type in the blood.				Yes	abnormallyIncreasedLevelOfChemicalEntityInBlood	Ok	HP:0010681				UBERON:0000178			http://purl.obolibrary.org/obo/PR_000003964	intestinal alkaline phosphatase						
to do	ignore	HP:0010682	Elevated placental alkaline phosphatase	An abnormally increased level of alkaline phosphatase, placental type in the blood.				Yes	abnormallyIncreasedLevelOfChemicalEntityInLocation	Ok	HP:0010682				UBERON:0000178			http://purl.obolibrary.org/obo/PR_000003969	alkaline phosphatase, placental type						
to do	ignore	HP:0010702	Increased circulating antibody level	An increased level of gamma globulin (immunoglobulin) in the blood.				Yes	abnormallyIncreasedLevelOfChemicalEntityInLocation	Ok	HP:0010702				UBERON:0000178										
done	ignore	HP:0010836	Abnormal circulating copper concentration	An abnormal concentration of copper.				Yes	abnormalLevelOfChemicalEntityInBlood	OK	HP:0010836				UBERON:0000178			http://purl.obolibrary.org/obo/CHEBI_28694	copper atom						
done	next	HP:0010837	Decreased circulating ceruloplasmin concentration	Decreased concentration of ceruloplasmin in the blood.				Yes	abnormallyDecreasedLevelOfChemicalEntityInBlood	OK	HP:0010837				UBERON:0000178			http://purl.obolibrary.org/obo/PR_P00450	ceruloplasmin (human)					Selected human specific; species neutral term exists (http://purl.obolibrary.org/obo/PR_000005794).	3
to do	ignore	HP:0010838	High nonceruloplasmin-bound serum copper	An increased concentration of non ceruloplasmin bound copper in the blood.				Yes	abnormallyIncreasedLevelOfChemicalEntityInLocation	OK	HP:0010838				UBERON:0000178										
done	next	HP:0010876	Abnormal circulating protein concentration	An abnormal level of a circulating protein in the blood.				Yes	abnormalLevelOfChemicalEntityInBlood	OK	HP:0010876				UBERON:0000178			http://purl.obolibrary.org/obo/CHEBI_36080	protein						2
to do	ignore	HP:0010892	Abnormal circulating branched chain amino acid concentration	Any deviation from the normal concentration of a branched chain family amino acid in the blood circulation.				Yes	abnormalLevelOfChemicalEntityInLocation	Ok	HP:0010892				UBERON:0000178	http://purl.obolibrary.org/obo/GO_0009081	branched-chain amino acid metabolic process								
to do	ignore	HP:0010893	Abnormal circulating phenylalanine concentration	Any deviation from the normal concentration of phenylalanine in the blood circulation.				Yes	abnormalLevelOfChemicalEntityInLocation	OK	HP:0010893				UBERON:0000178	http://purl.obolibrary.org/obo/GO_0006558	L-phenylalanine metabolic process								
to do	ignore	HP:0010894	Abnormal circulating serine family amino acid concentration	Any deviation from the normal concentration of a serine family amino acid in the blood circulation.				Yes	abnormalLevelOfChemicalEntityInLocation	Ok	HP:0010894				UBERON:0000178	http://purl.obolibrary.org/obo/GO_0009069	serine family amino acid metabolic process								
to do	ignore	HP:0010895	Abnormal circulating glycine concentration	Any deviation from the normal concentration of glycine in the blood circulation.				Yes	abnormalLevelOfChemicalEntityInLocation	Ok	HP:0010895				UBERON:0000178	http://purl.obolibrary.org/obo/GO_0006544	glycine metabolic process								
done	ignore	HP:0010896	Hypersarcosinemia	An elevated plasma concentration of sarcosine.				Yes	abnormallyIncreasedLevelOfChemicalEntityInBlood	Ok	HP:0010896				UBERON:0000178			http://purl.obolibrary.org/obo/CHEBI_15611	sarcosine						
to do	ignore	HP:0010898	Abnormal circulating sarcosine concentration	An deviation from the normal concentration of sarcosine in the blood circulation.				Yes	abnormalLevelOfChemicalEntityInLocation	Ok	HP:0010898				UBERON:0000178	http://purl.obolibrary.org/obo/GO_1901052	sarcosine metabolic process								
to do	ignore	HP:0010899	Abnormal circulating aspartate family amino acid concentration	Any deviation from the normal concentration of an aspartate family amino acid in the blood circulation.				Yes	abnormalLevelOfChemicalEntityInLocation	Ok	HP:0010899				UBERON:0000178	http://purl.obolibrary.org/obo/GO_0009066	aspartate family amino acid metabolic process								
to do	ignore	HP:0010900	Abnormal circulating threonine concentration	Any deviation from the normal concentration of threonine in the blood circulation.				Yes	abnormalLevelOfChemicalEntityInLocation	OK	HP:0010900				UBERON:0000178	http://purl.obolibrary.org/obo/GO_0006566	threonine metabolic process								
to do	ignore	HP:0010901	Abnormal circulating methionine concentration	Any deviation from the normal concentration of methionine in the blood circulation.				Yes	abnormalLevelOfChemicalEntityInLocation	Ok	HP:0010901				UBERON:0000178	http://purl.obolibrary.org/obo/GO_0006555	methionine metabolic process								
to do	ignore	HP:0010902	Abnormal circulating glutamine family amino acid concentration	Any deviation from the normal concentration of a glutamine family amino acid in the blood circulation.				Yes	abnormalLevelOfChemicalEntityInLocation	Ok	HP:0010902				UBERON:0000178	http://purl.obolibrary.org/obo/GO_0009064	glutamine family amino acid metabolic process								
to do	ignore	HP:0010903	Abnormal circulating glutamine concentration	Any deviation from the normal concentration of glutamine in the blood circulation.				Yes	abnormalLevelOfChemicalEntityInLocation	OK	HP:0010903				UBERON:0000178	http://purl.obolibrary.org/obo/GO_0006541	glutamine metabolic process								
to do	ignore	HP:0010904	Abnormal circulating histidine concentration	An abnormality of a histidine metabolic process.				Yes	abnormalLevelOfChemicalEntityInLocation	Ok	HP:0010904				UBERON:0000178	http://purl.obolibrary.org/obo/GO_0006547	histidine metabolic process								
done	ignore	HP:0010906	Hyperhistidinemia	An increased concentration of histidine in the blood.				Yes	abnormallyIncreasedLevelOfChemicalEntityInBlood	OK	HP:0010906				UBERON:0000178			http://purl.obolibrary.org/obo/CHEBI_27570	histidine						
to do	ignore	HP:0010907	Abnormal circulating proline concentration	Any deviation from the normal concentration of proline or a proline metabolite in the blood circulation.				Yes	abnormalLevelOfChemicalEntityInLocation	OK	HP:0010907				UBERON:0000178	http://purl.obolibrary.org/obo/GO_0006560	proline metabolic process								
to do	ignore	HP:0010908	Abnormal circulating lysine concentration	Any deviation from the normal concentration of lysine in the blood circulation.				Yes	abnormalLevelOfChemicalEntityInLocation	OK	HP:0010908				UBERON:0000178	http://purl.obolibrary.org/obo/GO_0006553	lysine metabolic process								
to do	ignore	HP:0010909	Abnormal circulating arginine concentration	Any deviation from the normal concentration of arginine in the blood circulation.				Yes	abnormalLevelOfChemicalEntityInLocation	OK	HP:0010909				UBERON:0000178	http://purl.obolibrary.org/obo/GO_0006525	arginine metabolic process								
done	ignore	HP:0010910	Hypervalinemia	An increased concentration of valine in the blood.				Yes	abnormallyIncreasedLevelOfChemicalEntityInBlood	Ok	HP:0010910				UBERON:0000178			http://purl.obolibrary.org/obo/CHEBI_27266	valine						
done	ignore	HP:0010911	Hyperleucinemia	An increased concentration of leucine in the blood.				Yes	abnormallyIncreasedLevelOfChemicalEntityInBlood	OK	HP:0010911				UBERON:0000178			http://purl.obolibrary.org/obo/CHEBI_25017	leucine						
to do	ignore	HP:0010912	Abnormal circulating isoleucine concentration	Any deviation from the normal concentration of isoleucine in the blood circulation.				Yes	abnormalLevelOfChemicalEntityInLocation	OK	HP:0010912				UBERON:0000178	http://purl.obolibrary.org/obo/GO_0006549	isoleucine metabolic process								
done	ignore	HP:0010913	Hyperisoleucinemia	An increased concentration of isoleucine in the blood.				Yes	abnormallyIncreasedLevelOfChemicalEntityInBlood	OK	HP:0010913				UBERON:0000178			http://purl.obolibrary.org/obo/CHEBI_24898	isoleucine						
to do	ignore	HP:0010914	Abnormal circulating valine concentration	Any deviation from the normal circulation of valine in the blood circulation.				Yes	abnormalLevelOfChemicalEntityInLocation	OK	HP:0010914				UBERON:0000178	http://purl.obolibrary.org/obo/GO_0006573	valine metabolic process								
done	ignore	HP:0010915	Abnormal circulating pyruvate family amino acid concentration	An abnormality of a pyruvate family amino acid metabolic process.				Yes	abnormalLevelOfChemicalEntityInBlood	Ok	HP:0010915				UBERON:0000178			http://purl.obolibrary.org/obo/CHEBI_26463	pyruvate family amino acid						
done	ignore	HP:0010916	Abnormal circulating alanine concentration	An abnormality of an alanine metabolic process.				Yes	abnormalLevelOfChemicalEntityInBlood	Ok	HP:0010916				UBERON:0000178			http://purl.obolibrary.org/obo/CHEBI_16449	alanine						
to do	ignore	HP:0010917	Abnormal circulating tyrosine concentration	Any deviation from the normal concentration of tyrosine in the blood circulation.				Yes	abnormalLevelOfChemicalEntityInLocation	OK	HP:0010917				UBERON:0000178	http://purl.obolibrary.org/obo/GO_0006570	tyrosine metabolic process								
to do	ignore	HP:0010918	Abnormal circulating cysteine concentration	An abnormality of a cysteine metabolic process.				Yes	abnormalLevelOfChemicalEntityInLocation	Ok	HP:0010918				UBERON:0000178	http://purl.obolibrary.org/obo/GO_0006534	cysteine metabolic process								
to do	ignore	HP:0010919	Abnormal circulating homocysteine concentration	An abnormality of a homocysteine metabolic process.				Yes	abnormalLevelOfChemicalEntityInLocation	Ok	HP:0010919				UBERON:0000178	http://purl.obolibrary.org/obo/GO_0050667	homocysteine metabolic process								
to do	ignore	HP:0010927	Abnormal blood inorganic cation concentration	An abnormality of divalent inorganic cation homeostasis.				Yes	abnormalLevelOfChemicalEntityInLocation	OK	HP:0010927				UBERON:0000178										
to do	ignore	HP:0010929	Abnormal blood cation concentration	An abnormality of cation homeostasis.				Yes	abnormalLevelOfChemicalEntityInLocation	OK	HP:0010929				UBERON:0000178	http://purl.obolibrary.org/obo/CHEBI_36916	cation								
to do	ignore	HP:0010930	Abnormal blood monovalent inorganic cation concentration	An abnormality of monovalent inorganic cation homeostasis.				Yes	abnormalLevelOfChemicalEntityInLocation	OK	HP:0010930				UBERON:0000178										
to do	ignore	HP:0010931	Abnormal blood sodium concentration	An abnormal concentration of sodium.				Yes	abnormalLevelOfChemicalEntityInLocation	OK	HP:0010931				UBERON:0000178			http://purl.obolibrary.org/obo/CHEBI_29101	sodium(1+)						
to do	ignore	HP:0010932	Abnormal circulating nucleobase concentration	An abnormality of a nucleobase metabolic process.				Yes	abnormalLevelOfChemicalEntityInLocation	OK	HP:0010932				UBERON:0000178	http://purl.obolibrary.org/obo/GO_0009112	nucleobase metabolic process								
to do	ignore	HP:0010933	Hyperxanthinemia	An increased level of xanthine in the blood circulation.				Yes	abnormallyIncreasedLevelOfChemicalEntityInLocation	OK	HP:0010933				UBERON:0000178	http://purl.obolibrary.org/obo/GO_0046110	xanthine metabolic process								
to do	ignore	HP:0010964	Abnormal circulating long-chain fatty-acid concentration	Any deviation from the normal concentration of a long-chain fatty acid in the blood circulation.				Yes	abnormalLevelOfChemicalEntityInLocation	OK	HP:0010964				UBERON:0000178	http://purl.obolibrary.org/obo/GO_0001676	long-chain fatty acid metabolic process								
to do	ignore	HP:0010965	Abnormal circulating phytanic acid concentration	Any deviation from the normal concentration of phytanic acid in the blood circulation.				Yes	abnormalLevelOfChemicalEntityInLocation	OK	HP:0010965				UBERON:0000178										
done	ignore	HP:0010966	Abnormal circulating fatty-acid anion concentration	Any deviation from the normal concentration of a fatty acid anion in the blood circulation.				Yes	abnormalLevelOfChemicalEntityInBlood	OK	HP:0010966				UBERON:0000178			http://purl.obolibrary.org/obo/CHEBI_28868	fatty acid anion						
done	ignore	HP:0010967	Abnormal circulating carnitine concentration	Any deviation from the normal concentration of carnitine in the blood circulation.				Yes	abnormalLevelOfChemicalEntityInBlood	OK	HP:0010967				UBERON:0000178	http://purl.obolibrary.org/obo/GO_0009437	carnitine metabolic process	http://purl.obolibrary.org/obo/CHEBI_17126	carnitine						
done	ignore	HP:0010979	Abnormality of lipoprotein cholesterol concentration	An abnormal increase or decrease in the level of lipoprotein cholesterol in the blood.				Yes	abnormalLevelOfChemicalEntityInBlood	OK	HP:0010979				UBERON:0000178			http://purl.obolibrary.org/obo/CHEBI_50404	lipoprotein cholesterol						
done	ignore	HP:0010980	Hyperlipoproteinemia	An abnormal increase in the level of lipoprotein cholesterol in the blood.				Yes	abnormallyIncreasedLevelOfChemicalEntityInBlood	Ok	HP:0010980				UBERON:0000178			http://purl.obolibrary.org/obo/CHEBI_50404	lipoprotein cholesterol						
done	ignore	HP:0010981	Hypolipoproteinemia	An abnormal decrease in the level of lipoprotein cholesterol in the blood.				Yes	abnormallyDecreasedLevelOfChemicalEntityInBlood	Ok	HP:0010981				UBERON:0000178			http://purl.obolibrary.org/obo/CHEBI_50404	lipoprotein cholesterol						
to do	ignore	HP:0010995	Abnormal circulating dicarboxylic acid concentration	Any deviation from the normal concentration of a dicarboxylic acid in the blood circulation.				Yes	abnormalLevelOfChemicalEntityInLocation	OK	HP:0010995				UBERON:0000178	http://purl.obolibrary.org/obo/GO_0043648	dicarboxylic acid metabolic process								
done	ignore	HP:0010996	Abnormal circulating monocarboxylic acid concentration	Any deviation from the normal concentration of a monocarboxylic acid in the blood circulation.				Yes	abnormalLevelOfChemicalEntityInBlood	OK	HP:0010996				UBERON:0000178	http://purl.obolibrary.org/obo/GO_0032787	monocarboxylic acid metabolic process	http://purl.obolibrary.org/obo/CHEBI_25384	monocarboxylic acid						
to do	ignore	HP:0011012	Abnormal circulating polysaccharide concentration	A deviation from the normal concentration of a polysaccharide in the blood circulation.				Yes	abnormalLevelOfChemicalEntityInLocation	OK	HP:0011012				UBERON:0000178	http://purl.obolibrary.org/obo/GO_0005976	polysaccharide metabolic process								
to do	ignore	HP:0011013	Abnormal circulating carbohydrate concentration	A deviation from the normal concentration of a carbohydrate in the blood circulation.				Yes	abnormalLevelOfChemicalEntityInLocation	OK	HP:0011013				UBERON:0000178	http://purl.obolibrary.org/obo/GO_0005975	carbohydrate metabolic process								
to do	next	HP:0011021	Abnormal circulating enzyme concentration	The concentration or activity of an enzyme in the blood circulation is outside of the limits of the normal range.	Abnormal circulating enzyme concentration  	Any deviation from the normal concentration of an enzyme in the blood circulation.		Yes	abnormalLevelOfChemicalEntityInBlood	OK	HP:0011021				UBERON:0000178			Not found						[Blood enzymes = a group of catalytic proteins that circulate in the blood.]	7
to do	ignore	HP:0011022	Abnormal circulating unsaturated fatty acid concentration	A deviation from the normal concentration of an unsaturated fatty acid in the blood circulation.				Yes	abnormalLevelOfChemicalEntityInLocation	OK	HP:0011022				UBERON:0000178	http://purl.obolibrary.org/obo/GO_0033559	unsaturated fatty acid metabolic process								
to do	ignore	HP:0011023	Abnormal circulating prostaglandin circulation	Any deviation from the normal concentration of a prostaglandin in the blood circulation.				Yes	abnormalLevelOfChemicalEntityInLocation	OK	HP:0011023				UBERON:0000178	http://purl.obolibrary.org/obo/GO_0006693	prostaglandin metabolic process								
done	ignore	HP:0011030	Abnormal blood transition element cation concentration	An abnormality of the homeostasis (concentration) of transition element cation.				Yes	abnormalLevelOfChemicalEntityInBlood	OK	HP:0011030				UBERON:0000178			http://purl.obolibrary.org/obo/CHEBI_33515	transition element cation						
to do	ignore	HP:0011031	Abnormality of iron homeostasis	An abnormality of the homeostasis (concentration) of iron cation.				Yes	abnormalLevelOfChemicalEntityInLocation	OK	HP:0011031				UBERON:0000178			http://purl.obolibrary.org/obo/CHEBI_18248	iron atom						
to do	ignore	HP:0011042	Abnormal blood potassium concentration	An abnormal concentration of potassium.				Yes	abnormalLevelOfChemicalEntityInLocation	OK	HP:0011042				UBERON:0000178			http://purl.obolibrary.org/obo/CHEBI_26216	potassium atom						
to do	ignore	HP:0011043	Abnormal circulating adrenocorticotropin concentration	An abnormal concentration of corticotropin in the blood.				Yes	abnormalLevelOfChemicalEntityInLocation	OK	HP:0011043				UBERON:0000178			http://purl.obolibrary.org/obo/CHEBI_3892	corticotropin						
to do	ignore	HP:0011115	Abnormal circulating chemokine concentration	An abnormality in the production or cellular release of a chemokine (a class of cytokines).				Yes	abnormalLevelOfChemicalEntityInLocation	OK	HP:0011115				UBERON:0000178	http://purl.obolibrary.org/obo/GO_0032602	chemokine production								
to do	ignore	HP:0011116	Abnormal circulating interferon concentration	The concentration of an interferon is outside the limits of normal.				Yes	abnormalLevelOfChemicalEntityInLocation	OK	HP:0011116				UBERON:0000178										
to do	ignore	HP:0011117	Abnormal circulating interleukin concentration	The concentration of an interleukin (a class of cytokines) is outside the limits of normal.				Yes	abnormalLevelOfChemicalEntityInLocation	OK	HP:0011117				UBERON:0000178										
done	next	HP:0011227	Elevated circulating C-reactive protein concentration	An abnormal elevation of the C-reactive protein level in the blood circulation.				Yes	abnormallyIncreasedLevelOfChemicalEntityInBlood	OK	HP:0011227				UBERON:0000178			http://purl.obolibrary.org/obo/PR_P02741	C-reactive protein (human)					Selected human specific; species neutral term exists (http://purl.obolibrary.org/obo/PR_000013275).	2
to do	ignore	HP:0011422	Abnormal blood chloride concentration	An abnormality of chloride homeostasis or concentration in the body.				Yes	abnormalLevelOfChemicalEntityInLocation	OK	HP:0011422				UBERON:0000178	http://purl.obolibrary.org/obo/GO_0055064	chloride ion homeostasis								
done	ignore	HP:0011423	Hyperchloremia	An abnormally increased chloride concentration in the blood.				Yes	abnormallyIncreasedLevelOfChemicalEntityInBlood	OK	HP:0011423				UBERON:0000178			http://purl.obolibrary.org/obo/CHEBI_17996	chloride						
done	ignore	HP:0011424	Increased serum zinc	An increased consentration of zinc in the blood.				Yes	abnormallyIncreasedLevelOfChemicalEntityInBlood	OK	HP:0011424				UBERON:0000178			http://purl.obolibrary.org/obo/CHEBI_27363	zinc atom						
done	ignore	HP:0011731	Abnormality of circulating cortisol level	An abnormality of the concentration of cortisol in the blood.				Yes	abnormalLevelOfChemicalEntityInBlood	Ok	HP:0011731				UBERON:0000178			http://purl.obolibrary.org/obo/CHEBI_17650	cortisol						
to do	ignore	HP:0011744	Secondary hypercortisolism	Hypercortisolemia associated with a overproduction of ACTH (often from a tumor), leading secondarily to overproduction of cortisol.				Yes	modifier	OK	HP:0011744				UBERON:0000178										
to do	ignore	HP:0011788	Increased circulating free T3	An elevated concentration of free 3,3',5-triiodo-L-thyronine in the blood circulation.				Yes	abnormallyIncreasedLevelOfChemicalEntityInLocation	OK	HP:0011788				UBERON:0000178			http://purl.obolibrary.org/obo/CHEBI_18258	3,3',5-triiodo-L-thyronine						
to do	ignore	HP:0011837	Partial IgA deficiency	Detectable but decreased IgA levels that are more than 2 standard deviations below normal age-adjusted means.				Yes	abnormallyDecreasedLevelOfChemicalEntityInLocation	Ok	HP:0011837				UBERON:0000178										
to do	ignore	HP:0011864	Elevated plasma pyrophosphate	An abnormally increased diphosphate(4-) concentration in the blood. Diphosphate(4-), as ester with two phosphate groups, is also known as pyrophosphate.				Yes	abnormallyIncreasedLevelOfChemicalEntityInLocation	OK	HP:0011864				UBERON:0000178			http://purl.obolibrary.org/obo/CHEBI_18361	diphosphate(4-)						
done	ignore	HP:0011936	Decreased plasma total carnitine	A decreased concentration of total carnitine in the blood.				Yes	abnormallyDecreasedLevelOfChemicalEntityInBlood	Ok	HP:0011936				UBERON:0000178			http://purl.obolibrary.org/obo/CHEBI_17126	carnitine						
to do	ignore	HP:0011965	Abnormal circulating citrulline concentration	Any deviation from the normal concentration of citrulline in the blood circulation.				Yes	abnormalLevelOfChemicalEntityInLocation	OK	HP:0011965				UBERON:0000178	http://purl.obolibrary.org/obo/GO_0000052	citrulline metabolic process								
done	ignore	HP:0011966	Elevated plasma citrulline	An increased concentration of citrulline in the blood.				Yes	abnormallyIncreasedLevelOfChemicalEntityInBlood	OK	HP:0011966				UBERON:0000178			http://purl.obolibrary.org/obo/CHEBI_18211	citrulline						
done	ignore	HP:0011967	Decreased circulating copper concentration	A reduced concentration of copper in the blood.				Yes	abnormallyDecreasedLevelOfChemicalEntityInBlood	OK	HP:0011967				UBERON:0000178			http://purl.obolibrary.org/obo/CHEBI_28694	copper atom						
done	ignore	HP:0011969	Elevated circulating luteinizing hormone level	An elevated concentration of luteinizing hormone in the blood.				Yes	abnormallyIncreasedLevelOfChemicalEntityInBlood	OK	HP:0011969				UBERON:0000178			http://purl.obolibrary.org/obo/CHEBI_81568	Luteinizing hormone						
to do	ignore	HP:0011972	Hypoglycorrhachia	Abnormally low glucose concentration in the cerebrospinal fluid.				Yes	abnormallyDecreasedLevelOfChemicalEntityInLocation	Ok	HP:0011972				UBERON:0000178										
to do	ignore	HP:0011997	Postprandial hyperlactemia	Abnormally increased level of blood lactate following a meal.				Yes	modifier	OK	HP:0011997				UBERON:0000178										
to do	ignore	HP:0011998	Postprandial hyperglycemia	An increased concentration of glucose in the blood following a meal.				Yes	modifier	OK	HP:0011998				UBERON:0000178										
done	ignore	HP:0012024	Hypergalactosemia	Elevated concentration of galactose in the blood.				Yes	abnormallyIncreasedLevelOfChemicalEntityInBlood	OK	HP:0012024				UBERON:0000178			http://purl.obolibrary.org/obo/CHEBI_28260	galactose						
to do	ignore	HP:0012025	Abnormal circulating ornithine concentration	Deviation from the normal concentration of ornithine in the blood circulation.				Yes	abnormalLevelOfChemicalEntityInLocation	OK	HP:0012025				UBERON:0000178	http://purl.obolibrary.org/obo/GO_0006591	ornithine metabolic process								
done	ignore	HP:0012026	Hyperornithinemia	Increased concentration of ornithine in the blood.				Yes	abnormallyIncreasedLevelOfChemicalEntityInBlood	OK	HP:0012026				UBERON:0000178			http://purl.obolibrary.org/obo/CHEBI_18257	ornithine						
to do	ignore	HP:0012051	Reactive hypoglycemia	Hypoglycermia following a meal (or more generally, after intake of glucose).				Yes	modifier	OK	HP:0012051				UBERON:0000178										
done	ignore	HP:0012071	Abnormal circulating acylcarnitine concentration	Any deviation from the normal concentration in the blood circulation of an acylcarnitine, which is produced by reversible esterification of the 3-hydroxyl group of carnitine.				Yes	abnormalLevelOfChemicalEntityInBlood	OK	HP:0012071				UBERON:0000178			http://purl.obolibrary.org/obo/CHEBI_176911	fatty acylcarnitine						
done	ignore	HP:0012099	Abnormality of circulating catecholamine level	An abnormal catecholamine concentration in the blood.				Yes	abnormalLevelOfChemicalEntityInBlood	OK	HP:0012099				UBERON:0000178			http://purl.obolibrary.org/obo/CHEBI_33567	catecholamine						
done	ignore	HP:0012100	Abnormal circulating creatinine concentration	An abnormal concentration of creatinine in the blood.				Yes	abnormalLevelOfChemicalEntityInBlood	OK	HP:0012100				UBERON:0000178			http://purl.obolibrary.org/obo/CHEBI_16737	creatinine						
done	ignore	HP:0012101	Decreased serum creatinine	An abnormally reduced amount of creatinine in the blood.				Yes	abnormallyDecreasedLevelOfChemicalEntityInBlood	OK	HP:0012101				UBERON:0000178			http://purl.obolibrary.org/obo/CHEBI_16737	creatinine						
done	ignore	HP:0012111	Abnormality of circulating glucocorticoid level	An abnormality of the concentration of a glucocorticoid in the blood.				Yes	abnormalLevelOfChemicalEntityInBlood	OK	HP:0012111				UBERON:0000178			http://purl.obolibrary.org/obo/CHEBI_24261	glucocorticoid						
done	ignore	HP:0012112	Abnormal circulating corticosterone level	An abnormality of the concentration of corticosterone in the blood.				Yes	abnormalLevelOfChemicalEntityInBlood	Ok	HP:0012112				UBERON:0000178			http://purl.obolibrary.org/obo/CHEBI_16827	corticosterone						
to do	ignore	HP:0012113	Abnormal circulating creatine concentration	A deviation from the normal concentration of creatine in the blood circulation. Creatine is a derivative of glycine having methyl and amidino groups attached to the nitrogen. Creatine is naturally produced from amino acids, primarily in liver and kidney, and acts as an energy source for cells, primarly for muscle cells.				Yes	abnormalLevelOfChemicalEntityInLocation	OK	HP:0012113				UBERON:0000178	http://purl.obolibrary.org/obo/GO_0006600	creatine metabolic process								
done	next	HP:0012116	Abnormal circulating albumin concentration	Deviation from normal concentration of albumin in the blood.				Yes	abnormalLevelOfChemicalEntityInBlood	OK	HP:0012116				UBERON:0000178			http://purl.obolibrary.org/obo/PR_P02768	albumin (human)					Selected human specific; species neutral term exists (http://purl.obolibrary.org/obo/PR_000003918).	3
done	next	HP:0012117	Hyperalbuminemia	Elevation in the concentration of albumin in the blood.	Hyperalbuminemia			Yes	abnormallyIncreasedLevelOfChemicalEntityInBlood	OK	HP:0012117	Hyperalbuminemia			UBERON:0000178			http://purl.obolibrary.org/obo/PR_P02768	albumin (human)					Selected human specific; species neutral term exists (http://purl.obolibrary.org/obo/PR_000003918).	1
done	ignore	HP:0012153	Hypotriglyceridemia	An decrease in the level of triglycerides in the blood.				Yes	abnormallyDecreasedLevelOfChemicalEntityInBlood	OK	HP:0012153				UBERON:0000178			http://purl.obolibrary.org/obo/CHEBI_17855	triglyceride						
done	ignore	HP:0012184	Increased HDL cholesterol concentration	An elevated concentration of high-density lipoprotein cholesterol (HDL) in the blood.				Yes	abnormallyIncreasedLevelOfChemicalEntityInBlood	OK	HP:0012184				UBERON:0000178			http://purl.obolibrary.org/obo/CHEBI_47775	high-density lipoprotein cholesterol						
to do	ignore	HP:0012187	Increased erythrocyte protoporphyrin concentration	Concentration of protoporphyrins in erythrocytes above the upper limit of normal.				Yes	abnormallyIncreasedLevelOfChemicalEntityInLocation	Ok	HP:0012187				CL:0000232			http://purl.obolibrary.org/obo/CHEBI_26361	protoporphyrins						
done	ignore	HP:0012202	Increased serum bile acid concentration	An increase in the concentration of bile acid in the blood.				Yes	abnormallyIncreasedLevelOfChemicalEntityInBlood	Ok	HP:0012202				UBERON:0000178			http://purl.obolibrary.org/obo/CHEBI_3098	bile acid						
to do	ignore	HP:0012238	Increased circulating chylomicron concentration	Increased plasma concentrations of chylomicrons, the large lipid droplet (up to 100 mm in diameter) of reprocessed lipid synthesized in epithelial cells of the small intestine and containing triacylglycerols, cholesterol esters, and several apolipoproteins.				Yes	abnormallyIncreasedLevelOfChemicalEntityInLocation	OK	HP:0012238				UBERON:0000178										
to do	next	HP:0012239	Atransferrinemia	Absence of transferrin, a protein that transports iron, in the blood.				Yes	abnormalAbsenceOfChemicalEntity	Ok	HP:0012239				UBERON:0000178			http://purl.obolibrary.org/obo/PR_P02787	serotransferrin (human)					Selected human specific; species neutral term exists (http://purl.obolibrary.org/obo/PR_000016261).	5
done	ignore	HP:0012277	Hypoglycinemia	An abnormally reduced concentration of glycine in the blood.				Yes	abnormallyDecreasedLevelOfChemicalEntityInBlood	OK	HP:0012277				UBERON:0000178			http://purl.obolibrary.org/obo/CHEBI_15428	glycine						
to do	ignore	HP:0012278	Abnormal circulating serine concentration	Any deviation from the normal concentration of serine in the blood circulation.				Yes	abnormalLevelOfChemicalEntityInLocation	Ok	HP:0012278				UBERON:0000178	http://purl.obolibrary.org/obo/GO_0006563	L-serine metabolic process								
done	ignore	HP:0012279	Hyposerinemia	Reduced concentration of serine in the blood.				Yes	abnormallyDecreasedLevelOfChemicalEntityInBlood	Ok	HP:0012279				UBERON:0000178			http://purl.obolibrary.org/obo/CHEBI_17822	serine						
to do	ignore	HP:0012308	Decreased circulating complement C9 concentration	Concentration of the complement component C9 in the blood circulation below the lower limit of normal.				Yes	abnormallyDecreasedLevelOfChemicalEntityInLocation	Ok	HP:0012308				UBERON:0000178										
to do	next	HP:0012343	Decreased circulating ferritin concentration	Abnormally reduced concentration of ferritin, a ubiquitous intracellular protein that stores iron, in the blood.				Yes	abnormallyDecreasedLevelOfChemicalEntityInBlood	OK	HP:0012343				UBERON:0000178			http://purl.obolibrary.org/obo/PR_000050342   http://purl.obolibrary.org/obo/CHEBI_82594	ferritin complex (human)  / ferritin					PR: Selected human specific; species neutral term exists in GO.  CHEBI: species neutral term.  Q: Why ist PR_000050342 subclass in GO (Gene Ontology)?	2
to do	ignore	HP:0012379	Abnormal circulating enzyme concentration or activity	Concentration or activity of an enzyme is above or below the limits of normal in the blood circulation.				Yes	combination_phenotype	Ok	HP:0012379				UBERON:0000178										
to do	ignore	HP:0012400	Abnormal circulating aldolase concentration	An abnormal concentration of aldolase in the serum. Aldolase is an enzyme responsible for converting fructose 1,6-bisphosphate into the triose phosphates dihydroxyacetone phosphate and glyceraldehyde 3-phosphate.				Yes	abnormalLevelOfChemicalEntityInLocation	OK	HP:0012400				UBERON:0000178										
done	ignore	HP:0012416	Hypercapnia	Abnormally elevated blood carbon dioxide (CO2) level.				Yes	abnormallyIncreasedLevelOfChemicalEntityInBlood	OK	HP:0012416				UBERON:0000178			http://purl.obolibrary.org/obo/CHEBI_16526	carbon dioxide						
done	ignore	HP:0012417	Hypocapnia	Abnormally reduced blood carbon dioxide (CO2) level.				Yes	abnormallyDecreasedLevelOfChemicalEntityInBlood	OK	HP:0012417				UBERON:0000178			http://purl.obolibrary.org/obo/CHEBI_16526	carbon dioxide						
to do	ignore	HP:0012418	Hypoxemia	An abnormally low level of blood oxygen.				Yes	abnormallyDecreasedLevelOfChemicalEntityInLocation	OK	HP:0012418				UBERON:0000178			http://purl.obolibrary.org/obo/CHEBI_15379	dioxygen						
to do	ignore	HP:0012419	Hyperoxemia	An abnormally high level of blood oxygen.				Yes	abnormallyIncreasedLevelOfChemicalEntityInLocation	OK	HP:0012419				UBERON:0000178			http://purl.obolibrary.org/obo/CHEBI_15379	dioxygen						
to do	ignore	HP:0012475	Decreased circulating level of specific antibody	The presence of normal overall immunoglobulin levels with deficiency of specific immunoglobulins directed against a specific antigen or microorganism.				Yes	abnormallyDecreasedLevelOfChemicalEntityInLocation	Ok	HP:0012475				UBERON:0000178										
to do	ignore	HP:0012476	Decreased specific pneumococcal antibody level	The presence of normal overall immunoglobulin levels with deficiency of specific immunoglobulins directed against pneumococci.				Yes	abnormallyDecreasedLevelOfChemicalEntityInLocation	Ok	HP:0012476				UBERON:0000178										
done	ignore	HP:0012517	Reduced catalase level	An abnormally decreased amount of catalase level.				Yes	abnormallyDecreasedLevelOfChemicalEntityInBlood	OK	HP:0012517				UBERON:0000178			http://purl.obolibrary.org/obo/PR_000005061	catalase						
to do	ignore	HP:0012544	Elevated circulating aldolase concentration	Concentration of fructose 1,6-bisphosphate aldolase in the blood circulation above the upper limit of normal.				Yes	abnormallyIncreasedLevelOfChemicalEntityInLocation	OK	HP:0012544				UBERON:0000178										
to do	ignore	HP:0012545	Reduced circulating aldolase concentration	Concentration of fructose 1,6-bisphosphate aldolase in the blood circulation below the lower limit of normal.				Yes	abnormallyDecreasedLevelOfChemicalEntityInLocation	OK	HP:0012545				UBERON:0000178										
done	ignore	HP:0012556	Hyperbeta-alaninemia	Increased concentration of beta-alanine in the blood.				Yes	abnormallyIncreasedLevelOfChemicalEntityInBlood	OK	HP:0012556				UBERON:0000178			http://purl.obolibrary.org/obo/CHEBI_16958	beta-alanine						
to do	ignore	HP:0012558	Abnormal T3/T4 ratio	A ratio of serum triiodothyronine (T3) to thyroxine (T4) in the blood that deviates from normal.				Yes	abnormalLevelOfChemicalEntityInLocation	Ok	HP:0012558				UBERON:0000178										
to do	ignore	HP:0012602	Renal chloride wasting	High urine chloride in the presence of hypochloridemia.				Yes	combination_phenotype	Ok	HP:0012602				UBERON:0000178										
to do	ignore	HP:0012726	Episodic hypokalemia	An abnormally decreased potassium concentration in the blood occurring periodically with a return to normal between the episodes.				Yes	modifier	OK	HP:0012726				UBERON:0000178										
to do	ignore	HP:0012734	Ketotic hypoglycemia	Low blood glucose is accompanied by elevated levels of ketone bodies in the body.				Yes	combination_phenotype	OK	HP:0012734				UBERON:0000178										
to do	ignore	HP:0020062	Decreased hemoglobin concentration	An abnormal reduction below normal hemoglobin concentration in the circulation.				Yes	abnormallyDecreasedLevelOfChemicalEntityInLocation	Ok	HP:0020062				UBERON:0000178										
to do	ignore	HP:0020063	Increased hemoglobin concentration	An abnormal elevation above normal hemoglobin concentration in the circulation.				Yes	abnormallyIncreasedLevelOfChemicalEntityInLocation	Ok	HP:0020063				UBERON:0000178										
to do	ignore	HP:0020148	Increased circulating mead acid level	An abnormally elevated concentration od mead acid in the blood circulation.				Yes	abnormallyIncreasedLevelOfChemicalEntityInLocation	Ok	HP:0020148				UBERON:0000178										
to do	ignore	HP:0020149	Elevated circulating succinate	An increase concentration of succinate in the blood circulation.				Yes	abnormallyIncreasedLevelOfChemicalEntityInLocation	OK	HP:0020149				UBERON:0000178										
to do	ignore	HP:0020158	Increased circulating adrenic acid concentration	An increased concentration of adrenic acid (also known as cis-7,10,13,16-Docosatetraenoic acid) in the blood circulation.				Yes	abnormallyIncreasedLevelOfChemicalEntityInLocation	OK	HP:0020158				UBERON:0000178										
to do	ignore	HP:0020175	Reduced cholinesterase level	A decreased amount of cholinesterase in the blood circulation.				Yes	abnormallyDecreasedLevelOfChemicalEntityInLocation	OK	HP:0020175				UBERON:0000178										
done	next	HP:0020179	Abnormal circulating haptoglobin concentration	A deviation from the normal concentration of haptoglobin in the blood circulation.				Yes	abnormalLevelOfChemicalEntityInBlood	OK	HP:0020179				UBERON:0000178			http://purl.obolibrary.org/obo/PR_P00738	haptoglobin (human)					Selected human specific; species neutral term exists (http://purl.obolibrary.org/obo/PR_000008725). 	4
done	next	HP:0020180	Elevated haptoglobin level	An abnormally high concentration of haptoglobin in the blood circulation. Haptoglobin is an acute-phase reactant whose levels can become elevated in the presence of infection and inflammation.				Yes	abnormallyIncreasedLevelOfChemicalEntityInBlood	OK	HP:0020180				UBERON:0000178			http://purl.obolibrary.org/obo/PR_P00738 	haptoglobin (human)					Selected human specific; species neutral term exists (http://purl.obolibrary.org/obo/PR_000008725). 	2
done	next	HP:0020181	Reduced haptoglobin level	An abnormally low concentration of haptoglobin in the blood circulation. Decreased haptoglobin in conjunction with increased reticulocyte count and anemia may indicate hemolysis. Decreased haptoglobin levels can also occur in the absence of hemolysis, due to cirrhosis of the liver, disseminated ovarian carcinomatosis, pulmonary sarcoidosis, and elevated estrogen state.				Yes	abnormallyDecreasedLevelOfChemicalEntityInBlood	OK	HP:0020181				UBERON:0000178			http://purl.obolibrary.org/obo/PR_P00738 	haptoglobin (human)					Selected human specific; species neutral term exists (http://purl.obolibrary.org/obo/PR_000008725). 	1
to do	next	HP:0020182	Abnormal circulating A-type atrial natriuretic peptide concentration	A measurable change in circulating levels of Atrial natriuretic peptide hormone, a protein which plays an important role in the regulation of body fluid volume and blood pressure.				Yes	abnormalLevelOfChemicalEntityInBlood	OK	HP:0020182				UBERON:0000178			http://purl.obolibrary.org/obo/PR_P01160  http://purl.obolibrary.org/obo/CHEBI_80233 	natriuretic peptides A (human) / Atrial natriuretic peptide					PR: Selected human specific; species neutral term exists (http://purl.obolibrary.org/obo/PR_000011374).  CHEBI: species neutral term. 	7
to do	next	HP:0020183	Increased circulating A-type natriuretic peptide concentration	A measurable elevation in circulating levels of Atrial natriuretic peptide hormone, a protein which plays an important role in the regulation of body fluid volume and blood pressure.				Yes	abnormallyIncreasedLevelOfChemicalEntityInBlood	OK	HP:0020183				UBERON:0000178			http://purl.obolibrary.org/obo/PR_P01160  http://purl.obolibrary.org/obo/CHEBI_80233 	natriuretic peptides A (human) / Atrial natriuretic peptide					PR: Selected human specific; species neutral term exists (http://purl.obolibrary.org/obo/PR_000011374).  CHEBI: species neutral term. 	1
to do	next	HP:0020184	Decreased circulating A-type natriuretic peptide concentration	A measurable reduction in circulating levels of Atrial natriuretic peptide hormone, a protein which plays an important role in the regulation of body fluid volume and blood pressure.				Yes	abnormallyDecreasedLevelOfChemicalEntityInBlood	OK	HP:0020184				UBERON:0000178			http://purl.obolibrary.org/obo/PR_P01160  http://purl.obolibrary.org/obo/CHEBI_80233 	natriuretic peptides A (human) / Atrial natriuretic peptide					PR: Selected human specific; species neutral term exists (http://purl.obolibrary.org/obo/PR_000011374).  CHEBI: species neutral term. 	1
to do	ignore	HP:0020194	IgA heavy chain paraproteinemia	An abnormal IgA heavy chain in the circulation and typically produced by a clonal population of B-cell derived plasma cells.				Yes	abnormallyIncreasedLevelOfChemicalEntityInLocation	Ok	HP:0020194				UBERON:0000178										
to do	ignore	HP:0020195	IgG heavy chain paraproteinemia	An abnormal IgG heavy chain in the circulation and typically produced by a clonal population of B-cell derived plasma cells.				Yes	abnormallyIncreasedLevelOfChemicalEntityInLocation	Ok	HP:0020195				UBERON:0000178										
to do	ignore	HP:0020196	IgM heavy chain paraproteinemia	An abnormal IgM heavy chain in the circulation and typically produced by a clonal population of B-cell derived plasma cells.				Yes	abnormallyIncreasedLevelOfChemicalEntityInLocation	Ok	HP:0020196				UBERON:0000178										
to do	ignore	HP:0020197	Increased circulating arachidonic acid concentration	An increased circulation of arachidonic acid in the blood circulation.				Yes	abnormallyIncreasedLevelOfChemicalEntityInLocation	OK	HP:0020197				UBERON:0000178										
to do	ignore	HP:0020198	Abnormal circulating 18-hydroxycorticosterone level	Any deviation from the normal concentration of 18-Hydroxycorticosterone level in the blood circulation.				Yes	abnormalLevelOfChemicalEntityInLocation	OK	HP:0020198				UBERON:0000178										
to do	ignore	HP:0020199	Decreased circulating 18-hydroxycortisone level	A subnormal concentration of 18-Hydroxycorticosterone level in the blood circulation.				Yes	abnormallyDecreasedLevelOfChemicalEntityInLocation	OK	HP:0020199				UBERON:0000178										
to do	ignore	HP:0020200	Increased circulating 18-hydroxycortisone level	An abnormally elevated concentration of 18-Hydroxycorticosterone level in the blood circulation.				Yes	abnormallyIncreasedLevelOfChemicalEntityInLocation	OK	HP:0020200				UBERON:0000178										
to do	ignore	HP:0020222	Hypohomocysteinemia	A decreased concentration of homocysteine in the blood.				Yes	abnormallyDecreasedLevelOfChemicalEntityInLocation	OK	HP:0020222				UBERON:0000178										
done	next	HP:0025020	Elevated prostate-specific antigen level	An increased concentration of prostate specific antigen (PSA) in the circulation.				Yes	abnormallyIncreasedLevelOfChemicalEntityInBlood	Ok	HP:0025020				UBERON:0000178			http://purl.obolibrary.org/obo/PR_P07288	prostate-specific antigen (human)					Selected human specific; species neutral term exists (http://purl.obolibrary.org/obo/PR_000003015).	3
to do	ignore	HP:0025130	Decreased small intestinal mucosa lactase level 	Lactase is produced in the small intestine in humans, Lactase is a member of the beta-galactosidase family of enzymes, and hydrolyzes D-lactose to form D-galactose and D-glucose, which can be absorbed by the small intestine. There are many ways of assessing lactase activity. In one test, an endoscopic biopsy from the postbulbar duodenum is incubated with lactose on a test plate, and a color reaction develops within 20 min as a result of hydrolyzed lactose (a positive result) in patients with normolactasia, whereas no reaction (a negative result) develops in patients with severe hypolactasia. Other, less direct, tests include the hydrogen breath test, and blood tests following lactose challenges.				Yes	abnormallyDecreasedLevelOfChemicalEntityInLocation	OK	HP:0025130				UBERON:0000178										
to do	ignore	HP:0025132	Abnormal circulating estrogen level 	A deviation from normal concentration of the hormone estrogen in the blood circulation.				Yes	abnormalLevelOfChemicalEntityInLocation	Ok	HP:0025132				UBERON:0000178					http://purl.obolibrary.org/obo/CHEBI_50114	estrogen				
done	ignore	HP:0025133	Abnormal serum estradiol@en	A deviation from normal concentrations of estradiol in the circulation.				Yes	abnormalLevelOfChemicalEntityInBlood	OK	HP:0025133				UBERON:0000178			http://purl.obolibrary.org/obo/CHEBI_23965	estradiol						
to do	ignore	HP:0025135	Abnormal serum estriol@en	A deviation from normal concentration of estriol in the circulation.				Yes	abnormalLevelOfChemicalEntityInLocation	OK	HP:0025135				UBERON:0000178										
to do	ignore	HP:0025138	Abnormal serum estrone@en	A deviation from the normal concentration of circulating estrone.				Yes	abnormalLevelOfChemicalEntityInLocation	OK	HP:0025138				UBERON:0000178										
done	next	HP:0025201	Abnormal circulating apolipoprotein concentration	A deviation from the normal concentration in blood of an apolipoprotein, i.e., of a protein that binds lipids to form lipoprotein and is thereby responsible for the transport of lipids in the blood and lymph circulation.				Yes	abnormalLevelOfChemicalEntityInBlood	OK	HP:0025201				UBERON:0000178			http://purl.obolibrary.org/obo/CHEBI_39015	apolipoprotein						5
done	next	HP:0025345	Abnormality of circulating beta-2-microglobulin level	A deviation from the normal concentration of beta-2-microglobulin in the blood.				Yes	abnormalLevelOfChemicalEntityInBlood	OK	HP:0025345				UBERON:0000178			http://purl.obolibrary.org/obo/PR_P61769	beta-2-microglobulin (human)					Selected human specific; species neutral term exists (http://purl.obolibrary.org/obo/PR_000004580).	3
done	next	HP:0025346	Increased circulating beta-2-microglobulin level	Elevated concentration of beta-2-microglobulin in the blood.				Yes	abnormallyIncreasedLevelOfChemicalEntityInBlood	Ok	HP:0025346				UBERON:0000178			http://purl.obolibrary.org/obo/PR_P61769	beta-2-microglobulin (human)					Selected human specific; species neutral term exists (http://purl.obolibrary.org/obo/PR_000004580).	1
done	next	HP:0025347	Decreased circulating beta-2-microglobulin level	Reduced concentration of beta-2-microglobulin in the blood.				Yes	abnormallyDecreasedLevelOfChemicalEntityInBlood	Ok	HP:0025347				UBERON:0000178			http://purl.obolibrary.org/obo/PR_P61769	beta-2-microglobulin (human)					Selected human specific; species neutral term exists (http://purl.obolibrary.org/obo/PR_000004580).	1
to do	ignore	HP:0025380	Increased circulating androstenedione concentration@en	Increased concentration of androstenedione in the blood circulation.				Yes	abnormallyIncreasedLevelOfChemicalEntityInLocation	OK	HP:0025380				UBERON:0000178										
to do	ignore	HP:0025433	Decreased lecithin cholesterol acyl transferase level@en	Reduced level of the enzyme lecithin cholesterol acyl transferase.				Yes	abnormallyDecreasedLevelOfChemicalEntityInLocation	OK	HP:0025433				UBERON:0000178										
to do	ignore	HP:0025435	Increased circulating lactate dehydrogenase concentration@en	An elevated level of the enzyme lactate dehydrogenase in the blood circulation.				Yes	abnormallyIncreasedLevelOfChemicalEntityInLocation	OK	HP:0025435				UBERON:0000178										
to do	ignore	HP:0025436	Elevated serum 11-deoxycortisol@en	Increased concentration of 11-deoxycortisol in the circulation. 11-deoxycorticosterone, which is also known as simply deoxycorticosterone and 21-hydroxyprogesterone, is a steroid hormore that is produces in the adrenals and is a precursor to aldosterone.				Yes	abnormallyIncreasedLevelOfChemicalEntityInLocation	OK	HP:0025436				UBERON:0000178										
to do	next	HP:0025465	Abnormal circulating beta globulin level	A deviation from the normal concentration of beta globulin. The beta globulins are a group of globular (globe-shaped) proteins in blood.	Abnormal circulating beta globulin concentration  	Any deviation from the normal concentration of beta globulin in the blood circulation.	The main spelling is seemingly "beta globulin," but other variations include the hyphenated "beta-globulin" and abbreviations like "B-globulin" or "B-Globulin".    In this case I would prefer the spelling "beta globulin" without hyphen (--> subgroups: beta-1 globulin, beta-2 globulin).  The old definition should definitely be replaced. 	Yes	abnormalLevelOfChemicalEntityInBlood	OK	HP:0025465				UBERON:0000178			Not found						No coherent group, generally not existing in ontologies (Nico).	1
done	next	HP:0025483	Abnormal circulating thyroglobulin concentration	A deviation from the normal concentration of thyroglobulin, a protein produced in the thyroid gland that acts as a precursor to thyrroid hormones.				Yes	abnormalLevelOfChemicalEntityInBlood	OK	HP:0025483				UBERON:0000178			http://purl.obolibrary.org/obo/PR_P01266	thyroglobulin (human)					Selected human specific; species neutral term exists (http://purl.obolibrary.org/obo/PR_000016283).	2
done	next	HP:0025484	Increased circulating thyroglobulin concentration	An abnormal elevation of the concentration of thyroglobulin, a protein produced in the thyroid gland that acts as a precursor to thyrroid hormones.				Yes	abnormallyIncreasedLevelOfChemicalEntityInBlood	Ok	HP:0025484				UBERON:0000178			http://purl.obolibrary.org/obo/PR_P01266	thyroglobulin (human)					selected human specific; species neutral term exists (http://purl.obolibrary.org/obo/PR_000016283).	1
to do	next	HP:0025498	Aceruloplasminemia	Absence of ceruloplasmin in the blood.				Yes	abnormalAbsenceOfChemicalEntity	Ok	HP:0025498				UBERON:0000178			http://purl.obolibrary.org/obo/PR_P00450	ceruloplasmin (human)					Selected human specific; species neutral term exists (http://purl.obolibrary.org/obo/PR_000005794).	2
to do	ignore	HP:0025547	Decreased mean corpuscular hemoglobin concentration@en	A reduction from the normal range of the average amount of hemoglobin per red blood cell (27 to 31 picograms/cell). A reduced mean corpuscular hemoglobin (MCH) may indicate a hypochromic anemia, but the MCH may be normal if both the total hemoglobin and the red blood cell count are reduced.				Yes	abnormalConcentrationOfChemicalEntityInLocation	Ok	HP:0025547				UBERON:0000178										
to do	ignore	HP:0025548	Increased mean corpuscular hemoglobin concentration@en	An elevation over the normal range of the average amount of hemoglobin per red blood cell (27 to 31 picograms/cell).				Yes	abnormalConcentrationOfChemicalEntityInLocation	Ok	HP:0025548				UBERON:0000178										
done	ignore	HP:0025550	Elevated circulating ribitol concentration@en	The concentration of ribitol in the blood circulation is above the upper limit of normal.				Yes	abnormallyIncreasedLevelOfChemicalEntityInBlood	OK	HP:0025550				UBERON:0000178			http://purl.obolibrary.org/obo/CHEBI_15963	ribitol						
to do	ignore	HP:0025626	Increased circulating oleate level@en	An abnormally high concentration of oleic acid (oleate) in the blood circulation.				Yes	abnormallyIncreasedLevelOfChemicalEntityInLocation	Ok	HP:0025626				UBERON:0000178										
to do	ignore	HP:0025627	Increased circulating octadecanoate level@en	An abnormally high concentration of octadecanoate in the blood circulation. Octadecanoate is a fatty acid anion 18:0 that is the conjugate base of octadecanoic acid (stearic acid).				Yes	abnormallyIncreasedLevelOfChemicalEntityInLocation	Ok	HP:0025627				UBERON:0000178										
to do	ignore	HP:0025628	Increased circulating myristoleate level@en	An abnormally high concentration of myristoleate in the blood circulation.				Yes	abnormallyIncreasedLevelOfChemicalEntityInLocation	Ok	HP:0025628				UBERON:0000178										
to do	ignore	HP:0025641	Elevated circulating glycolate concentration@en	The concentration of glycolate in the blood circulation is above the upper limit of normal.				Yes	abnormallyIncreasedLevelOfChemicalEntityInLocation	OK	HP:0025641				UBERON:0000178										
done	next	HP:0025659	Decreased circulating creatine kinase concentration	A reduction in the level of the enzyme creatine kinase (also known as creatine phosphokinase (CK; EC 2.7.3.2) in the blood.				Yes	abnormallyDecreasedLevelOfChemicalEntityInBlood	OK	HP:0025659				UBERON:0000178			http://purl.obolibrary.org/obo/PR_000050097	creatine kinase (human)					Selected human specific; species neutral term exists (http://purl.obolibrary.org/obo/PR_000029971).	2
to do	ignore	HP:0025691	Impaired fasting glucose@en	Impaired fasting glucose (IFG) is indicated by a fasting plasma glucose above normal but below the diabetic range. Levels between 110 mg/dl (6.1 mmol/l) to 125 mg/dl (6.9 mmol/l) are diagnostic of IFG.				Yes	modifier	OK	HP:0025691				UBERON:0000178										
done	ignore	HP:0030087	Abnormal circulating testosterone concentration	An anomalous concentration of testosterone in the blood.				Yes	abnormalLevelOfChemicalEntityInBlood	OK	HP:0030087				UBERON:0000178			http://purl.obolibrary.org/obo/CHEBI_17347	testosterone						
done	ignore	HP:0030088	Increased serum testosterone level	An elevated circulating testosterone level in the blood.				Yes	abnormallyIncreasedLevelOfChemicalEntityInBlood	OK	HP:0030088				UBERON:0000178			http://purl.obolibrary.org/obo/CHEBI_17347	testosterone						
to do	next	HP:0030234	Highly elevated creatine kinase	An increased CPK level between 4X and 50X above the upper normal level.				Yes	modifier	Ok	HP:0030234				UBERON:0000178			http://purl.obolibrary.org/obo/PR_000050097	creatine kinase (human)					Selected human specific; species neutral term exists (http://purl.obolibrary.org/obo/PR_000029971).	1
to do	next	HP:0030235	Extremely elevated creatine kinase	An increased creatine kinase level more than 50X above the upper normal level.				Yes	modifier	Ok	HP:0030235				UBERON:0000178			http://purl.obolibrary.org/obo/PR_000050097	creatine kinase (human)					Selected human specific; species neutral term exists (http://purl.obolibrary.org/obo/PR_000029971).	1
to do	ignore	HP:0030269	Increased circulating insulin-like growth factor 1 concentration	An elevated level of insulin-like growth factor 1 (IGF1) in the blood circulation.				Yes	abnormallyIncreasedLevelOfChemicalEntityInLocation	Ok	HP:0030269				UBERON:0000178										
to do	ignore	HP:0030271	Reduced erythrocyte 2,3-diphosphoglycerate concentration	This term refers to an inappropriate low 2,3-DPG concentration in erythrocytes. 2,3-diphosphoglycerate (2,3-DPG) controls the movement of oxygen from red blood cells to tissues. Anemia is usually accompanied by an increased level of 2,3-DPG in order to promote tissue oxygenation.				Yes	abnormallyDecreasedLevelOfChemicalEntityInLocation	Ok	HP:0030271				UBERON:0000178										
to do	ignore	HP:0030272	Abnormal erythrocyte enzyme level	An altered level of any enzyme to act as catalysts within erythrocytes. This term includes changes due to altered activity of an enzyme.				Yes	combination_phenotype	Ok	HP:0030272				UBERON:0000178										
to do	ignore	HP:0030338	Abnormal circulating gonadotropin concentration	An anomaly of the circulating level of a gonadotropin, that is, of a protein hormone secreted by gonadotrope cells of the anterior pituitary of vertebrates. The primary gonadotropins are luteinizing hormone (LH) and follicle-stimulating hormone (FSH).				Yes	abnormalLevelOfChemicalEntityInLocation	OK	HP:0030338				UBERON:0000178										
to do	ignore	HP:0030339	Decreased circulating gonadotropin concentration	A reduction of the circulating level of a gonadotropin, that is, of a protein hormone secreted by gonadotrope cells of the anterior pituitary of vertebrates. The primary gonadotropins are luteinizing hormone (LH) and follicle-stimulating hormone (FSH).				Yes	abnormallyDecreasedLevelOfChemicalEntityInLocation	OK	HP:0030339				UBERON:0000178										
to do	ignore	HP:0030341	Decreased circulating follicle stimulating hormone concentration	A reduction of the circulating level of follicle-stimulating hormone (FSH).				Yes	abnormallyDecreasedLevelOfChemicalEntityInLocation	OK	HP:0030341				UBERON:0000178										
to do	ignore	HP:0030344	Decreased circulating luteinizing hormone level	A reduction in the circulating level of luteinizing hormone (LH).				Yes	abnormallyDecreasedLevelOfChemicalEntityInLocation	OK	HP:0030344				UBERON:0000178			http://purl.obolibrary.org/obo/CHEBI_81568	Luteinizing hormone						
done	ignore	HP:0030345	Abnormal circulating luteinizing hormone concentration	An anomaly of the circulating level of luteinizing hormone (LH).				Yes	abnormalLevelOfChemicalEntityInBlood	OK	HP:0030345				UBERON:0000178			http://purl.obolibrary.org/obo/CHEBI_81568	Luteinizing hormone						
to do	ignore	HP:0030346	Abnormal circulating follicle-stimulating hormone concentration	An anomaly of the circulating level of follicle-stimulating hormone (FSH).				Yes	abnormalLevelOfChemicalEntityInLocation	OK	HP:0030346				UBERON:0000178										
to do	ignore	HP:0030347	Abnormal circulating androgen level	An anomaly in the blood concentration of an androgen, that is, of a steroid hormone that controls development and maintenance of masculine characteristics. The androgens include testosterone and Dehydroepiandrosterone.				Yes	abnormalLevelOfChemicalEntityInLocation	Ok	HP:0030347				UBERON:0000178					http://purl.obolibrary.org/obo/CHEBI_50113	androgen				
to do	ignore	HP:0030348	Increased circulating androgen concentration	An elevation of the blood concentration of an androgen, that is, of a steroid hormone that controls development and maintenance of masculine characteristics. The androgens include testosterone and Dehydroepiandrosterone.				Yes	abnormallyIncreasedLevelOfChemicalEntityInLocation	OK	HP:0030348				UBERON:0000178					http://purl.obolibrary.org/obo/CHEBI_50113	androgen				
to do	ignore	HP:0030349	Decreased circulating androgen concentration	A reduction in the blood concentration of an androgen, that is, of a steroid hormone that controls development and maintenance of masculine characteristics. The androgens include testosterone and Dehydroepiandrosterone.				Yes	abnormallyDecreasedLevelOfChemicalEntityInLocation	OK	HP:0030349				UBERON:0000178					http://purl.obolibrary.org/obo/CHEBI_50113	androgen				
to do	ignore	HP:0030352	Abnormal serum insulin-like growth factor 1 level	An anomalous level of insulin-like growth factor 1 (IGF1) in the blood circulation.				Yes	abnormalLevelOfChemicalEntityInLocation	OK	HP:0030352				UBERON:0000178										
to do	ignore	HP:0030353	Decreased serum insulin-like growth factor 1	A reduced level of insulin-like growth factor 1 (IGF1) in the blood circulation.				Yes	abnormallyDecreasedLevelOfChemicalEntityInLocation	Ok	HP:0030353				UBERON:0000178										
to do	ignore	HP:0030355	Abnormal circulating interferon-gamma concentration	Abnormal levels of interferon gamma measured in the blood circulation.				Yes	abnormalLevelOfChemicalEntityInLocation	OK	HP:0030355				UBERON:0000178										
to do	ignore	HP:0030356	Increased circulating interferon-gamma concentration	An elevation in the concentration of interferon gamma measured in the blood circulation.				Yes	abnormallyIncreasedLevelOfChemicalEntityInLocation	OK	HP:0030356				UBERON:0000178										
to do	ignore	HP:0030361	Abnormal circulating eicosanoid concentration	Any deviation from the normal concentration in the blood circulation of an icosanoid (also known as eicosanoids). These are signaling molecules derived from oxidation of 20-carbon fatty acids. Most are produced from arachidonic acid, a 20-carbon polyunsaturated fatty acid (5,8,11,14-eicosatetraenoic acid).				Yes	abnormalLevelOfChemicalEntityInLocation	Ok	HP:0030361				UBERON:0000178										
to do	ignore	HP:0030389	Abnormal circulating thromboxane concentration	Any deviation from the normal concentration in the blood circulation of a thromboxane. Thromboxanes are derived from prostaglandin precursors in platelets, and stimulate aggregation of platelets and constriction of blood vessels.				Yes	abnormalLevelOfChemicalEntityInLocation	OK	HP:0030389				UBERON:0000178										
to do	ignore	HP:0030390	Reduced circulating leukotriene C4 concentration	An abnormally decreased concentration of leukotriene C4 in the blood circulation.				Yes	abnormallyDecreasedLevelOfChemicalEntityInLocation	OK	HP:0030390				UBERON:0000178										
to do	ignore	HP:0030684	Abnormal adiponectin level	A deviation from the normal circulating concentration of adiponectin, a 30-kDa complement C1-related protein that is the most abundant secreted protein expressed in adipose tissue, and that plays a crucial role in the regulation of insulin sensitivity and glucose metabolism.				Yes	abnormalLevelOfChemicalEntityInLocation	OK	HP:0030684				UBERON:0000178			http://purl.obolibrary.org/obo/PR_Q15848	adiponectin (human)						
to do	ignore	HP:0030686	Increased adiponectin level	An elevated circulating concentration of adiponectin, a 30-kDa complement C1-related protein that is the most abundant secreted protein expressed in adipose tissue.				Yes	abnormallyIncreasedLevelOfChemicalEntityInLocation	OK	HP:0030686				UBERON:0000178			http://purl.obolibrary.org/obo/PR_Q15848	adiponectin (human)				Increased circulating adiponectin level|Elevated circulating adiponectin		
to do	ignore	HP:0030687	Abnormal glucagon level	A deviation from the normal concentration of glucagon in the blood circulation.				Yes	abnormalLevelOfChemicalEntityInLocation	OK	HP:0030687				UBERON:0000178			http://purl.obolibrary.org/obo/CHEBI_5391	glucagon						
done	ignore	HP:0030688	Increased glucagon level	An elevated concentration of glucagon in the blood circulation.				Yes	abnormallyIncreasedLevelOfChemicalEntityInBlood	Ok	HP:0030688				UBERON:0000178			http://purl.obolibrary.org/obo/CHEBI_5391	glucagon						
done	ignore	HP:0030689	Decreased glucagon level	A reduced concentration of glucagon in the blood circulation.				Yes	abnormallyDecreasedLevelOfChemicalEntityInBlood	Ok	HP:0030689				UBERON:0000178			http://purl.obolibrary.org/obo/CHEBI_5391	glucagon						
to do	ignore	HP:0030781	Increased circulating free fatty acid level	A higher than normal levels of the fatty acids which can occur in plasma as a result of lipolysis in adipose tissue or when plasma triacyglycerols are taken into tissues.				Yes	abnormallyIncreasedLevelOfChemicalEntityInLocation	OK	HP:0030781				UBERON:0000178										
to do	ignore	HP:0030783	Increased circulating interleukin 6 concentration	The concentration of interleukin-6 in the blood circulation is above the upper limit of normal.				Yes	abnormallyIncreasedLevelOfChemicalEntityInLocation	OK	HP:0030783				UBERON:0000178										
done	next	HP:0030794	Abnormal circulating C-peptide concentration	An anomolous circulating concentration of the connecting (C) peptide, which links the insulin A and B chains in proinsulin, providing thereby a means to promote their efficient folding and assembly in the endoplasmic reticulum during insulin biosynthesis. After cleavage of proinsulin, C-peptide is stored with insulin in the soluble phase of the secretory granules and is subsequently released in equimolar amounts with insulin, providing a useful independent indicator of insulin secretion.				Yes	abnormalLevelOfChemicalEntityInBlood	OK	HP:0030794				UBERON:0000178			http://purl.obolibrary.org/obo/CHEBI_80332	C-peptide 						2
done	next	HP:0030795	Reduced C-peptide level	A decreased concentration of C-peptide in the circulation. Since C-peptide is secreted in equimolar amounts to insulin, this feature correlates with reduced insulin secretion.				Yes	abnormallyDecreasedLevelOfChemicalEntityInBlood	OK	HP:0030795				UBERON:0000178			http://purl.obolibrary.org/obo/CHEBI_80332	C-peptide 						1
done	next	HP:0030796	Increased C-peptide level	An elevated concentration of C-peptide in the circulation. Since C-peptide is secreted in equimolar amounts to insulin, this feature correlates with increased insulin secretion.				Yes	abnormallyIncreasedLevelOfChemicalEntityInBlood	OK	HP:0030796				UBERON:0000178			http://purl.obolibrary.org/obo/CHEBI_80332	C-peptide 						1
done	ignore	HP:0030984	Abnormal serum bile acid concentration	A deviation from the normal concentration of serum bile acid concentration.				Yes	abnormalLevelOfChemicalEntityInBlood	OK	HP:0030984				UBERON:0000178			http://purl.obolibrary.org/obo/CHEBI_3098	bile acid						
done	ignore	HP:0030985	Decreased serum bile acid concentration	A reduction in the concentration of bile acid in the blood.				Yes	abnormallyDecreasedLevelOfChemicalEntityInBlood	Ok	HP:0030985				UBERON:0000178			http://purl.obolibrary.org/obo/CHEBI_3098	bile acid						
to do	ignore	HP:0031028	Lactescent serum	Serum sample with a grossly white (milk-like, i.e., lactescent) appearance. This feature is indicative of an extremely elevated serum triglyceride level.				Yes	method_observed	Ok	HP:0031028				UBERON:0000178										
to do	next	HP:0031029	Elevated circulating carcinoembryonic antigen concentration	Concentration of the carcinoembryonic antigen (CEA) in the blood circulation above the upper limit of normal. CEA is a member of the immunoglobulin supergene family. The human CEA gene family is clustered on chromosome 19q and comprises 29 genes. CEA is highly expressed in embryonic tissue and in some cancers, and is a widely used tumor marker.	Elevated circulating CEA concentration	The concentration of CEA (= carcinoembryonic antigen) in the blood circulation is above the upper limit of normal.	I prefer the abbreviation "CEA" in the label, as it is common and well -known in science and clinical practice. The full term could be added in the definition.  The old definition is very comprehensive and detailed, from my point of view too detailed (summary, standardization?).  	Yes	abnormallyIncreasedLevelOfChemicalEntityInBlood	Ok	HP:0031029				UBERON:0000178			Not found						Subclass: http://purl.obolibrary.org/obo/PR_P06731 cell adhesion molecule CEACAM5 (human), see also PMID:23903773.  Regarding carcinoembryonic antigen see e.g. PMID:35201700.	12
to do	next	HP:0031030	Elevated carcinoma antigen 125 level	An increased blood concentration of carcinoma antigen 125 (CA-125). CA-125, also known as mucin 16, can exhibit increased blood levels in certain types of cancer.				Yes	abnormallyIncreasedLevelOfChemicalEntityInBlood	Ok	HP:0031030				UBERON:0000178			http://purl.obolibrary.org/obo/PR_000010761	mucin-16						12
to do	next	HP:0031031	Abnormal retinol-binding protein level	A deviation from normal blood concentration of retinol-binding protein (RBP). The most commonly used indicator of vitamin A status is the serum retinol concentration (retinol is one of the several compounds known as vitamin A). The serum RBP concentration is used as a surrogate measure for serum retinol.	Abnormal circulating retinol-binding protein concentration   	Any deviation from the normal concentration of retinol-binding protein in the blood circulation.	The old definition is very comprehensive and detailed, from my point of view too detailed (summary, standardization?).	Yes	abnormalLevelOfChemicalEntityInBlood	Ok	HP:0031031				UBERON:0000178			Not found 						Possible match: http://purl.obolibrary.org/obo/PR_P02753 retinol-binding protein 4 (human) !?  Argument: In PR, retinol-binding protein is not listed as a general class but in form of five different subtypes, of which only retinol-binding protein 4 is found in the plasma (1/2/5 cellular, 3 interstitial). Therefore, retinol-binding protein 4 could be the correct match.  Regarding retinol-binding protein see e.g. PMID:6994566.	16
to do	next	HP:0031032	Decreased retinol-binding protein level	A reduced blood concentration of retinol-binding protein. This finding predicts vitamin A deficiency with high sensitivity and specificity.	Decreased circulating retinol-binding protein concentration   	The concentration of retinol-binding protein in the blood circulation is below the lower limit of normal.	The old definition is a bit more comprehensive and detailed (standardization?).	Yes	abnormallyDecreasedLevelOfChemicalEntityInBlood	Ok	HP:0031032				UBERON:0000178			Not found 						Possible match: http://purl.obolibrary.org/obo/PR_P02753 retinol-binding protein 4 (human) !?  Argument: In PR, retinol-binding protein is not listed as a general class but in form of five different subtypes, of which only retinol-binding protein 4 is found in the plasma (1/2/5 cellular, 3 interstitial). Therefore, retinol-binding protein 4 could be the correct match.  Regarding retinol-binding protein see e.g. PMID:6994566.	2
done	next	HP:0031034	Abnormal insulin like growth factor binding protein acid labile subunit level	A deviation from the normal blood concentration of the insulin like growth factor binding protein acid labile subunit (IGFALS; Entrez Gene ID 3483). The acid-labile subunit (IGFALS) acts in the insulin-like growth (IGF) system by binding circulating IGF1 in a ternary complex with binding protein (IGFBP)-3 to prevent IGF1 from crossing the endothelial barrier.				Yes	abnormalLevelOfChemicalEntityInBlood	OK	HP:0031034				UBERON:0000178			http://purl.obolibrary.org/obo/PR_P35858	insulin-like growth factor-binding protein complex acid labile subunit (human)					Selected human specific; species neutral term exists (http://purl.obolibrary.org/obo/PR_000008946).	4
to do	next	HP:0031036	Reduced growth-hormone binding protein level	A decreased blood concentration of growth hormone binding protein.	Decreased circulating GH-binding protein concentration   	The concentration of GH-binding protein (= growth hormone-binding protein) in the blood circulation is below the lower limit of normal.	Alternative spellings: - growth hormone binding protein (without hyphen) - growth hormone-binding protein, and  - GH-binding protein.   As far as I can see, growth-hormone binding protein is not correct. 	Yes	abnormallyDecreasedLevelOfChemicalEntityInBlood	Ok	HP:0031036				UBERON:0000178			Not found						Synonyms for growth hormone: GH, human growth hormone, HGH, somatotropin, somatotrophic hormone, somatotropic hormone (in conjunction with "binding protein" not found in PR and CHEBI).   Regarding growth-hormone binding protein see e.g. PMID:26522453.	7
to do	next	HP:0031037	Reduced insulin-like factor 3 level	Blood concentration of insulin-like factor 3 (ILF3) is below normal limits.				Yes	abnormallyDecreasedLevelOfChemicalEntityInBlood	Ok	HP:0031037				UBERON:0000178			http://purl.obolibrary.org/obo/PR_P51460   http://purl.obolibrary.org/obo/CHEBI_80336 	insulin-like 3 (human)  / Insulin-like 3					PR: Selected human specific; species neutral term exists (http://purl.obolibrary.org/obo/PR_000009058).  CHEBI: species neutral term. 	5
to do	ignore	HP:0031047	Paraproteinemia	An abnormal immunoglobulin or part of an Ig (light chain) in the circulation. Paraproteins are typically produced by a clonal population of B-cell derived plasma cells.				Yes	abnormallyIncreasedLevelOfChemicalEntityInLocation	OK	HP:0031047				UBERON:0000178										
to do	ignore	HP:0031048	Light-chain paraproteinemia	An abnormal immunoglobulin light chain in the circulation and typically produced by a clonal population of B-cell derived plasma cells.				Yes	abnormallyIncreasedLevelOfChemicalEntityInLocation	OK	HP:0031048				UBERON:0000178										
to do	ignore	HP:0031049	Heavy-chain paraproteinemia	An abnormal immunoglobulin heavy chain in the circulation and typically produced by a clonal population of B-cell derived plasma cells.				Yes	abnormallyIncreasedLevelOfChemicalEntityInLocation	OK	HP:0031049				UBERON:0000178										
to do	ignore	HP:0031050	Whole-immunoglobulin paraproteinemia	An abnormal immunoglobulin (heavy and light chain) in the circulation and typically produced by a clonal population of B-cell derived plasma cells.				Yes	abnormallyIncreasedLevelOfChemicalEntityInLocation	OK	HP:0031050				UBERON:0000178										
to do	ignore	HP:0031052	Elevated vascular endothelial growth factor level	Increased blood concentration of vascular endothelial growth factor (VEGF).				Yes	abnormallyIncreasedLevelOfChemicalEntityInLocation	OK	HP:0031052				UBERON:0000178										
done	next	HP:0031085	Decreased circulating prealbumin concentration	Concentration of prealbumin in the blood circulation below the lower limit of normal. Prealbumin, also known as transthyretin, has a half-life in plasma of about 2 days, much shorter than that of albumin. Prealbumin is therefore more sensitive to changes in protein-energy status than albumin, and its concentration closely reflects recent dietary intake rather than overall nutritional status.				Yes	abnormallyDecreasedLevelOfChemicalEntityInBlood	OK	HP:0031085				UBERON:0000178			http://purl.obolibrary.org/obo/PR_P02766	transthyretin (human)					Selected human specific; species neutral term exists (http://purl.obolibrary.org/obo/PR_000016801). 	4
to do	ignore	HP:0031097	Abnormal thyroid-stimulating hormone level	Any deviation from the normal amount of the thyroid-stimulating hormone (TSH), which is produced by the anterior pituitary gland and stimulates the function of the thyroid gland.				Yes	abnormalLevelOfChemicalEntityInLocation	OK	HP:0031097				UBERON:0000178										
to do	ignore	HP:0031098	Decreased thyroid-stimulating hormone level	Reduced amount of the thyroid-stimulating hormone (TSH), which is produced by the anterior pituitary gland and stimulates the function of the thyroid gland.				Yes	abnormallyDecreasedLevelOfChemicalEntityInLocation	Ok	HP:0031098				UBERON:0000178										
to do	ignore	HP:0031099	Abnormal circulating inhibin level	Any deviation from the normal concentration of inhibins, which are heterodimeric protein hormones secreted by granulosa cells of the ovary in females and Sertoli cells of the testis in males. Inhibins suppress the secretion of pituitary follicle-stimulating hormone.				Yes	abnormalLevelOfChemicalEntityInLocation	OK	HP:0031099				UBERON:0000178										
to do	ignore	HP:0031100	Decreased inhibin B level	A reduced concentration of inhibin B in the blood.				Yes	abnormallyDecreasedLevelOfChemicalEntityInLocation	OK	HP:0031100				UBERON:0000178										
to do	ignore	HP:0031101	Abnormal circulating antimullerian hormone concentration	Any deviation from the normal range of the antimullerian hormone, a peptide produced by the granulosa cells of follicles. Anti-Mullerian hormone (AMH), also known as Mullerian inhibiting substance, is produced by the granulosa cells of small antral follicles of the ovary. AMH has an inhibiting role in the ovary, contributing to follicular arrest. AMH levels in women are low until the age of 8, rise rapidly until puberty and decline steadily from the age of 25 until menopause, when AMH production ceases.				Yes	abnormalLevelOfChemicalEntityInLocation	OK	HP:0031101				UBERON:0000178										
to do	ignore	HP:0031102	Increased circulating antimullerian hormone concentration	An elevation above the normal range of the antimullerian hormone in the circulation.				Yes	abnormallyIncreasedLevelOfChemicalEntityInLocation	OK	HP:0031102				UBERON:0000178										
to do	ignore	HP:0031103	Decreased cirrculating antimullerian hormone circulation	A reduction below the normal range of the antimullerian hormone in the circulation.				Yes	abnormallyDecreasedLevelOfChemicalEntityInLocation	OK	HP:0031103				UBERON:0000178										
to do	next	HP:0031138	Abnormal B-type natriuretic peptide concentration	A deviation from the normal circulating concentration of B-type natriuretic peptide (BNP).				Yes	abnormalLevelOfChemicalEntityInBlood	OK	HP:0031138				UBERON:0000178			http://purl.obolibrary.org/obo/PR_P16860  http://purl.obolibrary.org/obo/CHEBI_80234	natriuretic peptides B (human) / Brain natriuretic peptide					PR: Selected human specific; species neutral term exists (http://purl.obolibrary.org/obo/PR_000011375).  CHEBI: species neutral term.  	4
to do	next	HP:0031185	Increased circulating NT-proBNP concentration	An elevated level of circulating N-terminal part of the prohormone of B-type natriuretic peptide (BNP).	Elevated circulating NT-proBNP concentration   	The concentration of NT-proBNP (= N-terminal pro-B-type natriuretic peptide, = N-terminal prohormone of brain natriuretic peptide) in the blood circulation is above the upper limit of normal.	If the term is very long or complicated, I suggest preferring the abbreviation in the label. Synonyms could be added to the definition in parentheses.  	Yes	abnormallyIncreasedLevelOfChemicalEntityInBlood	OK	HP:0031185				UBERON:0000178			Not found						Superclasses:  http://purl.obolibrary.org/obo/PR_P16860 natriuretic peptides B (human)  http://purl.obolibrary.org/obo/CHEBI_80234 Brain natriuretic peptide  Regarding NT-proBNP see PMID:23470072.	9
to do	ignore	HP:0031186	Abnormal circulating deoxycorticosterone level	An abnormality of the concentration of deoxycorticosterone in the blood. Deoxycorticosterone comprises 11-deoxycorticosterone and 21-deoxycorticosterone.				Yes	abnormallyDecreasedLevelOfChemicalEntityInLocation	OK	HP:0031186				UBERON:0000178										
to do	ignore	HP:0031187	Abnormal circulating pregnenolone concentration	An abnormality of the concentration of pregnenolone in the blood.				Yes	abnormalLevelOfChemicalEntityInLocation	Ok	HP:0031187				UBERON:0000178										
to do	ignore	HP:0031205	Reduced lysosomal acid lipase activity	Reduction in the activity of lysosomal acid lipase (LAL) in the blood. Lysosomal lipase activity is measured. LAL hydrolyzes cholesteryl esters derived from cell internalization of plasma lipoproteins.				Yes	activity	OK	HP:0031205				UBERON:0000178										
to do	ignore	HP:0031209	Decreased circulating lipoprotein lipase concentration	Reduction in the level of lipoprotein lipase in the blood.				Yes	abnormallyDecreasedLevelOfChemicalEntityInLocation	OK	HP:0031209				UBERON:0000178										
to do	ignore	HP:0031210	Abnormal circulating hyaluronic acid concentration	A deviation from the normal concentration of hyaluronic acid in the blood.				Yes	abnormalLevelOfChemicalEntityInLocation	OK	HP:0031210				UBERON:0000178										
to do	ignore	HP:0031211	Elevated cholesterol ester level	An elevated concentration of circulating cholesterol esters, which are fatty acid esters of cholesterol and make up about two-thirds of total plasma cholesterol.				Yes	abnormallyIncreasedLevelOfChemicalEntityInLocation	OK	HP:0031211				UBERON:0000178			http://purl.obolibrary.org/obo/CHEBI_17002	cholesteryl ester						
done	ignore	HP:0031212	Abnormal circulating progesterone level					Yes	abnormalLevelOfChemicalEntityInBlood	Ok	HP:0031212				UBERON:0000178			http://purl.obolibrary.org/obo/CHEBI_17026	progesterone						
to do	ignore	HP:0031214	Decreased circulating dehydroepiandrosterone concentration					Yes	abnormallyDecreasedLevelOfChemicalEntityInLocation	OK	HP:0031214				UBERON:0000178										
to do	ignore	HP:0031215	Decreased circulating dehydroepiandrosterone-sulfate concentration	A reduced concentration of dehydroepiandrosterone-sulfate in the blood.				Yes	abnormallyDecreasedLevelOfChemicalEntityInLocation	OK	HP:0031215				UBERON:0000178										
done	ignore	HP:0031216	Increased circulating progesterone	An elevated concentration of progesterone in the blood.				Yes	abnormallyIncreasedLevelOfChemicalEntityInBlood	OK	HP:0031216				UBERON:0000178			http://purl.obolibrary.org/obo/CHEBI_17026	progesterone						
done	next	HP:0031222	Increased circulating thyroxine-binding globulin level	An elevated concentration of thyroxine-binding globulin (TBG) in the blood.				Yes	abnormallyIncreasedLevelOfChemicalEntityInBlood	Ok	HP:0031222				UBERON:0000178			http://purl.obolibrary.org/obo/PR_P05543	thyroxine-binding globulin (human)					Selected human specific; species neutral term exists (http://purl.obolibrary.org/obo/PR_000014687). 	1
to do	ignore	HP:0031242	Decreased circulating chylomicron concentration	Reduced plasma concentrations of chylomicrons, the large lipid droplet (up to 100 mm in diameter) of reprocessed lipid synthesized in epithelial cells of the small intestine and containing triacylglycerols, cholesterol esters, and several apolipoproteins.				Yes	abnormallyDecreasedLevelOfChemicalEntityInLocation	OK	HP:0031242				UBERON:0000178										
done	ignore	HP:0031243	Decreased VLDL cholesterol concentration	A reduction in the amount of very-low-density lipoprotein cholesterol in the blood.				Yes	abnormallyDecreasedLevelOfChemicalEntityInBlood	Ok	HP:0031243				UBERON:0000178			http://purl.obolibrary.org/obo/CHEBI_47773	very-low-density lipoprotein cholesterol						
done	next	HP:0031300	Abnormal circulating properdin level	A deviation from the normal concentration of properdin in the blood.				Yes	abnormalLevelOfChemicalEntityInBlood	OK	HP:0031300				UBERON:0000178			http://purl.obolibrary.org/obo/PR_P27918	properdin (human)					Selected human specific; species neutral term exists (http://purl.obolibrary.org/obo/PR_000005387). 	1
done	next	HP:0031419	Reduced sex -hormone binding protein level	A decreased concentration of sex-hormone binding protein in the circulation.				Yes	abnormallyDecreasedLevelOfChemicalEntityInBlood	Ok	HP:0031419				UBERON:0000178			http://purl.obolibrary.org/obo/PR_P04278	sex hormone-binding globulin (human)					Selected human specific; species neutral term exists (http://purl.obolibrary.org/obo/PR_000014836). 	6
to do	next	HP:0031424	Abnormal circulating beta-C-terminal telopeptide concentration	A deviation from the normal concentration of beta-C-terminal telopeptide of type I collagen in the blood circulation, a marker of the rate of bone turnover.	Abnormal circulating beta-CTX concentration	Any deviation from the normal concentration of beta-CTX (= beta-C-terminal telopeptide, =  beta-C-terminal telopeptide of type I collagen) in the blood circulation.	I prefer the abbreviation "beta-CTX". Full term added in definition.   "a marker of the rate of bone turnover" might be added in the new definition, see old definition (standardization?).   	Yes	abnormalLevelOfChemicalEntityInBlood	OK	HP:0031424				UBERON:0000178			Not found						Synonyms for beta-C-terminal telopeptide include CTX, CrossLaps, Beta-CrossLaps, beta-CTx, C-terminal collagen crosslinks, carboxy terminal collagen crosslinks, and collagen type I C-telopeptide (not found in PR and CHEBI).   Regarding beta-C-terminal telopeptide see e.g. PMID:9286756.	9
to do	next	HP:0031425	Increased circulating beta-C-terminal telopeptide concentration	A abnormal elevation above the normal concentration of beta-C-terminal telopeptide of type I collagen in the blood circulation.	Elevated circulating beta-CTX concentration	The concentration of beta-CTX (= beta-C-terminal telopeptide, =  beta-C-terminal telopeptide of type I collagen) in the blood circulation is above the upper limit of normal.	I prefer the abbreviation "beta-CTX". Full term added in definition.    	Yes	abnormallyIncreasedLevelOfChemicalEntityInBlood	OK	HP:0031425				UBERON:0000178			Not found						Synonyms for beta-C-terminal telopeptide include CTX, CrossLaps, Beta-CrossLaps, beta-CTx, C-terminal collagen crosslinks, carboxy terminal collagen crosslinks, and collagen type I C-telopeptide (not found in PR and CHEBI).   Regarding beta-C-terminal telopeptide see e.g. PMID:9286756.	1
to do	next	HP:0031426	Decreased circulating beta-C-terminal telopeptide concentration	A reduction from the normal concentration of beta-C-terminal telopeptide of type I collagen in the blood circulation.	Decreased circulating beta-CTX concentration	The concentration of beta-CTX (= beta-C-terminal telopeptide, =  beta-C-terminal telopeptide of type I collagen) in the blood circulation is below the lower limit of normal.	I prefer the abbreviation "beta-CTX". Full term added in definition.    	Yes	abnormallyDecreasedLevelOfChemicalEntityInBlood	OK	HP:0031426				UBERON:0000178			Not found						Synonyms for beta-C-terminal telopeptide include CTX, CrossLaps, Beta-CrossLaps, beta-CTx, C-terminal collagen crosslinks, carboxy terminal collagen crosslinks, and collagen type I C-telopeptide (not found in PR and CHEBI).   Regarding beta-C-terminal telopeptide see e.g. PMID:9286756.	1
to do	ignore	HP:0031427	Abnormal circulating osteocalcin level	A deviation from the normal concentration of osteocalcin in the blood circulation.				Yes	abnormalLevelOfChemicalEntityInLocation	OK	HP:0031427				UBERON:0000178										
to do	ignore	HP:0031428	Increased circulating osteocalcin level	An elevated level of osteocalcin in the blood.				Yes	abnormallyIncreasedLevelOfChemicalEntityInLocation	OK	HP:0031428				UBERON:0000178										
to do	ignore	HP:0031429	Decreased circulating osteocalcin level	A reduced level of osteocalcin in the blood.				Yes	abnormallyDecreasedLevelOfChemicalEntityInLocation	OK	HP:0031429				UBERON:0000178										
done	next	HP:0031438	Abnormal sex hormone-binding globulin level	A deviation from the normal concentration in the circulation of sex hormone-binding globulin, a circulating glycoprotein that transports testosterone and other steroids in the blood.				Yes	abnormalLevelOfChemicalEntityInBlood	OK	HP:0031438				UBERON:0000178			http://purl.obolibrary.org/obo/PR_P04278	sex hormone-binding globulin (human)					Selected human specific; species neutral term exists (http://purl.obolibrary.org/obo/PR_000014836). 	1
to do	next	HP:0031439	Abnormal angiostatin level	A deviation from the normal concentration in the circulation of angiostatin, an endogenous angiogenesis inhibitor, which blocks the growth of new blood vessels.	Abnormal circulating angiostatin concentration	Any deviation from the normal concentration of angiostatin in the blood circulation.	Additional informations about the protein might be added (standardization?).	Yes	abnormalLevelOfChemicalEntityInBlood	OK	HP:0031439				UBERON:0000178			Not found						Angiostatin, an endogenous angiogenesis inhibitor, is a fragment of plasminogen. See PMID:19144161.	6
to do	ignore	HP:0031505	Abnormal circulating T4 concentration	A deviation from the normal concentration of thyroxine in the blood. Thyroxine (also known as T4) is the main hormone secreted by the thyroid gland into the blood. It can be converted into the active form triiodothyronine (also known as T3).				Yes	abnormalLevelOfChemicalEntityInLocation	Ok	HP:0031505				UBERON:0000178										
to do	ignore	HP:0031506	Increased circulating T4 concentration	An elevation above the normal concentration of thyroxine in the blood. Thyroxine (also known as T4) is the main hormone secreted by the thyroid gland into the blood. It can be converted into the active form triiodothyronine (also known as T3).				Yes	abnormallyIncreasedLevelOfChemicalEntityInLocation	Ok	HP:0031506				UBERON:0000178										
to do	ignore	HP:0031507	Decreased circulating T4 concentration	A reduction below the normal concentration of thyroxine in the blood. Thyroxine (also known as T4) is the main hormone secreted by the thyroid gland into the blood. It can be converted into the active form triiodothyronine (also known as T3).				Yes	abnormallyDecreasedLevelOfChemicalEntityInLocation	Ok	HP:0031507				UBERON:0000178										
to do	ignore	HP:0031508	Abnormal circulating thyroid hormone concentration	Any deviation from the normal range of the hormones produced by the thyroid gland.				Yes	abnormalLevelOfChemicalEntityInLocation	OK	HP:0031508				UBERON:0000178										
to do	ignore	HP:0031544	Elevated circulating palmitoleylcarnitine concentration	An elevated level of propionylcarnitine in the circulation. Propionylcarnitine is present in high abundance in the urine of patients with Methylmalonyl-CoA mutase (MUT) deficiency.				Yes	abnormallyIncreasedLevelOfChemicalEntityInLocation	Ok	HP:0031544				UBERON:0000178										
done	ignore	HP:0031793	Increased serum leptin	An increased concentration of leptin in the blood.				Yes	abnormallyIncreasedLevelOfChemicalEntityInBlood	OK	HP:0031793				UBERON:0000178			http://purl.obolibrary.org/obo/PR_000009758	leptin						
to do	ignore	HP:0031794	Decreased circulating glycerol level	A decrease below the normal concentration of glycerol in the blood.				Yes	abnormallyDecreasedLevelOfChemicalEntityInLocation	OK	HP:0031794				UBERON:0000178										
to do	ignore	HP:0031795	Abnormal circulating glycerol level	Any deviation from the normal concentration of glycerol in the blood.				Yes	abnormalLevelOfChemicalEntityInLocation	OK	HP:0031795				UBERON:0000178										
done	next	HP:0031799	Decreased circulating apolipoprotein A-I concentration	Concentration of apolipoprotein A-I below the lower limit of normal. Apolipoprotein A-I is the major protein component of high density lipoprotein (HDL) in plasma. Defects in this gene are associated with HDL deficiencies, including Tangier disease.				Yes	abnormallyDecreasedLevelOfChemicalEntityInBlood	Ok	HP:0031799				UBERON:0000178			http://purl.obolibrary.org/obo/PR_000004140	apolipoprotein A-I						2
to do	ignore	HP:0031817	Decreased circulating parathyroid hormone level	An abnormally decreased concentration of parathyroid hormone.				Yes	abnormallyDecreasedLevelOfChemicalEntityInLocation	OK	HP:0031817				UBERON:0000178										
to do	ignore	HP:0031821	Abnormal hypoxanthine-guanine phosphoribosyltransferase level	Altered level of the enzyme that catalyzes conversion of hypoxanthine to inosine monophosphate and guanine to guanosine monophosphate via transfer of the 5-phosphoribosyl group from 5-phosphoribosyl 1-pyrophosphate.				Yes	abnormalLevelOfChemicalEntityInLocation	OK	HP:0031821				UBERON:0000178										
done	ignore	HP:0031831	Decreased serum zinc	A reduced concentration of zinc in the blood.				Yes	abnormallyDecreasedLevelOfChemicalEntityInBlood	OK	HP:0031831				UBERON:0000178			http://purl.obolibrary.org/obo/CHEBI_27363	zinc atom						
to do	ignore	HP:0031835	Abnormal superoxide dismutase level	An abnormal level of catalysis of the reaction: 2 superoxide + 2 H+ = O2 + hydrogen peroxide.				Yes	abnormalLevelOfChemicalEntityInLocation	OK	HP:0031835				UBERON:0000178										
to do	next	HP:0031875	Abnormal circulating hepcidin concentration	Any deviation from the normal concentration of hepcidin in the blood circulation.				Yes	abnormalLevelOfChemicalEntityInBlood	OK	HP:0031875				UBERON:0000178			http://purl.obolibrary.org/obo/PR_P81172  http://purl.obolibrary.org/obo/CHEBI_80285	hepcidin (human) / Liver-expressed antimicrobial peptide 1					PR: Selected human specific; species neutral term exists (http://purl.obolibrary.org/obo/PR_000008438).  CHEBI: species neutral term.  Note: Hepcidin and liver-expressed antimicrobial peptide 1 are synonyms (same substance); see e.g. PMID:15082576.    	9
to do	next	HP:0031876	Decreased circulating hepcidin concentration	Concentration of hepcidin in the blood circulation below the lower limit of normal.				Yes	abnormallyDecreasedLevelOfChemicalEntityInBlood	OK	HP:0031876				UBERON:0000178			http://purl.obolibrary.org/obo/PR_P81172  http://purl.obolibrary.org/obo/CHEBI_80285	hepcidin (human) / Liver-expressed antimicrobial peptide 1					PR: Selected human specific; species neutral term exists (http://purl.obolibrary.org/obo/PR_000008438).  CHEBI: species neutral term.  Note: Hepcidin and liver-expressed antimicrobial peptide 1 are synonyms (same substance); see e.g. PMID:15082576. 	1
to do	next	HP:0031877	Elevated circulating hepcidin concentration	Concentration of hepcidin in the blood circulation above the upper limit of normal.				Yes	abnormallyIncreasedLevelOfChemicalEntityInBlood	OK	HP:0031877				UBERON:0000178			http://purl.obolibrary.org/obo/PR_P81172  http://purl.obolibrary.org/obo/CHEBI_80285	hepcidin (human) / Liver-expressed antimicrobial peptide 1					PR: Selected human specific; species neutral term exists (http://purl.obolibrary.org/obo/PR_000008438).  CHEBI: species neutral term.  Note: Hepcidin and liver-expressed antimicrobial peptide 1 are synonyms (same substance); see e.g. PMID:15082576. 	1
to do	ignore	HP:0031886	Abnormal LDL cholesterol concentration	Any deviation from the normal concentration of low-density lipoprotein cholesterol in the blood circulation.				Yes	abnormalLevelOfChemicalEntityInLocation	Ok	HP:0031886				UBERON:0000178										
to do	ignore	HP:0031887	Abnormal chylomicron concentration	Any deviation from the normal circulating concentration of chylomicrons.				Yes	abnormalLevelOfChemicalEntityInLocation	Ok	HP:0031887				UBERON:0000178										
done	ignore	HP:0031888	Abnormal HDL cholesterol concentration	Any deviation from the normal concentration of high-density lipoprotein cholesterol (HDL) in the blood.				Yes	abnormalLevelOfChemicalEntityInBlood	Ok	HP:0031888				UBERON:0000178			http://purl.obolibrary.org/obo/CHEBI_47775	high-density lipoprotein cholesterol						
done	ignore	HP:0031889	Abnormal VLDL cholesterol concentration	Any deviation from the normal concentration of very-low-density lipoprotein cholesterol in the blood.				Yes	abnormalLevelOfChemicalEntityInBlood	Ok	HP:0031889				UBERON:0000178			http://purl.obolibrary.org/obo/CHEBI_47773	very-low-density lipoprotein cholesterol						
to do	ignore	HP:0031901	Elevated total serum tryptase	An abnormally elevated concentration of total tryptase (alpha and beta tryptase) in the blood circulation.				Yes	abnormallyIncreasedLevelOfChemicalEntityInLocation	OK	HP:0031901				UBERON:0000178										
to do	ignore	HP:0031903	Abnormal circulating selenium concentration	Any deviation from the normal circulating concentration of selenium.				Yes	abnormalLevelOfChemicalEntityInLocation	OK	HP:0031903				UBERON:0000178										
to do	ignore	HP:0031945	Elevated circulating N,N-dimethylglycine concentration	An increased concentration of N,N-dimethylglycine in the circulation.				Yes	abnormallyIncreasedLevelOfChemicalEntityInLocation	OK	HP:0031945				UBERON:0000178										
to do	ignore	HP:0031956	Elevated circulating aspartate aminotransferase concentration	The concentration of aspartate aminotransferase (AST) in the blood circulation is above the upper limit of normal.				Yes	abnormallyIncreasedLevelOfChemicalEntityInLocation	Ok	HP:0031956				UBERON:0000178										
to do	ignore	HP:0031964	Elevated circulating alanine aminotransferase concentration	An abnormally high concentration in the circulation of alanine aminotransferase (ALT).				Yes	abnormallyIncreasedLevelOfChemicalEntityInLocation	Ok	HP:0031964				UBERON:0000178										
to do	ignore	HP:0031969	Reduced blood urea nitrogen	An abnormally low concentration of urea nitrogen in the blood.				Yes	abnormallyDecreasedLevelOfChemicalEntityInLocation	OK	HP:0031969				UBERON:0000178										
to do	ignore	HP:0031970	Abnormal blood urea nitrogen concentration	Any deviation from the normal concentration of urea nitrogen in the blood.				Yes	abnormalLevelOfChemicalEntityInLocation	OK	HP:0031970				UBERON:0000178										
done	next	HP:0032025	Reduced circulating alpha-1-antitrypsin concentration	A reduced concentration or activity of circulating alpha-1 antitrypsin, which is a 52-kDa glycoprotein mainly synthesized and secreted by hepatocytes into the bloodstream. Alpha-1 antitrypsin is a serine-proteinase inhibitor that it is crucial in maintaining protease-antiprotease homeostasis in the lungs.				Yes	abnormallyDecreasedLevelOfChemicalEntityInBlood	Ok	HP:0032025				UBERON:0000178			http://purl.obolibrary.org/obo/PR_P01009	alpha-1-antitrypsin (human)					Selected human specific; species neutral term exists (http://purl.obolibrary.org/obo/PR_000014678).	3
to do	ignore	HP:0032066	Decreased serum bicarbonate concentration	An abnormal reduction of the concentration of bicarbonate, HCO3[-], in the circulation.				Yes	abnormallyDecreasedLevelOfChemicalEntityInLocation	Ok	HP:0032066				UBERON:0000178										
to do	ignore	HP:0032067	Elevated serum bicarbonate concentration	An abnormal increase in the concentration of bicarbonate, HCO3[-], in the circulation.				Yes	abnormallyIncreasedLevelOfChemicalEntityInLocation	Ok	HP:0032067				UBERON:0000178										
to do	next	HP:0032094	Increased circulating surfactant protein level	An increased concentration of a surfactant protein in the blood circulation. Pulmonary surfactant is a highly surface-active mixture of proteins and lipids that is synthesized and secreted onto the alveoli by type II epithelial cells. The protein part of surfactant constitutes of four types of surfactant proteins (SP), SP-A, SP-B, SP-C and SP-D. SP-A and SP-D are hydrophilic proteins that regulate surfactant metabolism and have immunologic functions. These two proteins are detectable in the bloodstream and an elevated level may reflect idiopathic pulmonary fibrosis.	Elevated circulating surfactant protein concentration	The concentration of surfactant protein in the blood circulation is above the upper limit of normal.	The old definition is very comprehensive and detailed, from my point of view too detailed (standardization?).	Yes	abnormallyIncreasedLevelOfChemicalEntityInBlood	Ok	HP:0032094				UBERON:0000178			Not found						In PR, (pulmonary) surfactant protein is not listed as a general class but in form of different subtypes, e.g. surfactant protein C (human) (http://purl.obolibrary.org/obo/PR_P11686) or pulmonary surfactant-associated protein D (human) (http://purl.obolibrary.org/obo/PR_P35247).  Regarding (pulmonary) surfactant protein in blood see e.g. PMID:36672632.	6
to do	ignore	HP:0032096	Abnormal manganese concentration	A deviation from the normal range of manganese in the blood circulation.				Yes	abnormalLevelOfChemicalEntityInLocation	OK	HP:0032096				UBERON:0000178										
to do	ignore	HP:0032097	Hypermanganesemia	An elevation above the normal concentration of manganese in the blood.				Yes	abnormallyIncreasedLevelOfChemicalEntityInLocation	Ok	HP:0032097				UBERON:0000178										
to do	ignore	HP:0032098	Hypomanganesemia	A reduction below the normal concentration of manganese in the blood.				Yes	abnormallyDecreasedLevelOfChemicalEntityInLocation	Ok	HP:0032098				UBERON:0000178										
to do	ignore	HP:0032132	Decreased circulating total IgG	A reduction beneath the normal level of total immunoglobulin G (IgG) in the blood.				Yes	abnormallyDecreasedLevelOfChemicalEntityInLocation	Ok	HP:0032132				UBERON:0000178										
to do	ignore	HP:0032135	Decreased circulating IgG subclass level	A reduction below the normal concentration of a subclass of immunoglobulin G (IgG) in the blood.				Yes	abnormallyDecreasedLevelOfChemicalEntityInLocation	Ok	HP:0032135				UBERON:0000178										
to do	ignore	HP:0032136	Decreased circulating IgG1 level	A reduction in immunoglobulin levels of the IgG1 subclass in the blood circulation.				Yes	abnormallyDecreasedLevelOfChemicalEntityInLocation	Ok	HP:0032136				UBERON:0000178										
to do	ignore	HP:0032137	Decreased circulating IgG3 level	A reduction in immunoglobulin levels of the IgG3 subclass in the blood circulation.				Yes	abnormallyDecreasedLevelOfChemicalEntityInLocation	Ok	HP:0032137				UBERON:0000178										
to do	ignore	HP:0032138	Decreased circulating IgG4 level	A reduction in immunoglobulin levels of the IgG4 subclass in the blood circulation.				Yes	abnormallyDecreasedLevelOfChemicalEntityInLocation	Ok	HP:0032138				UBERON:0000178										
to do	ignore	HP:0032139	Reduced isohemagglutinin level	Level of isohemagglutinin reduced below expected concentration. An isohemagglutinin refers to the naturally occurring antibodies in the ABO blood group system (i.e., anti-A in a group B person, anti-B in a group A person, and anti-A, anti-B, and anti-A,B in a group O person).				Yes	abnormallyDecreasedLevelOfChemicalEntityInLocation	Ok	HP:0032139				UBERON:0000178										
to do	ignore	HP:0032164	Increased blood folate concentration	An elevated circulating concentration of folic acid, which is also known as vitamin B9.				Yes	abnormallyIncreasedLevelOfChemicalEntityInLocation	OK	HP:0032164				UBERON:0000178			http://purl.obolibrary.org/obo/CHEBI_27470	folic acid						
to do	next	HP:0032179	Abnormal circulating globulin concentration	An abnormal concentration of globulins in the blood. Albumin makes up more than half of the total protein present in serum. The remaining blood proteins except albumin and fibrinogen (which is not in serum) are referred to as globulins. The globulin fraction includes hundreds of serum proteins including carrier proteins, enzymes, complement, and immunoglobulins. Most of these are synthesized in the liver, although the immunoglobulins are synthesized by plasma cells. Globulins are divided into four groups by electrophoresis. The four fractions are alpha1, alpha2, beta and gamma, depending on their migratory pattern between the anode and the cathode.	Abnormal circulating globulin concentration  	Any deviation from the normal concentration of globulins in the blood circulation.	The old definition is very comprehensive and detailed, from my point of view too detailed (standardization?). 	Yes	abnormalLevelOfChemicalEntityInBlood	OK	HP:0032179				UBERON:0000178			Not found						While HP:0032179 refers to abnormal circulating globulin concentration in the human blood, CHEBI:166892 refers to proteins, globulin type, in animals/human beings and plants (divided into euglobulins and pseudoglobulins).   	10
to do	ignore	HP:0032193	Decreased low-density lipoprotein particle size	An abnormal decrease in the average size of low-density lipoprotein particle size in the blood circulation.				Yes	None of the above	OK	HP:0032193				UBERON:0000178										
done	next	HP:0032205	Increased circulating galectin-3 level	An increased circulation of galectin-3 in the blood circulation.				Yes	abnormallyIncreasedLevelOfChemicalEntityInBlood	Ok	HP:0032205				UBERON:0000178			http://purl.obolibrary.org/obo/PR_P17931	galectin-3 (human)					Selected human specific; species neutral term exists (http://purl.obolibrary.org/obo/PR_000009771).	3
to do	ignore	HP:0032209	Abnormal circulating free T3 concentration	A deviation from the normal concentration of free triiodothyronine (T3) in the blood circulation. A proportion of T3 is bound to plasma proteins in the blood, including mainly thyroxine binding globulin, transthyretin, and albumin. T3 that is not bound to a protein is referred to as free T3.				Yes	abnormalLevelOfChemicalEntityInLocation	Ok	HP:0032209				UBERON:0000178			http://purl.obolibrary.org/obo/CHEBI_18258	3,3',5-triiodo-L-thyronine						
to do	ignore	HP:0032210	Decreased circulating free T3	A reduced concentration of free 3,3',5-triiodo-L-thyronine in the blood circulation.				Yes	abnormallyDecreasedLevelOfChemicalEntityInLocation	OK	HP:0032210				UBERON:0000178			http://purl.obolibrary.org/obo/CHEBI_18258	3,3',5-triiodo-L-thyronine						
to do	next	HP:0032232	Increased circulating creatine kinase MB isoform	An increased concentration of the MB isoform of creatine kinase in the blood circulation.	Elevated circulating CK-MB concentration	The concentration of CK-MB (= creatine kinase MB) in the blood circulation is above the upper limit of normal.	I suggest using the well-known abbreviation "CK-MB" in label and definition.    	Yes	abnormallyIncreasedLevelOfChemicalEntityInBlood	OK	HP:0032232				UBERON:0000178			Not found						Regarding CK-MB see e.g. PMID:32491523.	18
done	next	HP:0032233	Increased circulating creatine kinase BB isoform	An increased concentration of the BB isoform of creatine kinase in the blood circulation.				Yes	abnormallyIncreasedLevelOfChemicalEntityInBlood	OK	HP:0032233				UBERON:0000178			http://purl.obolibrary.org/obo/PR_P12277	creatine kinase B-type (human)					Selected human specific; species neutral term exists (http://purl.obolibrary.org/obo/PR_000005513). 	2
done	next	HP:0032234	Increased circulating creatine kinase MM isoform	An increased concentration of the MM isoform of creatine kinase in the blood circulation.				Yes	abnormallyIncreasedLevelOfChemicalEntityInBlood	OK	HP:0032234				UBERON:0000178			http://purl.obolibrary.org/obo/PR_P06732	creatine kinase M-type (human)					Selected human specific; species neutral term exists (http://purl.obolibrary.org/obo/PR_000005515). 	2
done	next	HP:0032240	Elevated circulating E selectin level	An increased concentration of E selectin in the blood circulation.				Yes	abnormallyIncreasedLevelOfChemicalEntityInBlood	Ok	HP:0032240				UBERON:0000178			http://purl.obolibrary.org/obo/PR_P16581	E-selectin (human)					Selected human specific; species neutral term exists (http://purl.obolibrary.org/obo/PR_000001415).	4
to do	ignore	HP:0032244	Decreased serum thromboxane B2	A reduction in the concentration of thromboxane B2 in the blood circulation.				Yes	abnormallyDecreasedLevelOfChemicalEntityInLocation	Ok	HP:0032244				UBERON:0000178										
done	ignore	HP:0032254	Increased circulating copper concentration	An abnormally elevated concentration of copper in the blood circulation. This term refers to the total copper concentration.				Yes	abnormallyIncreasedLevelOfChemicalEntityInBlood	OK	HP:0032254				UBERON:0000178			http://purl.obolibrary.org/obo/CHEBI_28694	copper atom						
to do	ignore	HP:0032273	Increased circulating N-acetylaspartic acid concentration	Concentration of N-acetylaspartic acid in the blood circulation above the upper limit of normal.				Yes	abnormallyIncreasedLevelOfChemicalEntityInLocation	Ok	HP:0032273				UBERON:0000178										
to do	ignore	HP:0032296	Increased circulating IgG subclass	An elevation of circulating IgG level predominantly related to an elevation of one of the four IgG subclasses.				Yes	abnormallyIncreasedLevelOfChemicalEntityInLocation	OK	HP:0032296				UBERON:0000178										
to do	next	HP:0032304	Abnormal circulating mannose-binding protein concentration	Any deviation from the normal concentration of mannose-binding protein in the blood circulation.	Abnormal circulating mannose-binding protein concentration  	Any deviation from the normal concentration of mannose-binding protein in the blood circulation.		Yes	abnormalLevelOfChemicalEntityInBlood	OK	HP:0032304				UBERON:0000178			Not found						Subclass in PR: mannose-binding protein C (human) (http://purl.obolibrary.org/obo/PR_P11226).  Regarding mannose-binding protein see e.g. PMID:7515838.	6
to do	next	HP:0032305	Decreased circulating mannose-binding protein concentration	Concentration of mannose-binding protein in the blood circulation below the lower limit of normal.	Decreased circulating mannose-binding protein concentration	The concentration of mannose-binding protein in the blood circulation is below the lower limit of normal.		Yes	abnormallyDecreasedLevelOfChemicalEntityInBlood	OK	HP:0032305				UBERON:0000178			Not found						Subclass in PR: mannose-binding protein C (human) (http://purl.obolibrary.org/obo/PR_P11226).  Regarding mannose-binding protein see e.g. PMID:7515838.	1
to do	next	HP:0032306	Increased circulating mannose-binding protein concentration	Concentration of mannose-binding protein in the blood circulation above the upper limit of normal.	Elevated circulating mannose-binding protein concentration	The concentration of mannose-binding protein in the blood circulation is above the upper limit of normal.		Yes	abnormallyIncreasedLevelOfChemicalEntityInBlood	OK	HP:0032306				UBERON:0000178			Not found						Subclass in PR: mannose-binding protein C (human) (http://purl.obolibrary.org/obo/PR_P11226).  Regarding mannose-binding protein see e.g. PMID:7515838.	1
to do	ignore	HP:0032308	Increased circulating procalcitonin concentration	An elevated concentration of procalcitonin in the blood circulation.				Yes	abnormallyIncreasedLevelOfChemicalEntityInLocation	OK	HP:0032308				UBERON:0000178										
to do	next	HP:0032311	Increased circulating globulin level	An abnormally elevated concentration of globulins in the blood.	Elevated circulating globulin concentration	The concentration of globulins in the blood circulation is above the upper limit of normal.	Please us the plural form in the definition: "globulins".	Please us the plural form in the definition: "globulins".	Please us the plural form in the definition: "globulins".	OK	HP:0032311				UBERON:0000178			Not found						While HP:0032179 refers to abnormal circulating globulin concentration in the human blood, CHEBI:166892 refers to proteins, globulin type, in animals/human beings and plants (divided into euglobulins and pseudoglobulins).  	1
to do	next	HP:0032312	Decreased circulating globulin level	An abnormally reduced concentration of globulins in the blood.	Decreased circulating globulin concentration	The concentration of globulins in the blood circulation is below the lower limit of normal.	Please us the plural form in the definition: "globulins".	Yes	abnormallyDecreasedLevelOfChemicalEntityInBlood	OK	HP:0032312				UBERON:0000178			Not found						While HP:0032179 refers to abnormal circulating globulin concentration in the human blood, CHEBI:166892 refers to proteins, globulin type, in animals/human beings and plants (divided into euglobulins and pseudoglobulins).  	1
to do	ignore	HP:0032336	Increased circulating specific IgE antibody					Yes	abnormallyIncreasedLevelOfChemicalEntityInLocation	Ok	HP:0032336				UBERON:0000178										
to do	ignore	HP:0032345	Elevated cancer Ag 19-9 level	An abnormal increased in the amount of the carbohydrate antigen 19-9, a recognizable sialo-ganglioside in the blood circulation.				Yes	abnormallyIncreasedLevelOfChemicalEntityInLocation	OK	HP:0032345				UBERON:0000178										
done	ignore	HP:0032362	Increased circulating corticosterone level	An abnormally elevated concentration of corticosterone in the blood.				Yes	abnormallyIncreasedLevelOfChemicalEntityInBlood	OK	HP:0032362				UBERON:0000178			http://purl.obolibrary.org/obo/CHEBI_16827	corticosterone						
done	ignore	HP:0032363	Decreased circulating corticosterone level	An abnormally reduced concentration of corticosterone in the blood.				Yes	abnormallyDecreasedLevelOfChemicalEntityInBlood	OK	HP:0032363				UBERON:0000178			http://purl.obolibrary.org/obo/CHEBI_16827	corticosterone						
to do	ignore	HP:0032367	Abnormal growth hormone level	Any deviation from the normal level of growth hormone (GH) in the blood circulation. GH or somatotropin is a peptide hormone that stimulates growth, cell reproduction, and cell regeneration. Its secretion from the pituitary is regulated by the neurosecretory nuclei of the hypothalamus, which can release Growth hormone-releasing hormone (GHRH or somatocrinin) and Growth hormone-inhibiting hormone (GHIH or somatostatin) into the hypophyseal portal venous blood surrounding the pituitary. GH is secreted in a pulsatile manner, which is one of the reasons why an isolated measurement of its blood concentration is not meaningful.				Yes	abnormalLevelOfChemicalEntityInLocation	OK	HP:0032367				UBERON:0000178	http://purl.obolibrary.org/obo/GO_0030252	growth hormone secretion								
done	next	HP:0032385	Abnormal circulating transferrin concentration	Any deviation from the normal concentration of transferrin in the blood circulation.				Yes	abnormalLevelOfChemicalEntityInBlood	OK	HP:0032385				UBERON:0000178			http://purl.obolibrary.org/obo/PR_P02787	serotransferrin (human)					Selected human specific; species neutral term exists (http://purl.obolibrary.org/obo/PR_000016261).	1
done	next	HP:0032386	Elevated circulating transferrin concentration	An abnormally increased concentration of transferrin in the blood circulation.				Yes	abnormallyIncreasedLevelOfChemicalEntityInBlood	Ok	HP:0032386				UBERON:0000178			http://purl.obolibrary.org/obo/PR_P02787	serotransferrin (human)					Selected human specific; species neutral term exists (http://purl.obolibrary.org/obo/PR_000016261).	1
done	next	HP:0032387	Reduced circulating transferrin concentration	An abnormally decreased concentration of transferrin in the blood circulation.				Yes	abnormallyDecreasedLevelOfChemicalEntityInBlood	Ok	HP:0032387				UBERON:0000178			http://purl.obolibrary.org/obo/PR_P02787	serotransferrin (human)					Selected human specific; species neutral term exists (http://purl.obolibrary.org/obo/PR_000016261).	1
to do	ignore	HP:0032418	Abnormal HDL subfraction concentration	An abnormal concentration of an HDL subfraction, which can be determined by methods such as electrophoresis followed by densitometric determination of the areas under the peaks. Large HDL subfractions are defined as HDL1 (greater than 12 nm), HDL2b (9.7-12 nm), and HDL2a (8.8-9.69 nm). Small HDL subfractions are defined as HDL3a (8.2-8.79 nm), HDL3b (7.8-8.19 nm), and HDL3c (7.20-7.79 nm).				Yes	abnormalLevelOfChemicalEntityInLocation	Ok	HP:0032418				UBERON:0000178										
to do	ignore	HP:0032419	Abnormal HDL2a concentration	Any deviation from the normal concentration of the HDL2a subfraction in the blood circulation. An HDL2a particle is defined as an HDL particle with a size of 8.80-9.69 nm.				Yes	abnormalLevelOfChemicalEntityInLocation	Ok	HP:0032419				UBERON:0000178										
to do	ignore	HP:0032420	Increased HDL2a concentration	An elevation above the normal concentration of the HDL2a subfraction in the blood circulation. An HDL2a particle is defined as an HDL particle with a size of 8.80-9.69 nm.				Yes	abnormallyIncreasedLevelOfChemicalEntityInLocation	Ok	HP:0032420				UBERON:0000178										
to do	ignore	HP:0032421	Decreased HDL2a concentration	A reduction below the normal concentration of the HDL2a subfraction in the blood circulation. An HDL2a particle is defined as an HDL particle with a size of 8.80-9.69 nm.				Yes	abnormallyDecreasedLevelOfChemicalEntityInLocation	Ok	HP:0032421				UBERON:0000178										
to do	ignore	HP:0032422	Abnormal HDL2b concentration	Any deviation from the normal concentration of the HDL2b subfraction in the blood circulation. An HDL2b particle is defined as an HDL particle with a size of 9.7-12 nm.				Yes	abnormalLevelOfChemicalEntityInLocation	Ok	HP:0032422				UBERON:0000178										
to do	ignore	HP:0032423	Decreased HDL2b concentration	A reduction below the normal concentration of the HDL2b subfraction in the blood circulation. An HDL2b particle is defined as an HDL particle with a size of 9.7-12 nm.				Yes	abnormallyDecreasedLevelOfChemicalEntityInLocation	Ok	HP:0032423				UBERON:0000178										
to do	ignore	HP:0032424	Increased HDL2b concentration	An elevation above the normal concentration of the HDL2b subfraction in the blood circulation. An HDL2b particle is defined as an HDL particle with a size of 9.7-12 nm.				Yes	abnormallyIncreasedLevelOfChemicalEntityInLocation	Ok	HP:0032424				UBERON:0000178										
to do	ignore	HP:0032425	Abnormal HDL3a concentration	Any deviation from the normal concentration of the HDL3a subfraction in the blood circulation. An HDL3a particle is defined as an HDL particle with a size of 8.2-8.79 nm.				Yes	abnormalLevelOfChemicalEntityInLocation	Ok	HP:0032425				UBERON:0000178										
to do	ignore	HP:0032426	Abnormal HDL3b concentration	Any deviation from the normal concentration of the HDL3b subfraction in the blood circulation. An HDL3b particle is defined as an HDL particle with a size of 7.8-8.19 nm.				Yes	abnormalLevelOfChemicalEntityInLocation	Ok	HP:0032426				UBERON:0000178										
to do	ignore	HP:0032427	Abnormal HDL3c concentration	Any deviation from the normal concentration of the HDL3c subfraction in the blood circulation. An HDL3c particle is defined as an HDL particle with a size of 7.20-7.79 nm.				Yes	abnormalLevelOfChemicalEntityInLocation	Ok	HP:0032427				UBERON:0000178										
to do	ignore	HP:0032428	Increased HDL3a concentration	An elevation above the normal concentration of the HDL3a subfraction in the blood circulation. An HDL3a particle is defined as an HDL particle with a size of 8.2-8.79 nm.				Yes	abnormallyIncreasedLevelOfChemicalEntityInLocation	Ok	HP:0032428				UBERON:0000178										
to do	ignore	HP:0032429	Decreased HDL3a concentration	A reduction below the normal concentration of the HDL3a subfraction in the blood circulation. An HDL3a particle is defined as an HDL particle with a size of 8.2-8.79 nm.				Yes	abnormallyDecreasedLevelOfChemicalEntityInLocation	Ok	HP:0032429				UBERON:0000178										
to do	ignore	HP:0032430	Increased HDL3b concentration	An elevation above the normal concentration of the HDL3b subfraction in the blood circulation. An HDL3b particle is defined as an HDL particle with a size of 7.8-8.19 nm.				Yes	abnormallyIncreasedLevelOfChemicalEntityInLocation	Ok	HP:0032430				UBERON:0000178										
to do	ignore	HP:0032431	Decreased HDL3b concentration	A reduction below the normal concentration of the HDL3b subfraction in the blood circulation. An HDL3b particle is defined as an HDL particle with a size of 7.8-8.19 nm.				Yes	abnormallyDecreasedLevelOfChemicalEntityInLocation	Ok	HP:0032431				UBERON:0000178										
to do	ignore	HP:0032432	Increased HDL3c concentration	An elevation above the normal concentration of the HDL3c subfraction in the blood circulation. An HDL3c particle is defined as an HDL particle with a size of 7.20-7.79 nm.				Yes	abnormallyIncreasedLevelOfChemicalEntityInLocation	Ok	HP:0032432				UBERON:0000178										
to do	ignore	HP:0032433	Decreased HDL3c concentration	A reduction below the normal concentration of the HDL3c subfraction in the blood circulation. An HDL3c particle is defined as an HDL particle with a size of 7.20-7.79 nm.				Yes	abnormallyDecreasedLevelOfChemicalEntityInLocation	Ok	HP:0032433				UBERON:0000178										
done	next	HP:0032436	Abnormal circulating C-reactive protein concentration	Any deviation from the normal concentration of C-reactive protein in the blood circulation.				Yes	abnormalLevelOfChemicalEntityInBlood	OK	HP:0032436				UBERON:0000178			http://purl.obolibrary.org/obo/PR_P02741	C-reactive protein (human)					Selected human specific; species neutral term exists (http://purl.obolibrary.org/obo/PR_000005897).	1
done	next	HP:0032437	Reduced circulating C-reactive protein concecntration	An abnormal decrease of the C-reactive protein level in serum.				Yes	abnormallyDecreasedLevelOfChemicalEntityInBlood	OK	HP:0032437				UBERON:0000178			http://purl.obolibrary.org/obo/PR_P02741	C-reactive protein (human)					Selected human specific; species neutral term exists (http://purl.obolibrary.org/obo/PR_000005897).	1
to do	ignore	HP:0032455	Reduced granulocyte CD18 level	Reduced level of CD18 on the granulocyte surface. This feature can be assessed by flow cytometry.				Yes	abnormallyDecreasedLevelOfChemicalEntityInLocation	Ok	HP:0032455				UBERON:0000178										
to do	ignore	HP:0032459	Abnormal phosphoribosylpyrophosphate synthetase level	Any deviation from the normal level of the enzyme phosphoribosyl pyrophosphatesynthetase, which catalyzes the synthesis of PP-ribose-P from ATP and ribose-5-phosphate.				Yes	abnormalLevelOfChemicalEntityInLocation	OK	HP:0032459				UBERON:0000178										
to do	ignore	HP:0032460	Decreased phosphoribosylpyrophosphate synthetase level	Abnormally reduced level of the enzyme phosphoribosyl pyrophosphatesynthetase, which catalyzes the synthesis of PP-ribose-P from ATP and ribose-5-phosphate.				Yes	abnormallyDecreasedLevelOfChemicalEntityInLocation	Ok	HP:0032460				UBERON:0000178										
to do	ignore	HP:0032462	Increased circulating palmitate level	An elevation beyond the normal concentration of palmitate (palmitic acid) in the blood circulation.				Yes	abnormallyIncreasedLevelOfChemicalEntityInLocation	Ok	HP:0032462				UBERON:0000178										
to do	next	HP:0032463	Reduced circulating fibronectin level	A reduction below the normal concentration of fibronectin the the blood circulation.				Yes	abnormallyDecreasedLevelOfChemicalEntityInBlood	Ok	HP:0032463				UBERON:0000178			http://purl.obolibrary.org/obo/PR_P02751  http://purl.obolibrary.org/obo/CHEBI_5058 	fibronectin (human) / Fibronectin 					PR: Selected human specific; species neutral term exists (http://purl.obolibrary.org/obo/PR_000007581).  CHEBI: species neutral term.	3
to do	ignore	HP:0032477	Elevated circulating vitamin B6 concentration	An abnormally increased concentration of vitamin B6 in the blood circulation.				Yes	abnormallyIncreasedLevelOfChemicalEntityInLocation	Ok	HP:0032477				UBERON:0000178										
to do	ignore	HP:0032481	Abnormal pituitary glycoprotein hormone alpha subunit level	Any deviation from the normal concentration of circulating alpha polypeptide of glycoprotein hormones (NCBI Gene 1081).				Yes	abnormalLevelOfChemicalEntityInLocation	OK	HP:0032481				UBERON:0000178										
to do	ignore	HP:0032482	Decreased pituitary glycoprotein hormone alpha subunit level	An reduced concentration of circulating alpha polypeptide of glycoprotein hormones (NCBI Gene 1081).				Yes	abnormallyDecreasedLevelOfChemicalEntityInLocation	Ok	HP:0032482				UBERON:0000178										
to do	ignore	HP:0032491	Increased circulating argininosuccinic acid	An increased level of the non-proteinogenic amino acid argininosuccinic acid in the blood circulation.				Yes	abnormallyIncreasedLevelOfChemicalEntityInLocation	OK	HP:0032491				UBERON:0000178										
to do	next	HP:0032493	Increased circulating trypsinogen	An abnormally high concentration of trypsinogen in the blood circulation.	Elevated circulating trypsinogen concentration	The concentration of trypsinogen in the blood circulation is above the upper limit of normal.		Yes	abnormallyIncreasedLevelOfChemicalEntityInBlood	Ok	HP:0032493				UBERON:0000178			Not found						Regarding trypsinogen see e.g. PMID:10564107.	6
to do	ignore	HP:0032530	Decreased succinic semialdehyde dehydrogenase level	Reduced level of succinic semialdehyde dehydrogenase (SSADH).				Yes	abnormallyDecreasedLevelOfChemicalEntityInLocation	OK	HP:0032530				UBERON:0000178										
to do	ignore	HP:0032533	Elevated circulating acetone concentration	An increased level of acetone in the blood circulation. Acetone is one of the predominant ketone bodies.				Yes	abnormallyIncreasedLevelOfChemicalEntityInLocation	OK	HP:0032533				UBERON:0000178										
to do	ignore	HP:0032575	Decreased circulating 12-HETE	A reduction in the concentration of 12-HETE in the blood circulation, a metabolite of arachidonic acid.				Yes	abnormallyDecreasedLevelOfChemicalEntityInLocation	Ok	HP:0032575				UBERON:0000178										
done	next	HP:0032640	Elevated circulating CCL18 level	An increased concentration of C-C motif chemokine ligand 18 in the blood circulation.				Yes	abnormallyIncreasedLevelOfChemicalEntityInBlood	Ok	HP:0032640				UBERON:0000178			http://purl.obolibrary.org/obo/PR_P55774	C-C motif chemokine 18 (human)					PR: Selected human specific; species neutral term exists (http://purl.obolibrary.org/obo/PR_000001990).	11
to do	ignore	HP:0032657	Elevated circulating lyso-globotriaosylsphingosine concentration	An abnormal increase in the level of globotriaosylsphingosine (Lyso-Gb3) in the blood circulation.				Yes	abnormallyIncreasedLevelOfChemicalEntityInLocation	OK	HP:0032657				UBERON:0000178										
to do	ignore	HP:0032932	Increased circulating pancreatic triacylglycerol lipase level	An increased level of triacylglycerol lipase in the blood circulation (can be measured in serum or plasma).				Yes	abnormallyIncreasedLevelOfChemicalEntityInLocation	OK	HP:0032932				UBERON:0000178										
done	next	HP:0032996	Abnormal cystatin C level	Any deviation from the normal concentration of cystatin C in serum or plasma.				Yes	abnormalLevelOfChemicalEntityInBlood	OK	HP:0032996				UBERON:0000178			http://purl.obolibrary.org/obo/PR_P01034	cystatin-C (human)					PR: Selected human specific; species neutral term exists (http://purl.obolibrary.org/obo/PR_000005965).	2
done	next	HP:0032997	Decreased cystatin C level	A decreased concentration of cystatin C in the blood circulation.				Yes	abnormallyDecreasedLevelOfChemicalEntityInBlood	Ok	HP:0032997				UBERON:0000178			http://purl.obolibrary.org/obo/PR_P01034	cystatin-C (human)					PR: Selected human specific; species neutral term exists (http://purl.obolibrary.org/obo/PR_000005965).	1
done	next	HP:0032998	Increased cystatin C level	A elevated concentration of cystatin C in the blood circulation.				Yes	abnormallyIncreasedLevelOfChemicalEntityInBlood	Ok	HP:0032998				UBERON:0000178			http://purl.obolibrary.org/obo/PR_P01034	cystatin-C (human)					PR: Selected human specific; species neutral term exists (http://purl.obolibrary.org/obo/PR_000005965).	1
to do	ignore	HP:0033024	Transient decreased circulating IgA	A temporary reduction beneath the normal level of total immunoglobulin A (IgA) in the blood circulation.				Yes	modifier	Ok	HP:0033024				UBERON:0000178										
to do	ignore	HP:0033039	Increased circulating precipitin level	The presence of high titers of antigen-precipitating IgG in the serum.				Yes	abnormallyIncreasedLevelOfChemicalEntityInLocation	OK	HP:0033039				UBERON:0000178										
to do	ignore	HP:0033057	Decreased circulating terminal complement component concentration	Concentration below the lower limit of normal of one or more components of the the terminal membrane attack complex (MAC) portion of complement, which represents the lytic, pore-forming part of the system. The MAC comprises seven components: C5b, C6, C7, C8 (a heterotrimer composed of C8alpha, C8beta and C8gamma) and multiple copies of C9.				Yes	abnormallyDecreasedLevelOfChemicalEntityInLocation	Ok	HP:0033057				UBERON:0000178										
to do	ignore	HP:0033058	Decreased circulating complement C7 concentration	Concentration of the complement component C7 in the blood circulation below the lower limit of normal.				Yes	abnormallyDecreasedLevelOfChemicalEntityInLocation	Ok	HP:0033058				UBERON:0000178										
to do	ignore	HP:0033059	Decreased circulating complement C6 concentration	Concentration of the complement component C6 in the blood circulation below the lower limit of normal.				Yes	abnormallyDecreasedLevelOfChemicalEntityInLocation	Ok	HP:0033059				UBERON:0000178										
to do	ignore	HP:0033060	Decreased circulating complement C5 concentration	Concentration of the complement component C5 in the blood circulation below the lower limit of normal.				Yes	abnormallyDecreasedLevelOfChemicalEntityInLocation	Ok	HP:0033060				UBERON:0000178										
to do	ignore	HP:0033075	Inappropriately normal thyroid-stimulating hormone level	A normal or elevated serum thyroid-stimulating hormone (TSH) level in the face of an elevation in circulating FT4 and/or FT3.				Yes	combination_phenotype	Ok	HP:0033075				UBERON:0000178										
to do	ignore	HP:0033076	Abnormal circulating free T4 concentration	A deviation from the normal concentration of free thyroxine (T4) in the blood circulation. Circulating T4 is almost entirely bound to specific transport proteins such as thyroxine-binding globulin (TBG) but it is the unbound (free) fraction that is able to enter tissues and exert effects.				Yes	abnormalLevelOfChemicalEntityInLocation	Ok	HP:0033076				UBERON:0000178										
to do	ignore	HP:0033077	Increased circulating free T4 concentration	An elevated concentration of free thyroxine (fT4) in the blood circulation.				Yes	abnormallyIncreasedLevelOfChemicalEntityInLocation	OK	HP:0033077				UBERON:0000178										
to do	ignore	HP:0033078	Decreased circulating free T4 concentration	A reduced concentration of free thyroxine (fT4) in the blood circulation.				Yes	abnormallyDecreasedLevelOfChemicalEntityInLocation	OK	HP:0033078				UBERON:0000178										
to do	ignore	HP:0033083	Increased circulating farnesol concentration	An elevated level of farnesol in the blood circulation.				Yes	abnormallyIncreasedLevelOfChemicalEntityInLocation	OK	HP:0033083				UBERON:0000178										
done	next	HP:0033103	Elevated circulating CHI3L1 level	Increased concentration of chitinase 3-like 1 (CHI3L1) in the blood circulation.				Yes	abnormallyIncreasedLevelOfChemicalEntityInBlood		HP:0033103				UBERON:0000178			http://purl.obolibrary.org/obo/PR_P36222	chitinase-3-like protein 1 (human)					PR: Selected human specific; species neutral term exists (http://purl.obolibrary.org/obo/PR_000005423).	5
to do	ignore	HP:0033107	Abnormal circulating proteinogenic amino acid concentration	An elevated level of a proteinogenic amino acid in the blood circulation. These are the 23 alpha-amino acids that are precursors to proteins, and are incorporated into proteins during translation. The group includes the 20 amino acids encoded by the nuclear genes of eukaryotes together with selenocysteine, pyrrolysine, and N-formylmethionine.				Yes	abnormalLevelOfChemicalEntityInLocation	OK	HP:0033107				UBERON:0000178										
to do	ignore	HP:0033108	Abnormal circulating proteinogenic amino acid derivative concentration	Any deviation from the normal concentration in the blood circulation of a compound that is derived from an amino acid.				Yes	abnormalLevelOfChemicalEntityInLocation	OK	HP:0033108				UBERON:0000178										
done	ignore	HP:0033109	Abnormal circulating non-proteinogenic amino acid concentration	Any deviation from the normal concentration in the blood circulation of an alpha-amino acid which is not a member of the group of 23 proteinogenic amino acids.				Yes	abnormalLevelOfChemicalEntityInBlood	OK	HP:0033109				UBERON:0000178			http://purl.obolibrary.org/obo/CHEBI_83820	non-proteinogenic amino acid						
to do	ignore	HP:0033110	Elevated circulating alpha-aminobutyric acid concentration	An abnormally increased level of alpa-aminobutyric acid in the blood circulation. Alpha-aminobutyric acid alpha-amino acid that is butyric acid bearing a single amino substituent located at position 2.				Yes	abnormallyIncreasedLevelOfChemicalEntityInLocation	OK	HP:0033110				UBERON:0000178										
to do	next	HP:0033115	Elevated circulating tenascin-C level	Abnormally increased concentration of tenascin-C in the blood circulation.	Elevated circulating tenascin-C concentration	The concentration of tenascin-C in the blood circulation is above the upper limit of normal.		Yes	abnormallyIncreasedLevelOfChemicalEntityInBlood	Ok	HP:0033115				UBERON:0000178			Not found						KI: Synonyms for tenascin include cytotactin, hexabrachion, J1 glycoprotein, glioma-associated extracellular matrix antigen (GMEM) and myotendinous antigen (not found in CHEBI). Tenascin-C is a specific tenascin protein, see PMID:25793574.  Superclass: http://purl.obolibrary.org/obo/PR_P24821 tenascin (human).  Regarding tenascin-C see e.g. PMID:11102748.	14
done	next	HP:0033123	Elevated circulating osteopontin level	Abnormally increased level of osteopontin in the blood circulation				Yes	abnormallyIncreasedLevelOfChemicalEntityInBlood	Ok	HP:0033123				UBERON:0000178			http://purl.obolibrary.org/obo/PR_P10451	osteopontin (human)					Selected human specific; species neutral term exists (http://purl.obolibrary.org/obo/PR_000015561). 	2
to do	ignore	HP:0033124	Increased serum sorbitol concentration	An increased level of sorbitol in the blood circulation.				Yes	abnormallyIncreasedLevelOfChemicalEntityInLocation	OK	HP:0033124				UBERON:0000178										
to do	ignore	HP:0033139	Elevated circulating uracil concentration	Concentration of uracil in the blood circulation is above the normal range.				Yes	abnormallyIncreasedLevelOfChemicalEntityInLocation	Ok	HP:0033139				UBERON:0000178										
done	next	HP:0033144	Abnormal circulating ceruloplasmin concentration	Any deviation of the concentration of ceruloplasmin in the blood from the normal range.				Yes	abnormalLevelOfChemicalEntityInBlood	OK	HP:0033144				UBERON:0000178			http://purl.obolibrary.org/obo/PR_P00450	ceruloplasmin (human)					Selected human specific; species neutral term exists (http://purl.obolibrary.org/obo/PR_000005794).	2
done	next	HP:0033145	Increased circulating ceruloplasmin concentration	Elevated concentration of ceruloplasmin in the blood circulation.				Yes	abnormallyIncreasedLevelOfChemicalEntityInBlood	OK	HP:0033145				UBERON:0000178			http://purl.obolibrary.org/obo/PR_P00450	ceruloplasmin (human)					Selected human specific; species neutral term exists (http://purl.obolibrary.org/obo/PR_000005794).	1
to do	ignore	HP:0033146	Elevated circulating methylsuccinic acid concentration	Increased concentration of methylsuccinic acid in the blood circulation.				Yes	abnormallyIncreasedLevelOfChemicalEntityInLocation	OK	HP:0033146				UBERON:0000178										
to do	ignore	HP:0033147	Abnormal circulating short-chain fatty-acid concentration	Any deviation from the normal concentration of a short-chain fatty acid in the blood circulation.				Yes	abnormalLevelOfChemicalEntityInLocation	OK	HP:0033147				UBERON:0000178										
to do	ignore	HP:0033148	Increased circulating isovaleric acid concentration	Increased concentration of isovaleric acid, a C5, branched-chain saturated fatty acid, in the blood concentration.				Yes	abnormallyIncreasedLevelOfChemicalEntityInLocation	Ok	HP:0033148				UBERON:0000178										
to do	ignore	HP:0033153	Elevated circulating dodecenoylcarnitine concentration	An abnormally increased circulation of dodecenoylcarnitine, C12:1, in the blood circulation.				Yes	abnormallyIncreasedLevelOfChemicalEntityInLocation	Ok	HP:0033153				UBERON:0000178			http://purl.obolibrary.org/obo/CHEBI_86063	o-decenoylcarnitin						
to do	ignore	HP:0033154	Elevated circulating deoxypyridinoline concentration	An increased concentration of lysyl-pyridinoline (deoxypyridinoline) cross-links in the blood circulation.				Yes	abnormallyIncreasedLevelOfChemicalEntityInLocation	OK	HP:0033154				UBERON:0000178										
to do	ignore	HP:0033155	Elevated circulating L-alloisoleucine concentration	Abnormally increased concentration of L-alloisoleucine in the blood circulation.				Yes	abnormallyIncreasedLevelOfChemicalEntityInLocation	Ok	HP:0033155				UBERON:0000178										
to do	ignore	HP:0033157	Elevated circulating 3-methylhistidine concentration	Abnormal increase of the concentration of 3-methylhistidine in the blood circulation.				Yes	abnormallyIncreasedLevelOfChemicalEntityInLocation	Ok	HP:0033157				UBERON:0000178										
to do	ignore	HP:0033168	Reduced mevalonate kinase activity	Abnormally reduced activity of mevalonate kinase, which is a key enzyme in the mevalonate biosynthetic pathway that leads to the synthesis of both cholesterol and nonsterol isoprenoids.				Yes	activity	OK	HP:0033168				UBERON:0000178										
to do	ignore	HP:0033175	Elevated circulating 5-oxoproline concentration	Concentration of L-pyroglutamic acid in the blood is above the upper limit of normal.				Yes	abnormallyIncreasedLevelOfChemicalEntityInLocation	Ok	HP:0033175				UBERON:0000178										
to do	ignore	HP:0033177	Elevated circulating suberic acid concentration	An increased concentration of suberic acid in the blood circulation. Suberic acid is an alpha,omega-dicarboxylic acid that is the 1,6-dicarboxy derivative of hexane.				Yes	abnormallyIncreasedLevelOfChemicalEntityInLocation	OK	HP:0033177				UBERON:0000178										
to do	ignore	HP:0033178	Increased circulating interleukin 8 concentration	An increased concentration of interleukin-8 in the circulation.				Yes	abnormallyIncreasedLevelOfChemicalEntityInLocation	OK	HP:0033178				UBERON:0000178										
to do	ignore	HP:0033179	Elevated circulating aconitic acid concentration	Concentration of aconitic acid in the blood circulation above the upper limit of normal.				Yes	abnormallyIncreasedLevelOfChemicalEntityInLocation	OK	HP:0033179				UBERON:0000178										
to do	ignore	HP:0033182	Increased circulating cathepsin D level	An increase in concentration of cathepsin D in the blood circulation.				Yes	abnormallyIncreasedLevelOfChemicalEntityInLocation	OK	HP:0033182				UBERON:0000178										
to do	ignore	HP:0033191	Increased circulating selenium concentration	An increased concentration of selenium in the blood circulation.				Yes	abnormallyIncreasedLevelOfChemicalEntityInLocation	Ok	HP:0033191				UBERON:0000178										
to do	ignore	HP:0033192	Decreased circulating selenium concentration	An abnormally reduced concentration of selenium in the blood circulation.				Yes	abnormallyDecreasedLevelOfChemicalEntityInLocation	Ok	HP:0033192				UBERON:0000178										
to do	ignore	HP:0033199	Increased circulating interleukin 10 concentration	An elevation of the concentration of interleukin 10 in the blood circulation.				Yes	abnormallyIncreasedLevelOfChemicalEntityInLocation	OK	HP:0033199				UBERON:0000178										
to do	ignore	HP:0033253	Reduced circulating interferon gamma concentration	A reduction in the concentration of interferon gamma measured in the blood circulation.				Yes	abnormallyDecreasedLevelOfChemicalEntityInLocation	OK	HP:0033253				UBERON:0000178										
done	next	HP:0033298	Abnormal circulating complement factor H related protein 1 concentration	A deviation from the normal concentration in blood of factor H-related protein 1 (FHR-1)				Yes	abnormalLevelOfChemicalEntityInBlood	OK	HP:0033298				UBERON:0000178			http://purl.obolibrary.org/obo/PR_Q03591	complement factor H-related protein 1 (human)					Selected human specific; species neutral term exists (http://purl.obolibrary.org/obo/PR_000005379).	3
done	next	HP:0033299	Reduced circulating complement factor H related protein 1 concentration	Decreased level of circulating complement factor H related protein 1 concentration in the blood circulation.				Yes	abnormallyDecreasedLevelOfChemicalEntityInBlood	OK	HP:0033299				UBERON:0000178			http://purl.obolibrary.org/obo/PR_Q03591	complement factor H-related protein 1 (human)					Selected human specific; species neutral term exists (http://purl.obolibrary.org/obo/PR_000005379).	1
done	next	HP:0033300	Increased circulating complement factor H related protein 1 concentration	Elevated level of circulating complement factor H related protein 1 concentration in the blood circulation.				Yes	abnormallyIncreasedLevelOfChemicalEntityInBlood	OK	HP:0033300				UBERON:0000178			http://purl.obolibrary.org/obo/PR_Q03591	complement factor H-related protein 1 (human)					Selected human specific; species neutral term exists (http://purl.obolibrary.org/obo/PR_000005379).	1
to do	ignore	HP:0033301	Elevated circulating 1-methylhistidine concentration	An abnormally increased level of 1-methylhistidine in the blood circulation. 1-methylhistidine is a derivative of L-histidine.				Yes	abnormallyIncreasedLevelOfChemicalEntityInLocation	OK	HP:0033301				UBERON:0000178										
to do	ignore	HP:0033302	Elevated circulating 4-hydroxyphenylacetic acid concentration	The concentration of 4-Hydroxyphenylacetic acid in the blood circulation is above the upper limit of normal.				Yes	abnormallyIncreasedLevelOfChemicalEntityInLocation	OK	HP:0033302				UBERON:0000178										
done	next	HP:0033305	Abnormal circulating fetuin A concentration	Any deviation from the normal concentration of fetuin A in the blood circulation.				Yes	abnormalLevelOfChemicalEntityInBlood	OK	HP:0033305				UBERON:0000178			http://purl.obolibrary.org/obo/PR_P02765	alpha-2-HS-glycoprotein (human)					Selected human specific; species neutral term exists (http://purl.obolibrary.org/obo/PR_000003862).	3
done	next	HP:0033306	Decreased circulating fetuin A concentration	A reduction below normal of fetuin A in the blood circulation.				Yes	abnormallyDecreasedLevelOfChemicalEntityInBlood	OK	HP:0033306				UBERON:0000178			http://purl.obolibrary.org/obo/PR_P02765	alpha-2-HS-glycoprotein (human)					Selected human specific; species neutral term exists (http://purl.obolibrary.org/obo/PR_000003862).	1
done	next	HP:0033307	Increased circulating fetuin A concentration	An elevation above normal of fetuin A in the blood circulation.				Yes	abnormallyIncreasedLevelOfChemicalEntityInBlood	OK	HP:0033307				UBERON:0000178			http://purl.obolibrary.org/obo/PR_P02765	alpha-2-HS-glycoprotein (human)					Selected human specific; species neutral term exists (http://purl.obolibrary.org/obo/PR_000003862).	1
to do	ignore	HP:0033324	Elevated circulating homovanillic acid concentration	The concentration of homovanillic acid in the blood circulation is above the upper limit of normal.				Yes	abnormallyIncreasedLevelOfChemicalEntityInLocation	OK	HP:0033324				UBERON:0000178										
to do	ignore	HP:0033325	Elevated circulating sebacic acid concentration	Increased concentration of sebacic acid in the blood circulation.				Yes	abnormallyIncreasedLevelOfChemicalEntityInLocation	OK	HP:0033325				UBERON:0000178										
to do	ignore	HP:0033326	Elevated circulating hydroxyphenlyllactic acid concentration	An increased concentration of 4-hydroxyphenlyllactic acid in the blood circulation.				Yes	abnormallyIncreasedLevelOfChemicalEntityInLocation	OK	HP:0033326				UBERON:0000178										
done	next	HP:0033332	Elevated circulating amyloid A concentration	The concentration of serum amyloid A in the blood circulation is above the upper limit of normal.				Yes	abnormallyIncreasedLevelOfChemicalEntityInBlood	Ok	HP:0033332				UBERON:0000178			http://purl.obolibrary.org/obo/CHEBI_138152	serum amyloid A						2
to do	ignore	HP:0033339	Increased circulating inosine concentration	An increased concentration of inosine in the blood circulation.				Yes	abnormallyIncreasedLevelOfChemicalEntityInLocation	OK	HP:0033339				UBERON:0000178										
to do	ignore	HP:0033340	Increased circulating guanosine concentration	Increased concentration of guanosine in the blood circulation.				Yes	abnormallyIncreasedLevelOfChemicalEntityInLocation	OK	HP:0033340				UBERON:0000178										
to do	ignore	HP:0033341	Elevated circulating sitosterol concentration	An increased concentration of beta-sitosterol in the blood circulation.				Yes	abnormallyIncreasedLevelOfChemicalEntityInLocation	OK	HP:0033341				UBERON:0000178										
to do	ignore	HP:0033356	Elevated circulating o-phosphoserine concentration	An abnormally increased level of o-phosphoserine in the blood circulation. o-phosphoserine is a derivative of serine.				Yes	abnormallyIncreasedLevelOfChemicalEntityInLocation	OK	HP:0033356				UBERON:0000178										
to do	ignore	HP:0033381	Elevated circulating stearoylcarnitine concentration	Abnormally increased concentration of O-stearoylcarnitine in the blood circulation.				Yes	abnormallyIncreasedLevelOfChemicalEntityInLocation	Ok	HP:0033381				UBERON:0000178										
to do	ignore	HP:0033382	Elevated circulating palmitoylcarnitine concentration	Abnormally increased concentration of palmitoylcarnitine in the blood circulation.				Yes	abnormallyIncreasedLevelOfChemicalEntityInLocation	Ok	HP:0033382				UBERON:0000178										
to do	ignore	HP:0033386	Abnormal circulating collagen degradation product concentration	Abnormal concentration in the blood circulation of a metabolite that results from collagen degradation, e.g., a fragment of a collagen produced by a collagenase or serine protease.				Yes	abnormalLevelOfChemicalEntityInLocation	OK	HP:0033386				UBERON:0000178										
to do	ignore	HP:0033387	Elevated circulating pyridinoline concentration	An increased concentration of hydroxylysyl-pyridinoline (pyridinoline) in the blood circulation.				Yes	abnormallyIncreasedLevelOfChemicalEntityInLocation	OK	HP:0033387				UBERON:0000178										
to do	ignore	HP:0033405	Abnormal circulating organic amino compound concentration	Any deviation from the normal concentration of an organic amino compound, defined as a compound formally derived from ammonia by replacing one, two or three hydrogen atoms by organyl groups.				Yes	abnormalLevelOfChemicalEntityInLocation	OK	HP:0033405				UBERON:0000178										
to do	ignore	HP:0033406	Elevated circulating o-phosphoethanolamine concentration	An increased concentration of o-phosphoethanolamine in the blood circulation.				Yes	abnormallyIncreasedLevelOfChemicalEntityInLocation	OK	HP:0033406				UBERON:0000178										
to do	ignore	HP:0033408	Elevated circulating acetoacetic acid concentration	An increased level of acetoacetic acid in the blood circulation. Acetoacetic acid is one of the predominant ketone bodies.				Yes	abnormallyIncreasedLevelOfChemicalEntityInLocation	OK	HP:0033408				UBERON:0000178										
done	next	HP:0033410	Elevated circulating cartilage oligomeric matrix protein concentration	An increased blood concentration of cartilage oligomeric matrix protein (COMP).				Yes	abnormallyIncreasedLevelOfChemicalEntityInBlood		HP:0033410				UBERON:0000178			http://purl.obolibrary.org/obo/PR_P49747	cartilage oligomeric matrix protein (human)					Selected human specific; species neutral term exists (http://purl.obolibrary.org/obo/PR_000000085).	2
to do	ignore	HP:0033417	Elevated circulating hydroxybutyric acid concentration	An increased concentration in the blood circulation of a hydroxybutyric acid, that is, of a compound comprising a butyric acid core carrying at least one hydroxy substituent.				Yes	abnormallyIncreasedLevelOfChemicalEntityInLocation	OK	HP:0033417				UBERON:0000178										
to do	ignore	HP:0033418	Elevated circulating 2-hydroxybutyric acid concentration	Elevation of the 2-hydroxybutyric acid concentration in the blood above the normal range.				Yes	abnormallyIncreasedLevelOfChemicalEntityInLocation	Ok	HP:0033418				UBERON:0000178										
to do	ignore	HP:0033419	Elevated circulating 3-hydroxybutyric acid concentration	Elevation of the 3-hydroxybutyric acid concentration in the blood above the normal range.				Yes	abnormallyIncreasedLevelOfChemicalEntityInLocation	Ok	HP:0033419				UBERON:0000178										
to do	ignore	HP:0033435	Abnormal circulating keto acid concentration	A deviation from the normal concentration of a keto acid in the blood circulation. Keto acids or ketoacids are organic compounds that contain a carboxylic acid group and a ketone group.				Yes	abnormalLevelOfChemicalEntityInLocation	OK	HP:0033435				UBERON:0000178										
to do	ignore	HP:0033436	Elevated circulating 3-methyl-2-oxovaleric acid concentration	The concentration of 3-methyl-2-oxovaleric acidin the blood circulation is above the upper limit of normal.				Yes	abnormallyIncreasedLevelOfChemicalEntityInLocation	OK	HP:0033436				UBERON:0000178										
to do	ignore	HP:0033437	Elevated circulating 4-methyl-2-oxopentanoic acid concentration	The concentration of 4-methyl-2-oxopentanoic acid in the blood circulation is above the upper limit of normal.				Yes	abnormallyIncreasedLevelOfChemicalEntityInLocation	OK	HP:0033437				UBERON:0000178										
to do	next	HP:0033438	Elevated circulating myoglobin concentration	An increased blood concentration of myoglobin.				Yes	abnormallyIncreasedLevelOfChemicalEntityInBlood	Ok	HP:0033438				UBERON:0000178			http://purl.obolibrary.org/obo/PR_P02144  http://purl.obolibrary.org/obo/CHEBI_7044	myoglobin (human) / myoglobin					Selected human specific; species neutral term exists (http://purl.obolibrary.org/obo/PR_000010213). 	2
to do	ignore	HP:0033439	Elevated circulating decenoylcarnitine concentration	Concentration of decenoylcarnitine in the blood circulation above the upper limit of normal.				Yes	abnormallyIncreasedLevelOfChemicalEntityInLocation	Ok	HP:0033439				UBERON:0000178			http://purl.obolibrary.org/obo/CHEBI_86063	o-decenoylcarnitin						
to do	ignore	HP:0033440	Elevated circulating octenoylcarnitine concentration	Concentration of octenoylcarnitine in the blood circulation above the upper limit of normal.				Yes	abnormallyIncreasedLevelOfChemicalEntityInLocation	Ok	HP:0033440				UBERON:0000178			http://purl.obolibrary.org/obo/CHEBI_86052	O-octenoylcarnitine						
to do	ignore	HP:0033441	Elevated circulating hexanoylcarnitine concentration	Concentration of hexanoylcarnitine in the blood circulation above the upper limit of normal.				Yes	abnormallyIncreasedLevelOfChemicalEntityInLocation	Ok	HP:0033441				UBERON:0000178			http://purl.obolibrary.org/obo/CHEBI_70749	O-hexanoylcarnitine						
to do	ignore	HP:0033442	Elevated circulating glutarylcarnitine concentration	Concentration of glutarylcarnitine in the blood circulation above the upper limit of normal.				Yes	abnormallyIncreasedLevelOfChemicalEntityInLocation	Ok	HP:0033442				UBERON:0000178										
to do	ignore	HP:0033443	Elevated circulating propionylcarnitine concentration	Increased concentration of propionylcarnitine in the blood circulation.				Yes	abnormallyIncreasedLevelOfChemicalEntityInLocation	Ok	HP:0033443				UBERON:0000178			http://purl.obolibrary.org/obo/CHEBI_28867	O-propanoylcarnitine						
to do	ignore	HP:0033444	Elevated circulating dodecanoylcarnitine concentration	Concentration of dodecanoylcarnitine (C12:0) in the blood circulation above the upper limit of normal.				Yes	abnormallyIncreasedLevelOfChemicalEntityInLocation	Ok	HP:0033444				UBERON:0000178			http://purl.obolibrary.org/obo/CHEBI_86065	o-dodecenoylcarnitine						
to do	ignore	HP:0033445	Reduced circulating acylcarnitine concentration	An abnormally reduced concentration in the blood circulation of acylcarnitine, which is produced by reversible esterification of the 3-hydroxyl group of carnitine.				Yes	abnormallyDecreasedLevelOfChemicalEntityInLocation	OK	HP:0033445				UBERON:0000178			http://purl.obolibrary.org/obo/CHEBI_176911	?						
to do	ignore	HP:0033446	Elevated circulating butyrylcarnitine concentration	Concentration of O-butyrylcarnitine in the blood circulation above the upper limit of normal.				Yes	abnormallyIncreasedLevelOfChemicalEntityInLocation	Ok	HP:0033446				UBERON:0000178										
to do	ignore	HP:0033447	Elevated circulating isovalerylcarnitine concentration	Concentration of O-isovalerylcarnitine in the blood circulation above the upper limit of normal.				Yes	abnormallyIncreasedLevelOfChemicalEntityInLocation	Ok	HP:0033447				UBERON:0000178										
done	next	HP:0033450	Abnormal circulating prealbumin concentration	Any deviation from normal concentration of albumin in the blood circulation.				Yes	abnormalLevelOfChemicalEntityInBlood	OK	HP:0033450				UBERON:0000178			http://purl.obolibrary.org/obo/PR_P02766	transthyretin (human)					The label "prealbumin" is misleading because prealbumin is not a precursor to albumin. Prealbumin is a transport protein for thyroid hormones and retinol-binding protein and exists in the circulation as a retinol-binding-prealbumin complex. Transthyretin is considered a synonym for (thyroxine-binding) prealbumin. See e.g. PMID:19644733.  Selected human specific; species neutral term exists (http://purl.obolibrary.org/obo/PR_000016801).  Note: From my point of view the definition in HP:0033450 "any deviation from normal concentration of albumin in the blood circulation" must be corrected to "any deviation from normal concentration of prealbumin in the blood circulation".	12
done	next	HP:0033451	Increased circulating prealbumin concentration	An elevation above the normal concentration of prealbumin in the blood circulation.				Yes	abnormallyIncreasedLevelOfChemicalEntityInBlood	OK	HP:0033451				UBERON:0000178			http://purl.obolibrary.org/obo/PR_P02766	transthyretin (human)					The label "prealbumin" is misleading because prealbumin is not a precursor to albumin. Prealbumin is a transport protein for thyroid hormones and retinol-binding protein and exists in the circulation as a retinol-binding-prealbumin complex. Transthyretin is considered a synonym for (thyroxine-binding) prealbumin. See e.g. PMID:19644733.  Selected human specific; species neutral term exists (http://purl.obolibrary.org/obo/PR_000016801).  Note: From my point of view the definition in HP:0033450 "any deviation from normal concentration of albumin in the blood circulation" must be corrected to "any deviation from normal concentration of prealbumin in the blood circulation".	2
done	next	HP:0033459	Decreased circulating apolipoprotein concentration	Reduced concentration in the blood circulation of a lipid-transport protein (apoliprotein).				Yes	abnormallyDecreasedLevelOfChemicalEntityInBlood	OK	HP:0033459				UBERON:0000178			http://purl.obolibrary.org/obo/CHEBI_39015	apolipoprotein						1
done	next	HP:0033460	Increased circulating apolipoprotein circulation	Elevated concentration in the blood circulation of a lipid-transport protein (apoliprotein).				Yes	abnormallyIncreasedLevelOfChemicalEntityInBlood	OK	HP:0033460				UBERON:0000178			http://purl.obolibrary.org/obo/CHEBI_39015	apolipoprotein						1
to do	ignore	HP:0033461	Elevated circulating 3-hydroxylinoleylcarnitine concentration	Increased concentration of 3-hydroxylinoleylcarnitine in the blood circulation.				Yes	abnormallyIncreasedLevelOfChemicalEntityInLocation	Ok	HP:0033461				UBERON:0000178										
to do	ignore	HP:0033462	Elevated circulating oleylcarnitine concentration	Increased concentration of oleylcarnitine in the blood circulation.				Yes	abnormallyIncreasedLevelOfChemicalEntityInLocation	Ok	HP:0033462				UBERON:0000178										
to do	ignore	HP:0033464	Elevated circulating 3-hydroxypalmitoleylcarnitine concentration	Concentration of 3-hydroxypalmitoleylcarnitine in the blood circulation above the upper limit of normal.				Yes	abnormallyIncreasedLevelOfChemicalEntityInLocation	Ok	HP:0033464				UBERON:0000178										
done	ignore	HP:0033465	Elevated circulating tetradecanoylcarnitine concentration	Elevated circulating tetradecanoyl concentration.				Yes	abnormallyIncreasedLevelOfChemicalEntityInBlood	Ok	HP:0033465				UBERON:0000178			http://purl.obolibrary.org/obo/CHEBI_73061	O-tetradecanoylcarnitine						
to do	ignore	HP:0033477	Abnormal circulating lipoprotein lipase concentration	A deviation from the normal concentration of lipoprotein lipase in the blood circulation.				Yes	abnormalLevelOfChemicalEntityInLocation	OK	HP:0033477				UBERON:0000178										
to do	ignore	HP:0033478	Increased circulating lipoprotein lipase concentration	Increased concentration of lipoprotein lipase in the blood circulation.				Yes	abnormallyIncreasedLevelOfChemicalEntityInLocation	OK	HP:0033478				UBERON:0000178										
to do	ignore	HP:0033479	Abnormal circulating bilirubin concentration					Yes	abnormalLevelOfChemicalEntityInLocation	OK	HP:0033479				UBERON:0000178									Needs def	
to do	ignore	HP:0033480	Hypobilirubinemia	Concentration of bilirubin in the blood circulation below the lower limit of normal.				Yes	abnormallyDecreasedLevelOfChemicalEntityInLocation	OK	HP:0033480				UBERON:0000178										
to do	ignore	HP:0033484	Elevated circulating linoleylcarnitine concentration	Increased concentration of linoleylcarnitine in the blood circulation.				Yes	abnormallyIncreasedLevelOfChemicalEntityInLocation	Ok	HP:0033484				UBERON:0000178										
to do	ignore	HP:0033502	Abnormal esterified to free carnitine ratio	Any deviation from the normal ratio of acylcarnitine (i.e., esterified carnitine) to free carnitine.				Yes	ratio	OK	HP:0033502				UBERON:0000178										
to do	ignore	HP:0033504	Elevated circulating fumarate concentration	An increased concentration of fumarate, an intermediate in the citric acid cycle, in the blood circulation.				Yes	abnormallyIncreasedLevelOfChemicalEntityInLocation	OK	HP:0033504				UBERON:0000178										
to do	ignore	HP:0033527	Decreased gonadotropin-stimulated testosterone-to-androstenedione ratio	A reduced amount of testosterone relative in androstenedione in the blood circulation following administration of hCG (Human Chorionic Gonadotropin).				Yes	abnormallyDecreasedLevelOfChemicalEntityInLocation	OK	HP:0033527				UBERON:0000178										
to do	next	HP:0033534	Increased circulating brain natriuretic peptide concentration	An increased concentration of brain natriuretic peptide in the blood circulation.				Yes	abnormallyIncreasedLevelOfChemicalEntityInBlood	OK	HP:0033534				UBERON:0000178			http://purl.obolibrary.org/obo/PR_P16860  http://purl.obolibrary.org/obo/CHEBI_80234	natriuretic peptides B (human) / Brain natriuretic peptide					PR: Selected human specific; species neutral term exists (http://purl.obolibrary.org/obo/PR_000011375).  CHEBI: species neutral term.  	4
to do	ignore	HP:0033597	Decreased mucosal sucrase-isomaltase activity	Reduced activity of the linked disaccharidase, sucrase-isomaltase, which is a glycoprotein localized to the brush border membrane of small intestinal villi.				Yes	activity	OK	HP:0033597				UBERON:0000178										
to do	ignore	HP:0033626	Increased non-HDL cholesterol concentration	Increase above normal levels of non-HDL cholesterol in the blood. Non-HDL cholesterol is total cholesterol minus high-density lipoprotein HDL-cholesterol (high-density lipoprotein-cholesterol).				Yes	abnormallyIncreasedLevelOfChemicalEntityInLocation	OK	HP:0033626				UBERON:0000178										
to do	ignore	HP:0033643	Increased circulating very long-chain fatty acid concentration	Increased concentation of very long-chain fatty acids in the blood circulation. Very long-chain fatty acids are fatty acids (FAs) with a chain-length of 22 or more carbons.				Yes	abnormallyIncreasedLevelOfChemicalEntityInLocation	OK	HP:0033643				UBERON:0000178										
to do	ignore	HP:0033644	Elevated circulating erythropoietin concentration	Increased concentration of erythropoietin in the blood circulation. Erythropoietin is a glycoprotein hormone produced by the peritubular cells of the kidney that stimulates red blood cell production.				Yes	abnormallyIncreasedLevelOfChemicalEntityInLocation	OK	HP:0033644				UBERON:0000178										
to do	ignore	HP:0033799	Abnormal circulating sex hormone concentration	Any deviation from the normal concentration of a sex hormone in the blood circulation				Yes	abnormalLevelOfChemicalEntityInLocation	OK	HP:0033799				UBERON:0000178										
to do	ignore	HP:0033809	Increased circulating 17 hydroxypregnenolone concentration	Increased concentration of 17alpha-hydroxypregnenolone in the blood circulation. 17alpha-hydroxypregnenolone is a 21-carbon steroid that is converted from pregnenolone by steroid 17-alpha-hydroxylase, as an intermediate in the biosynthesis of gonadal steroid hormones and adrenal corticosteroids.				Yes	abnormallyIncreasedLevelOfChemicalEntityInLocation	OK	HP:0033809				UBERON:0000178										
to do	ignore	HP:0033810	Decreased circulating dihydrotestosterone concentration	A reduced concentration of dihydrotestosterone in the blood circulation.				Yes	abnormallyDecreasedLevelOfChemicalEntityInLocation	Ok	HP:0033810				UBERON:0000178										
to do	ignore	HP:0033811	Abnormal circulating androstenedione concentration	Any deviation from the normal concentration of androstenedione in the blood circulation.				Yes	abnormalLevelOfChemicalEntityInLocation	OK	HP:0033811				UBERON:0000178										
to do	ignore	HP:0033812	Decreased circulating androstenedione concentration	Reduced concentration of androstenedione in the blood circulation.				Yes	abnormallyDecreasedLevelOfChemicalEntityInLocation	OK	HP:0033812				UBERON:0000178									label typo	
to do	next	HP:0033833	Elevated circulating soluble CD25 concentration	Increased concentration of the interleukin-2 receptor alpha-chain (CD25) in the blood circulation. CD25 is shed upon immune activation. Increased levels of soluble CD25, therefore, are an indication of an on-going immune response.	Elevated circulating sCD25 concentration	The concentration of sCD25  (= soluble CD25, = soluble interleukin-2 receptor alpha-chain, = soluble IL-2 receptor alpha) in the blood circulation is above the upper limit of normal.	I prefer the abbreviation "sCD25". Full term(s) added in definition.     	Yes	abnormallyIncreasedLevelOfChemicalEntityInBlood	Ok	HP:0033833				UBERON:0000178			Not found						KI: Synonyms for soluble CD25 include soluble IL-2 receptor alpha (sIL-2Rα), soluble IL-2 Receptor, sCD25, and Interleukin-2 Receptor Alpha Chain (IL-2Ra).  Comments: Interleukin-2 receptor subunit alpha (IL-2Rα) is the transmembrane protein on the surface of activated immune cells, while soluble CD25 is the shed, free-floating form of that same protein found in the bloodstream.   Therefore, http://purl.obolibrary.org/obo/PR_P01589 interleukin-2 receptor subunit alpha (human) is not the correct match, because it refers to CD25 and not to soluble CD25 (sCD25).   http://purl.obolibrary.org/obo/PR_000060265 soluble interleukin-2 receptor (human) is not the correct match as well, because sCD25 is identical with interleukin-2 receptor subunit alpha.  For more information regarding soluble CD25 see e.g. PMID:29296904.	13
to do	ignore	HP:0033978	Reduced beta-hexosaminidase activity	Diminished activity of the enzyme beta-hexosaminidase in the blood circulation.				Yes	activity	OK	HP:0033978				UBERON:0000178										
done	next	HP:0033983	Decreased circulating apolipoprotein C-II concentration	Reduced concentration of apolipoprotein C-II in the blood circulation.				Yes	abnormallyDecreasedLevelOfChemicalEntityInBlood	Ok	HP:0033983				UBERON:0000178			http://purl.obolibrary.org/obo/PR_P02655  	apolipoprotein C-II (human)						3
to do	ignore	HP:0034025	Abnormal circulating GABA concentration	Any deviation from the normal concentration of gamma-aminobutyric acid (GABA) in the blood circulation.				Yes	abnormalLevelOfChemicalEntityInLocation	OK	HP:0034025				UBERON:0000178										
to do	ignore	HP:0034026	Elevated circulating saccharopine concentration	An increased concentration of saccharopine in the blood circulation. L-saccharopine is the N(6)-(1,3-dicarboxypropan-1-yl) derivative of L-lysine.				Yes	abnormallyIncreasedLevelOfChemicalEntityInLocation	OK	HP:0034026				UBERON:0000178										
to do	ignore	HP:0034048	Decreased circulating chenodeoxycholic acid concentration	A reduced concentration of chenodeoxycholic acid in the blood circulation.				Yes	abnormallyDecreasedLevelOfChemicalEntityInLocation	Ok	HP:0034048				UBERON:0000178										
to do	ignore	HP:0034053	Decreased acid ceramidase activity					Yes	activity	OK	HP:0034053				UBERON:0000178										
to do	next	HP:0034075	Decreased circulating apolipoprotein B concentration	Reduced circulating level of apolipoprotein B, which is the main apolipoprotein of chylomicrons and low density lipoproteins. It occurs in plasma as two main isoforms, apoB-48 and apoB-100.	Decreased circulating apolipoprotein B concentration	The concentration of apolipoprotein B in the blood circulation is below the lower limit of normal.	Additional informations about the protein might be added (standardization?).   As far as I can see, the hyphenated spelling ("apolipoprotein-B") is not or less frequently used.	Yes	abnormallyDecreasedLevelOfChemicalEntityInBlood	Ok	HP:0034075				UBERON:0000178			Not found						Subclass (PR): http://purl.obolibrary.org/obo/PR_P04114 apolipoprotein B-100 (human)  Parent class (CHEBI): http://purl.obolibrary.org/obo/CHEBI_39015 apolipoprotein  Regarding apolipoprotein B see e.g.PMID:34729547.  	9
to do	ignore	HP:0034160	Abnormal circulating interleukin 9 concentration	Any deviation from the normal range of the concentration of interleukin 9 in the blood circulation.				Yes	abnormalLevelOfChemicalEntityInLocation	OK	HP:0034160				UBERON:0000178										
to do	ignore	HP:0034161	Reduced circulating interleukin 9 concentration	An abnormally decreased concentration of interleukin 9 in the blood circulation.				Yes	abnormallyDecreasedLevelOfChemicalEntityInLocation	OK	HP:0034161				UBERON:0000178										
to do	ignore	HP:0034162	Abnormal circulating interleukin 10 concentration	Any deviation from the normal range of the concentration of interleukin 10 in the blood circulation.				Yes	abnormalLevelOfChemicalEntityInLocation	OK	HP:0034162				UBERON:0000178										
to do	ignore	HP:0034163	Reduced circulating interleukin 10 concentration	An abnormally decreased concentration of interleukin 10 in the blood circulation.				Yes	abnormallyDecreasedLevelOfChemicalEntityInLocation	OK	HP:0034163				UBERON:0000178										
to do	ignore	HP:0034164	Abnormal circulating interleukin 21 concentration	Any deviation from the normal range of the concentration of interleukin 21 in the blood circulation.				Yes	abnormalLevelOfChemicalEntityInLocation	OK	HP:0034164				UBERON:0000178										
to do	ignore	HP:0034165	Reduced circulating interleukin 21 concentration	An abnormally decreased concentration of interleukin 21 in the blood circulation.				Yes	abnormallyDecreasedLevelOfChemicalEntityInLocation	OK	HP:0034165				UBERON:0000178										
to do	ignore	HP:0034166	Increased circulating interleukin 21 concentration	An abnormally increased concentration of interleukin 21 in the blood circulation.				Yes	abnormallyIncreasedLevelOfChemicalEntityInLocation	OK	HP:0034166				UBERON:0000178										
to do	ignore	HP:0034167	Abnormal circulating interleukin 22 concentration	Any deviation from the normal range of the concentration of interleukin 22 in the blood circulation.				Yes	abnormalLevelOfChemicalEntityInLocation	OK	HP:0034167				UBERON:0000178										
to do	ignore	HP:0034168	Reduced circulating interleukin 22 concentration	An abnormally decreased concentration of interleukin 22 in the blood circulation.				Yes	abnormallyDecreasedLevelOfChemicalEntityInLocation	OK	HP:0034168				UBERON:0000178										
to do	ignore	HP:0034169	Increased circulating interleukin 22 concentration	An abnormally increased concentration of interleukin 22 in the blood circulation.				Yes	abnormallyIncreasedLevelOfChemicalEntityInLocation	OK	HP:0034169				UBERON:0000178										
to do	ignore	HP:0034170	Abnormal circulating interleukin 23 concentration	Any deviation from the normal range of the concentration of interleukin 23 in the blood circulation.				Yes	abnormalLevelOfChemicalEntityInLocation	OK	HP:0034170				UBERON:0000178										
to do	ignore	HP:0034171	Reduced circulating interleukin 23 concentration	An abnormally decreased concentration of interleukin 23 in the blood circulation.				Yes	abnormallyDecreasedLevelOfChemicalEntityInLocation	OK	HP:0034171				UBERON:0000178										
to do	ignore	HP:0034172	Increased circulating interleukin 23 concentration	An abnormally increased concentration of interleukin 23 in the blood circulation.				Yes	abnormallyIncreasedLevelOfChemicalEntityInLocation	OK	HP:0034172				UBERON:0000178										
to do	ignore	HP:0034173	Abnormal circulating interleukin 27 concentration	Any deviation from the normal range of the concentration of interleukin 27 in the blood circulation.				Yes	abnormalLevelOfChemicalEntityInLocation	OK	HP:0034173				UBERON:0000178										
to do	ignore	HP:0034174	Reduced circulating interleukin 27 concentration	An abnormally decreased concentration of interleukin 27 in the blood circulation.				Yes	abnormallyDecreasedLevelOfChemicalEntityInLocation	OK	HP:0034174				UBERON:0000178										
to do	ignore	HP:0034175	Increased circulating interleukin 27 concentration	An abnormally increased concentration of interleukin 27 in the blood circulation.				Yes	abnormallyIncreasedLevelOfChemicalEntityInLocation	OK	HP:0034175				UBERON:0000178										
to do	ignore	HP:0034176	Abnormal circulating interleukin 17A concentration	Any deviation from the normal range of the concentration of interleukin 17A in the blood circulation.				Yes	abnormalLevelOfChemicalEntityInLocation	OK	HP:0034176				UBERON:0000178										
to do	ignore	HP:0034177	Reduced circulating interleukin 17A concentration	An abnormally decreased concentration of interleukin 17A in the blood circulation.				Yes	abnormallyDecreasedLevelOfChemicalEntityInLocation	OK	HP:0034177				UBERON:0000178										
to do	ignore	HP:0034178	Increased circulating interleukin 17A concentration	An abnormally increased concentration of interleukin 17A in the blood circulation.				Yes	abnormallyIncreasedLevelOfChemicalEntityInLocation	OK	HP:0034178				UBERON:0000178										
done	next	HP:0034184	Increased insulin like growth factor binding protein acid labile subunit concentration	An abnormally elevated concentration of insulin like growth factor binding protein acid labile subunit level in the blood circulation.				Yes	abnormallyIncreasedLevelOfChemicalEntityInBlood	Ok	HP:0034184				UBERON:0000178			http://purl.obolibrary.org/obo/PR_P35858	insulin-like growth factor-binding protein complex acid labile subunit (human)					Selected human specific; species neutral term exists (http://purl.obolibrary.org/obo/PR_000008946).	3
to do	ignore	HP:0034202	Abnormal iduronate sulfatase concentration					Yes	abnormalLevelOfChemicalEntityInLocation	OK	HP:0034202				UBERON:0000178										
done	ignore	HP:0034203	Decreased iduronate sulfatase level	An decreased level of iduronate-2-sulfatase activity in the blood circulation.				Yes	abnormallyDecreasedLevelOfChemicalEntityInBlood	Ok	HP:0034203				UBERON:0000178			http://purl.obolibrary.org/obo/PR_000008894	iduronate 2-sulfatase						
to do	ignore	HP:0034276	Elevated circulating thymidine concentration	Concentration of thymidine in the blood circulation above the normal range.				Yes	abnormallyIncreasedLevelOfChemicalEntityInLocation	Ok	HP:0034276				UBERON:0000178										
to do	ignore	HP:0034277	Elevated circulating deoxyuridine concentration	Concentration of 2-deoxyuridine in the blood circulation is above the normal range.				Yes	abnormallyIncreasedLevelOfChemicalEntityInLocation	Ok	HP:0034277				UBERON:0000178										
to do	ignore	HP:0034288	Elevated circulating reverse T3 concentration	Abnormally increased concentration of reverse T3 (3,3',5'-triiodothyronine or rT3) in the blood circulation.				Yes	abnormallyIncreasedLevelOfChemicalEntityInLocation	Ok	HP:0034288				UBERON:0000178										
to do	ignore	HP:0034289	Elevated circulating rT3/T3 ratio	An abnormally increased ratio of the concentrations of reverse T3 to T3 in the blood circulation.				Yes	abnormallyIncreasedLevelOfChemicalEntityInLocation	Ok	HP:0034289				UBERON:0000178										
to do	ignore	HP:0034290	Elevated circulating tiglylglycine concentration	Concentration of tiglylglycine in the blood circulation above the upper limit of normal.				Yes	abnormallyIncreasedLevelOfChemicalEntityInLocation	OK	HP:0034290				UBERON:0000178										
to do	ignore	HP:0034291	Elevated circulating creatine concentration	An elevation above the normal range of creatine in the blood circulation.				Yes	abnormallyIncreasedLevelOfChemicalEntityInLocation	OK	HP:0034291				UBERON:0000178										
to do	ignore	HP:0034292	Reduced circulating creatine concentration	An reduction below the normal range of creatine in the blood circulation.				Yes	abnormallyDecreasedLevelOfChemicalEntityInLocation	OK	HP:0034292				UBERON:0000178										
done	ignore	HP:0034297	Elevated circulating tetracosanoic acid concentration	Elevated concentration of tetracosanoic acid (a C24 straight-chain saturated fatty acid) in the blood circulation.				Yes	abnormallyIncreasedLevelOfChemicalEntityInBlood	OK	HP:0034297				UBERON:0000178			http://purl.obolibrary.org/obo/CHEBI_28866	tetracosanoic acid						
done	ignore	HP:0034298	Elevated circulating hexacosanoic acid concentration	Elevated concentration of hexacosanoic acid (a C26 straight-chain saturated fatty acid) in the blood circulation.				Yes	abnormallyIncreasedLevelOfChemicalEntityInBlood	OK	HP:0034298				UBERON:0000178			http://purl.obolibrary.org/obo/CHEBI_31009	hexacosanoic acid						
to do	ignore	HP:0034300	Decreased acid sphingomyelinase activity	Reduced activity of the enzyme acid sphingomyelinase activity in the blood circulation.				Yes	activity	OK	HP:0034300				UBERON:0000178										
to do	ignore	HP:0034321	Elevated circulating guanidinoacetic acid concentration	Concentration of guanidinoacetic acid in the blood circulation is above the upper limit of normal.				Yes	abnormallyIncreasedLevelOfChemicalEntityInLocation	Ok	HP:0034321				UBERON:0000178										
to do	ignore	HP:0034322	Reduced galactocerebrosidase activity	Diminished enzyme activity of galactocerebrosidase.				Yes	activity	OK	HP:0034322				UBERON:0000178										
to do	ignore	HP:0034323	Reduced circulating growth hormone concentration	Concentration of growth hormone in the blood circulation below normal limits.				Yes	abnormallyDecreasedLevelOfChemicalEntityInLocation	Ok	HP:0034323				UBERON:0000178										
to do	ignore	HP:0034333	Increased circulating hypoxanthine concentration	Elevated concentration of hypoxanthine in the blood circulation.				Yes	abnormallyIncreasedLevelOfChemicalEntityInLocation	OK	HP:0034333				UBERON:0000178										
to do	ignore	HP:0034365	Elevated circulating alpha-aminoadipic semialdehyde concentration	Increased concentration of alpha-aminoadipic semialdehyde in the blood circulation.				Yes	abnormallyIncreasedLevelOfChemicalEntityInLocation	OK	HP:0034365				UBERON:0000178										
to do	next	HP:0034371	Reduced circulating prekallikrein concentration	Reduced concentration of prekallikrein (PK; also known as Fletcher factor) in the blood circulation. PK is the precursor of plasma kallikrein, a serine protease that activates kinins. PK is cleaved to produce kallikrein by activated Factor XII.	Decreased circulating prekallikrein concentration	The concentration of prekallikrein in the blood circulation is below the lower limit of normal.	Additional informations about the protein might be added (standardization?). 	Yes	abnormallyDecreasedLevelOfChemicalEntityInBlood	Ok	HP:0034371				UBERON:0000178			Not found						KI: Synonyms for prekallikrein (PK) include Fletcher factor, kallikreinogen, and prokallikrein (not found in PR and CHEBI).  Prekallikrein is the precursor of kallikrein (--> superclass: plasma kallikrein (human) http://purl.obolibrary.org/obo/PR_P03952).   Regarding prekallikrein, see e.g. PMID:31888778.	8
to do	ignore	HP:0034383	Elevated circulating biliverdin concentration	Increased concentration of biliverdin, a green tetrapyrrolic bile pigment, in the blood circulation.				Yes	abnormallyIncreasedLevelOfChemicalEntityInLocation	OK	HP:0034383				UBERON:0000178										
to do	ignore	HP:0034384	Elevated circulating insulin:C-peptide ratio	Increased ratio of insulin to C-peptide in the blood circulation.				Yes	abnormallyIncreasedLevelOfChemicalEntityInLocation	OK	HP:0034384				UBERON:0000178										
to do	ignore	HP:0034407	Reduced circulating 3-ketoacyl-CoA thiolase concentration	Decreased concentration of 3-ketoacyl-CoA thiolase in th blood circulation.				Yes	abnormallyDecreasedLevelOfChemicalEntityInLocation	OK	HP:0034407				UBERON:0000178										
done	ignore	HP:0034441	Decreased circulating aspartic acid concentration	An reduced concentration of aspartic acid in the blood circulation.				Yes	abnormallyDecreasedLevelOfChemicalEntityInBlood	OK	HP:0034441				UBERON:0000178			http://purl.obolibrary.org/obo/CHEBI_22660	aspartic acid						
to do	ignore	HP:0034442	Abnormal circulating erythropoietin concentration	Any deviation from the normal concentration of erythropoietin in the blood circulation. Erythropoietin is a glycoprotein hormone produced by the peritubular cells of the kidney that stimulates red blood cell production.				Yes	abnormalLevelOfChemicalEntityInLocation	OK	HP:0034442				UBERON:0000178										
to do	ignore	HP:0034443	Reduced circulating erythropoietin concentration	Decreased concentration of erythropoietin in the blood circulation. Erythropoietin is a glycoprotein hormone produced by the peritubular cells of the kidney that stimulates red blood cell production.				Yes	abnormallyDecreasedLevelOfChemicalEntityInLocation	OK	HP:0034443				UBERON:0000178										
to do	ignore	HP:0034444	Abnormal gamma-glutamyltransferase level	Any deviation from the normal level of the enzyme gamma-glutamyltransferase (GGT). GGT is mainly present in kidney, liver, and pancreatic cells, but small amounts are present in other tissues.				Yes	abnormalLevelOfChemicalEntityInLocation	OK	HP:0034444				UBERON:0000178										
to do	ignore	HP:0034446	Elevated circulating histamine concentration	Increased concentration of histamine in the blood circulation.				Yes	abnormallyIncreasedLevelOfChemicalEntityInLocation	OK	HP:0034446				UBERON:0000178										
to do	ignore	HP:0034447	Increased circulating interleukin 18 concentration	An increased concentration of interleukin-18 in the blood circulation.				Yes	abnormallyIncreasedLevelOfChemicalEntityInLocation	OK	HP:0034447				UBERON:0000178										
to do	ignore	HP:0034448	Abnormal phytanic acid:pristanic acid ratio	Any deviation from the normal ratio of blood phytanic acid concentration to pristanic acid concentration.				Yes	abnormalLevelOfChemicalEntityInLocation	OK	HP:0034448				UBERON:0000178										
to do	ignore	HP:0034456	Elevated circulating glutathione concentration	An abnormally increased level of glutathione in the blood circulation.				Yes	abnormallyIncreasedLevelOfChemicalEntityInLocation	OK	HP:0034456				UBERON:0000178										
to do	ignore	HP:0034463	Hydroxylysinemia	An increased concentration of hydroxylysine in the blood circulation. Hydroxylysine arises from a post-translational hydroxy modification of lysine and is unique to collagen and proteins containing collagen-like sequences. Elevated concentrations of hydroxylysine may indicate increased bone turnover.				Yes	abnormallyIncreasedLevelOfChemicalEntityInLocation	OK	HP:0034463				UBERON:0000178										
to do	ignore	HP:0034486	Reduced circulating interleukin 7 concentration	A diminished concentration of interleukin-7 in the circulation.				Yes	abnormallyDecreasedLevelOfChemicalEntityInLocation	OK	HP:0034486				UBERON:0000178										
to do	ignore	HP:0034487	Increased circulating interleukin 12 concentration	An increased concentration of interleukin-12 in the blood circulation.				Yes	abnormallyIncreasedLevelOfChemicalEntityInLocation	OK	HP:0034487				UBERON:0000178										
to do	ignore	HP:0034488	Increased circulating interleukin 13 concentration	An increased concentration of interleukin-13 in the blood circulation.				Yes	abnormallyIncreasedLevelOfChemicalEntityInLocation	OK	HP:0034488				UBERON:0000178										
to do	ignore	HP:0034489	Increased circulating interleukin 2 concentration	An increased concentration of interleukin-2 in the blood circulation.				Yes	abnormallyIncreasedLevelOfChemicalEntityInLocation	OK	HP:0034489				UBERON:0000178										
to do	ignore	HP:0034490	Increased circulating interleukin 4 concentration	An increased concentration of interleukin-4 in the blood circulation.				Yes	abnormallyIncreasedLevelOfChemicalEntityInLocation	OK	HP:0034490				UBERON:0000178										
to do	ignore	HP:0034491	Increased circulating interleukin 5 concentration	An increased concentration of interleukin-5 in the blood circulation.				Yes	abnormallyIncreasedLevelOfChemicalEntityInLocation	OK	HP:0034491				UBERON:0000178										
to do	ignore	HP:0034513	Increased circulating Interferon-alpha concentration	An elevation in the concentration of interferon alpha measured in the blood circulation.				Yes	abnormallyIncreasedLevelOfChemicalEntityInLocation	OK	HP:0034513				UBERON:0000178										
to do	ignore	HP:0034543	Mycobacterium bacteremia	Presence of viable mycobacteria in the blood.				Yes	other level	other level like viremia?	HP:0034543				UBERON:0000178										
to do	ignore	HP:0034544	Decreased delta-aminolevulinate dehydratase activity	Reduced activity of the enzyme delta-aminolevulinate dehydratase. The enzyme is active in erythrocytes.				Yes	activity	OK	HP:0034544				UBERON:0000178										
to do	ignore	HP:0034545	Elevated circulating pancreatic secretory trypsin inhibitor activity	Increased activity of the enzyme pancreatic secretory trypsin inhibitor in the blood circulation.				Yes	abnormallyIncreasedLevelOfChemicalEntityInLocation	OK	HP:0034545				UBERON:0000178										
to do	ignore	HP:0034555	Reduced sulfide:quinone oxidoreductase activity	Reduced activity of the enzyme sulfide:quinone oxidoreductase, which typically is measured in a biopsy specimen from liver or muscle.				Yes	activity	OK	HP:0034555				UBERON:0000178										
to do	ignore	HP:0034589	Increased circulating dehydroepiandrosterone-sulfate concentration	Concentration of dehydroepiandrosterone-sulfate in the blood circulation above the upper limit of normal.				Yes	abnormallyIncreasedLevelOfChemicalEntityInLocation	OK	HP:0034589				UBERON:0000178										
done	next	HP:0034590	Abnormal circulating thyroxine-binding globulin concentration	Any deviation from the normal concentration of thyroxine-binding globulin (TBG) in the blood circulation.				Yes	abnormalLevelOfChemicalEntityInBlood	OK	HP:0034590				UBERON:0000178			http://purl.obolibrary.org/obo/PR_P05543	thyroxine-binding globulin (human)					Selected human specific; species neutral term exists (http://purl.obolibrary.org/obo/PR_000014687).   	2
done	next	HP:0034591	Decreased circulating thyroxine-binding globulin concentration	A reduction from the normal concentration of thyroxine-binding globulin (TBG) in the blood circulation.				Yes	abnormallyDecreasedLevelOfChemicalEntityInBlood	Ok	HP:0034591				UBERON:0000178			http://purl.obolibrary.org/obo/PR_P05543	thyroxine-binding globulin (human)					Selected human specific; species neutral term exists (http://purl.obolibrary.org/obo/PR_000014687).	1
to do	ignore	HP:0034592	Elevated circulating beta-aminoisobutyric acid concentration	An increased concentration of beta-aminoisobutyric acid in the blood circulation.				Yes	abnormallyIncreasedLevelOfChemicalEntityInLocation	OK	HP:0034592				UBERON:0000178										
to do	ignore	HP:0034593	Elevated circulating dihydrouracil concentration	An increased concentration of dihydrouracil in the blood circulation. Dihydrouracil is an intermediate in the catabolism of uracil that is also known as 5,6-dihydrouracil.				Yes	abnormallyIncreasedLevelOfChemicalEntityInLocation	Ok	HP:0034593				UBERON:0000178										
to do	ignore	HP:0034594	Elevated circulating dihydrothymine concentration	An increased concentration of dihydrothymine in the blood circulation. Dihydrouracil is an intermediate in the catabolism of thymine.				Yes	abnormallyIncreasedLevelOfChemicalEntityInLocation	Ok	HP:0034594				UBERON:0000178										
to do	ignore	HP:0034595	Elevated circulating N-carbamoyl-beta-alanine concentration	An increased concentrationof N-carbamoyl-beta-alanine in the blood circulation.				Yes	abnormallyIncreasedLevelOfChemicalEntityInLocation	OK	HP:0034595				UBERON:0000178										
to do	ignore	HP:0034596	Elevated ciculating 5-hydroxymethyluracil concentration	An increased concentration of 5-hydroxymethyluracil in the blood circulation.				Yes	abnormallyIncreasedLevelOfChemicalEntityInLocation	Ok	HP:0034596				UBERON:0000178										
to do	ignore	HP:0034599	Decreased circulating biotin concentration	Concentration of biotin in the blood circulation below the lower limit of normal.				Yes	abnormallyDecreasedLevelOfChemicalEntityInLocation	OK	HP:0034599				UBERON:0000178										
to do	ignore	HP:0034600	Elevated circulating thrombopoietin concentration	Concentration of thrombopoietin in the blood circulation above the upper limit of normal. Thrombopoietin is a glycoprotein hormone produced by the liver and kidney that stimulates the production and differentiation of megakaryocytes.				Yes	abnormallyIncreasedLevelOfChemicalEntityInLocation	OK	HP:0034600				UBERON:0000178										
to do	ignore	HP:0034601	Decreased circulating C1q concentration	Concentration or activity of the C1q protein in the blood circulation below the lower limit of normal. C1q is the first component of the classical pathway and is composed of the C1qA chain, C1qB chain, and C1qC chain, which are encoded by C1qA, C1qB, and C1qC genes.				Yes	abnormallyDecreasedLevelOfChemicalEntityInLocation	Ok	HP:0034601				UBERON:0000178										
done	next	HP:0034602	Decreased circulating apolipoprotein A-II concentration	Concentration of apolipoprotein A-II below the lower limit of normal.				Yes	abnormallyDecreasedLevelOfChemicalEntityInBlood	Ok	HP:0034602				UBERON:0000178			http://purl.obolibrary.org/obo/PR_P02652	apolipoprotein A-II (human)					Selected human specific; species neutral term exists (http://purl.obolibrary.org/obo/PR_000004142).  	2
to do	next	HP:0034603	Elevated circulating CA19-9 concentration	Concentration of CA19-9 above the upper limit of normal.	Elevated circulating CA19-9 concentration	The concentration of CA19-9 (= carbohydrate antigen 19-9) in the blood circulation is above the upper limit of normal.	Full term added in definition. 	Yes	abnormallyIncreasedLevelOfChemicalEntityInBlood	Ok	HP:0034603				UBERON:0000178			Not found						KI: Synonyms for CA 19-9 include sialyl Lewis A, sialylated Lewis A antigen, cancer antigen 19-9, and carbohydrate antigen 19-9 (not found in PR and CHEBI).  Regarding CA 19-9 see e.g. PMID:26530370.	8
to do	ignore	HP:0034604	Elevated circulating DOPA concentration	Concentration of DOPA (3,4-dihydroxyphenylalanine) in the blood circulation above the upper limit of normal.				Yes	abnormallyIncreasedLevelOfChemicalEntityInLocation	OK	HP:0034604				UBERON:0000178										
to do	ignore	HP:0034606	Elevated circulating porphyrin concentration	Concentration of porphyrins or of a specific porphryin above the upper limit of normal. The most commonly tested circulating porphyrins are coproporphyrin, protoporphyrin, and uroporphyrin. Normally protoporphyrin is present in the highest concentration.				Yes	abnormallyIncreasedLevelOfChemicalEntityInLocation	OK	HP:0034606				UBERON:0000178										
done	next	HP:0034608	Decreased circulating transcobalamin II concentration	Concentration of transcobalamin II in the blood circulation below the lower limit of normal.				Yes	abnormallyDecreasedLevelOfChemicalEntityInBlood	Ok	HP:0034608				UBERON:0000178			http://purl.obolibrary.org/obo/PR_P20062	transcobalamin-2 (human)					Selected human specific; species neutral term exists (http://purl.obolibrary.org/obo/PR_000016197).	3
to do	ignore	HP:0034610	Decreased circulating myo-inositol concentration	Concentration of myo-inositol in the blood circulation below the lower limit of normal.				Yes	abnormallyDecreasedLevelOfChemicalEntityInLocation	OK	HP:0034610				UBERON:0000178										
to do	ignore	HP:0034611	Elevated circulating arabinitol concentration	Concentration of arabinitol in the blood circulation above the upper limit of normal.				Yes	abnormallyIncreasedLevelOfChemicalEntityInLocation	OK	HP:0034611				UBERON:0000178										
to do	ignore	HP:0034614	Elevated circulating erythritol concentration	Concentration of erythritol in the blood circulation above the upper limit of normal.				Yes	abnormallyIncreasedLevelOfChemicalEntityInLocation	OK	HP:0034614				UBERON:0000178										
to do	next	HP:0034615	Reduced circulating matrix metalloproteinase 2 concentration	Concentration of matrix metalloproteinase 2 in the blood circulation below the lower limit of normal.				Yes	abnormallyDecreasedLevelOfChemicalEntityInBlood	Ok	HP:0034615				UBERON:0000178			http://purl.obolibrary.org/obo/PR_P08253	72 kDa type IV collagenase (human)					KI: Synonyms for matrix metalloproteinase-2 (MMP-2) include gelatinase A, 72 kDa gelatinase, 72 kDa type IV collagenase, and matrix metallopeptidase 2 (not found in CHEBI).   According to PMID: 7890717 the 72-kDa gelatinase/type IV collagenase (MMP-2) is a member of the matrix metalloproteinase (MMP) family of enzymes. According to PMID:7519563 the matrix metalloproteinase 72-kDa type IV collagenase is also known as gelatinase A. 	5
to do	ignore	HP:0034616	Abnormal circulating coenzyme concentration	Concentration of a coenzyme (an organic molecule that binds to the active sites of an enzyme to promote the catalysis of a reaction) is above or below the limits of normal.				Yes	abnormalLevelOfChemicalEntityInLocation	OK	HP:0034616				UBERON:0000178										
to do	ignore	HP:0034617	Elevated circulating S-adenosyl methionine concentration	Concentration of S-adenosyl methionine (SAM) in the blood circulation above the upper limit of normal. SAM is a cosubstrate involved in methyl group transfers, transsulfuration, and aminopropylation.				Yes	abnormallyIncreasedLevelOfChemicalEntityInLocation	OK	HP:0034617				UBERON:0000178										
done	next	HP:0034618	Abnormal circulating membrane cofactor protein concentration	Concentration of membrane cofactor protein in the blood circulation outside the limits of normal. Membrane cofactor protein (MCP, CD46) is a cell surface complement regulatory protein which acts as a cofactor for the factor I-mediated cleavage of the activated complement components C3b/C4b.				Yes	abnormalLevelOfChemicalEntityInBlood	OK	HP:0034618				UBERON:0000178			http://purl.obolibrary.org/obo/PR_P15529	membrane cofactor protein (human)					Selected human specific; species neutral term exists (http://purl.obolibrary.org/obo/PR_000001401). 	2
done	next	HP:0034619	Decreased circulating membrane cofactor protein concentration	Concentration of membrane cofactor protein in the blood circulation below the lower limit of normal.				Yes	abnormallyDecreasedLevelOfChemicalEntityInBlood	OK	HP:0034619				UBERON:0000178			http://purl.obolibrary.org/obo/PR_P15529	membrane cofactor protein (human)					Selected human specific; species neutral term exists (http://purl.obolibrary.org/obo/PR_000001401). 	1
done	next	HP:0034620	Elevated circulating membrane cofactor protein concentration	Concentration of membrane cofactor protein in the blood circulation above the upper limit of normal.				Yes	abnormallyIncreasedLevelOfChemicalEntityInBlood	OK	HP:0034620				UBERON:0000178			http://purl.obolibrary.org/obo/PR_P15529	membrane cofactor protein (human)					Selected human specific; species neutral term exists (http://purl.obolibrary.org/obo/PR_000001401). 	1
to do	ignore	HP:0034644	Abnormal liver metabolite concentration	The concentration of a metabolite in the liver is above or below the limits of normal.				Yes	abnormalLevelOfChemicalEntityInLocation	Ok	HP:0034644				UBERON:0000178										
to do	ignore	HP:0034688	Reduced peroxisomal glutaryl-CoA oxidase activity	Diminished enzyme activity of peroxisomal glutaryl-CoA oxidase, an enzyme that metabolizes glutaryl-CoA (a metabolite of L-lysine, L-hydroxy-lysine and L-tryptophan) by dehydrogenation to glutaconyl-CoA directly followed by decarboxylation of this to crotonyl-CoA.				Yes	activity	OK	HP:0034688				UBERON:0000178										
to do	ignore	HP:0034689	Reduced sterol 27-hydroxylase activity	Diminished activity of the enzyme sterol 27-hydroxylase, which participates in the degradation of cholesterol to bile acid. Sterol 27-hydroxylase catalyzes the first step in the normal oxidation of the steroid side chain, converting cholesterol, as well as different 7a-hydroxylated cholesterol metabolites, to 27-oxygenated steroids.				Yes	activity	OK	HP:0034689				UBERON:0000178										
to do	ignore	HP:0034690	Reduced short-chain acyl-CoA dehydrogenase activity	Diminished activity of the enzyme Short-chain acyl-CoA dehydrogenase (SCAD), a key enzyme of fatty acid beta-oxidation that catalyzes the first step in mitochondrial beta-oxidation of fatty acids.				Yes	activity	OK	HP:0034690				UBERON:0000178										
to do	ignore	HP:0034691	Reduced 3-phosphoglycerate dehydrogenase activity	Diminished activity of the enzyme 3-phosphoglycerate dehydrogenase (PGDH), which catalyzes the first step in the pathway by converting D-3-phosphoglycerate (PGA), an intermediate in glycolysis, to phosphohydroxypyruvate concomitant with the reduction of NAD+.				Yes	activity	OK	HP:0034691				UBERON:0000178										
to do	ignore	HP:0034715	Reduced uroporphyrinogen decarboxylase activity	Activity of the enzyme uroporphyrinogen decarboxylase (UROD; EC 4.1.1.37) below the lower limit of normal.				Yes	activity	OK	HP:0034715				UBERON:0000178										
to do	ignore	HP:0034716	Reduced heme oxygenase activity	Activity of the enzyme heme oxygenase below the lower limit of normal.				Yes	activity	OK	HP:0034716				UBERON:0000178										
to do	ignore	HP:0034721	Elevated circulating pristanic acid concentration	Concentration of pristanic acid in the blood circulation above the upper limit of normal.				Yes	abnormallyIncreasedLevelOfChemicalEntityInLocation	OK	HP:0034721				UBERON:0000178										
to do	ignore	HP:0034725	Abnormal circulating beta-mannosidase activity	Activity of the enzyme beta-mannosidase outside normal limits. Beta-mannosidase is a lysosomal enzyme that catabolizes oligosaccharides.				Yes	activity	OK	HP:0034725				UBERON:0000178										
to do	ignore	HP:0034728	Abnormal circulating alpha-L-fucosidase activity	Activity of the enzyme alpha-L-fucosidase in the blood circulation outside the limits of normal.				Yes	activity	OK	HP:0034728				UBERON:0000178										
to do	ignore	HP:0034730	Elevated circulating S-adenosyl-L-homocysteine concentration	Increased concentration of S-adenosyl-L-homocysteine in the blood circulation.				Yes	abnormallyIncreasedLevelOfChemicalEntityInLocation	OK	HP:0034730				UBERON:0000178										
to do	ignore	HP:0034731	Elevated circulating S-adenosyl-L-methionine concentration	Concentration S-adenosyl-L-methionine in the blood circulation above the upper limit of normal.				Yes	abnormallyIncreasedLevelOfChemicalEntityInLocation	OK	HP:0034731				UBERON:0000178										
to do	ignore	HP:0034736	Elevated circulating alpha-oxoadipic acid concentration	Concentration of alpha-oxoadipic acid in the blood above the upper limit of normal.				Yes	abnormallyIncreasedLevelOfChemicalEntityInLocation	OK	HP:0034736				UBERON:0000178										
to do	ignore	HP:0034741	Elevated circulating homoarginine concentration	Concentration of homoarginine in the blood circulation above the upper limit of normal.				Yes	abnormallyIncreasedLevelOfChemicalEntityInLocation	OK	HP:0034741				UBERON:0000178										
to do	ignore	HP:0034745	Elevated circulating S-sulfocysteine concentration	Concentration of S-sulfocysteine in the blood circulation above the upper limit of normal.				Yes	abnormallyIncreasedLevelOfChemicalEntityInLocation	OK	HP:0034745				UBERON:0000178										
to do	ignore	HP:0034858	Abnormal leukocyte enzyme concentration or activity	Concentration or activity of an enzyme as measured in leukocytes is above or below the limits of normal in the blood circulation.				Yes	combination_phenotype	Ok	HP:0034858				UBERON:0000178										
to do	ignore	HP:0034864	Decreased alpha-galactosidase A activity	Activity of the enzyme alpha-galactosidase outsidebelow the lower limit of normal.				Yes	activity	OK	HP:0034864				UBERON:0000178										
to do	ignore	HP:0034869	Reduced erythrocyte free porphyrin concentration	Concentration of porphyrin in erythrocytes below the lower limit of normal.				Yes	abnormallyDecreasedLevelOfChemicalEntityInLocation	OK	HP:0034869				UBERON:0000178										
to do	ignore	HP:0034870	Reduced circulating urocanic acid concentration	The concentration of urocanic acid in the blood circulation is below the lower limit of normal.				Yes	abnormallyDecreasedLevelOfChemicalEntityInLocation	OK	HP:0034870				UBERON:0000178										
to do	ignore	HP:0034873	Decreased circulating epinephrine concentration	Concentration of epinephrin in the blood circulation below the lower limit of normal.				Yes	abnormallyDecreasedLevelOfChemicalEntityInLocation	OK	HP:0034873				UBERON:0000178										
to do	ignore	HP:0034874	Decreased circulating norepinephrine concentration	Concentration of norepinephrin in the blood circulation below the lower limit of normal.				Yes	abnormallyDecreasedLevelOfChemicalEntityInLocation	OK	HP:0034874				UBERON:0000178										
to do	ignore	HP:0034878	Decreased circulating metanephrine concentration	Concentration of metanephrin in the blood circulation below the lower limit of normal.				Yes	abnormallyDecreasedLevelOfChemicalEntityInLocation	OK	HP:0034878				UBERON:0000178										
to do	ignore	HP:0034897	Decreased circulating antidiuretic hormone concentration	Concentration of antidiuretic hormone, also known as vasopressin, is below the lower limit of normal in the blood circulation.				Yes	abnormallyDecreasedLevelOfChemicalEntityInLocation	OK	HP:0034897				UBERON:0000178										
to do	ignore	HP:0034898	Elevated circulating growth hormone-releasing hormone concentration	Concentration of growth hormone-releasing hormone above the upper limit of normal in the blood circulation.				Yes	abnormallyIncreasedLevelOfChemicalEntityInLocation	OK	HP:0034898				UBERON:0000178										
to do	ignore	HP:0034901	Increased circulating vitamin E concentration	Concentration of vitamin E in the blood circulation above the upper limit of normal.				Yes	abnormallyIncreasedLevelOfChemicalEntityInLocation	Ok	HP:0034901				UBERON:0000178										
to do	ignore	HP:0034902	Abnormal circulating calcitonin concentration	Concentration of calcitonin, a 32-amino acid polypeptide hormone that is produced primarily by the parafollicular cells of the thyroid, in the blood circulation outside of normal limits.				Yes	abnormalLevelOfChemicalEntityInLocation	OK	HP:0034902				UBERON:0000178			http://purl.obolibrary.org/obo/CHEBI_3306							
to do	ignore	HP:0034903	Decreased circulating calcitonin concentration	Concentration of calcitonin, a 32-amino acid polypeptide hormone that is produced primarily by the parafollicular cells of the thyroid, in the blood circulation below the lower limit of normal.				Yes	abnormallyDecreasedLevelOfChemicalEntityInLocation	OK	HP:0034903				UBERON:0000178			http://purl.obolibrary.org/obo/CHEBI_3306							
to do	ignore	HP:0034904	Decreased circulating thyrotropin releasing hormone concentration	Concentration of thyrotropin releasing hormone below the lower limit of normal in the blood circulation.				Yes	abnormallyDecreasedLevelOfChemicalEntityInLocation	OK	HP:0034904				UBERON:0000178										
to do	ignore	HP:0034905	Elevated circulating uroporphyrin concentration	Concentration of uroporphyrin in the blood circulation above the upper limit of normal.				Yes	abnormallyIncreasedLevelOfChemicalEntityInLocation	Ok	HP:0034905				UBERON:0000178										
to do	ignore	HP:0034908	Increased circulating dehydroepiandrosterone concentration	Concentration of dehydroepiandrosterone in the blood circulation above the upper limit of normal.				Yes	abnormallyIncreasedLevelOfChemicalEntityInLocation	OK	HP:0034908				UBERON:0000178									Needs def	
to do	ignore	HP:0034909	Increased erythrocyte coproporphyrin concentration	Concentration of coproporphyrin in erythrocytes above the upper limit of normal.				Yes	abnormallyIncreasedLevelOfChemicalEntityInLocation	Ok	HP:0034909				UBERON:0000178										
to do	ignore	HP:0034910	Increased erythrocyte uroproporphyrin concentration	Concentration of uroproporphyrin in erythrocytes above the upper limit of normal.				Yes	abnormallyIncreasedLevelOfChemicalEntityInLocation	Ok	HP:0034910				UBERON:0000178										
done	next	HP:0034911	Decreased circulating apolipoprotein E concentration	Concentration of apolipoprotein E below the lower limit of normal.				Yes	abnormallyDecreasedLevelOfChemicalEntityInBlood	Ok	HP:0034911				UBERON:0000178			http://purl.obolibrary.org/obo/PR_P02649	apolipoprotein E (human)					Selected human specific; species neutral term exists (http://purl.obolibrary.org/obo/PR_000004155).	2
to do	ignore	HP:0034932	Decreased circulating acid maltase activity	Activity of the enzyme acid maltase (also known as alpha-1,4-glucosidase) below the lower limit of normal.				Yes	activity	OK	HP:0034932				UBERON:0000178										
to do	ignore	HP:0034934	Abnormal circulating 7-dehydrocholesterol concentration	Concentration of 7-dehydrocholesterol in the blood circulation outside the limits of normal.				Yes	abnormalLevelOfChemicalEntityInLocation	OK	HP:0034934				UBERON:0000178										
to do	ignore	HP:0034935	Decreased circulating 7-dehydrocholesterol concentration	Concentration of 7-dehydrocholesterol in the blood circulation below the lower limit of normal.				Yes	abnormallyDecreasedLevelOfChemicalEntityInLocation	OK	HP:0034935				UBERON:0000178										
to do	ignore	HP:0034936	Elevated circulating lathosterol concentration	Concentration of lathosterol in the blood circulation above the upper limit of normal.				Yes	abnormallyIncreasedLevelOfChemicalEntityInLocation	OK	HP:0034936				UBERON:0000178										
to do	ignore	HP:0034937	Elevated circulating desmosterol concentration	Concentration of desmosterol in the blood circulation above the upper limit of normal.				Yes	abnormallyIncreasedLevelOfChemicalEntityInLocation	OK	HP:0034937				UBERON:0000178										
to do	ignore	HP:0034938	Decreased circulating sialic acid concentration	Concentration of sialic acid in the blood circulation below the lower limit of normal.				Yes	abnormallyDecreasedLevelOfChemicalEntityInLocation	OK	HP:0034938				UBERON:0000178										
to do	ignore	HP:0035015	Elevated circulating short-chain acylcarnitine concentration	Concentration of short-chain acylcarnitine in the blood circulation above the upper limit of normal. Acylcarnitines are classified according to the number of carbon atoms in the acyl-chain. Short chain acylcarnitines have between two and five carbon atoms in the acyl-chain (C2-C5),				Yes	abnormallyIncreasedLevelOfChemicalEntityInLocation	Ok	HP:0035015				UBERON:0000178			?	?						
to do	ignore	HP:0035016	Elevated circulating C4 acylcarnitine concentration	Concentration of C4 acylcarnitines in the blood circulation above the upper limit of normal. C4 acylcarnitines have a four-carbon acyl chain.				Yes	abnormallyIncreasedLevelOfChemicalEntityInLocation	Ok	HP:0035016				UBERON:0000178			?	?						
to do	ignore	HP:0035017	Elevated circulating medium-chain acylcarnitine concentration	Concentration of medium-chain acylcarnitine in the blood circulation above the upper limit of normal. Acylcarnitines are classified according to the number of carbon atoms in the acyl-chain. Medium-chain acylcarnitines have between six and twelve carbon atoms in the acyl-chain (C6-C12),				Yes	abnormallyIncreasedLevelOfChemicalEntityInLocation	Ok	HP:0035017				UBERON:0000178			?	?						
to do	ignore	HP:0035018	Elevated circulating long-chain acylcarnitine concentration	Concentration of long-chain acylcarnitine in the blood circulation above the upper limit of normal. Acylcarnitines are classified according to the number of carbon atoms in the acyl-chain. Long-chain acylcarnitines have between thirteen and twenty carbon atoms in the acyl-chain (C13-C20),				Yes	abnormallyIncreasedLevelOfChemicalEntityInLocation	Ok	HP:0035018				UBERON:0000178			?	?						
to do	ignore	HP:0035019	Elevated circulating C5 acylcarnitine concentration	Concentration of C5 acylcarnitines in the blood circulation above the upper limit of normal. C5 acylcarnitines have a five-carbon acyl chain.				Yes	abnormallyIncreasedLevelOfChemicalEntityInLocation	Ok	HP:0035019				UBERON:0000178			?	?						
to do	ignore	HP:0035020	Elevated circulating C18 acylcarnitine concentration	Concentration of C18 acylcarnitines in the blood circulation above the upper limit of normal. C18 acylcarnitines have a eighteen-carbon acyl chain.				Yes	abnormallyIncreasedLevelOfChemicalEntityInLocation	Ok	HP:0035020				UBERON:0000178			?	?						
to do	ignore	HP:0035021	Elevated circulating C16 acylcarnitine concentration	Concentration of C16 acylcarnitines in the blood circulation above the upper limit of normal. C16 acylcarnitines have a sixteen-carbon acyl chain.				Yes	abnormallyIncreasedLevelOfChemicalEntityInLocation	Ok	HP:0035021				UBERON:0000178			?	?						
to do	ignore	HP:0035022	Elevated circulating very long-chain acylcarnitine concentration	Concentration of very long-chain acylcarnitine in the blood circulation above the upper limit of normal. Acylcarnitines are classified according to the number of carbon atoms in the acyl-chain. Very long-chain acylcarnitines have twentyone or more carbon atoms in the acyl-chain (C21 and higher),				Yes	abnormallyIncreasedLevelOfChemicalEntityInLocation	Ok	HP:0035022				UBERON:0000178			?	?						
to do	ignore	HP:0035023	Elevated circulating acetylcarnitine concentration	Concentration of acetylcarnitine (C2 acylcarnitine) in the blood circulation above the upper limit of normal. Acetylcarnitine has a two-carbon acyl chain.				Yes	abnormallyIncreasedLevelOfChemicalEntityInLocation	Ok	HP:0035023				UBERON:0000178			?	?						
to do	ignore	HP:0035024	Elevated circulating methylmalonylcarnitine concentration	Concentration of methylmalonylcarnitine in the blood circulation above the upper limit of normal.				Yes	abnormallyIncreasedLevelOfChemicalEntityInLocation	Ok	HP:0035024				UBERON:0000178										
to do	ignore	HP:0035025	Elevated circulating 3-hydroxyhexadecanoylcarnitine concentration	Concentration of 3-hydroxyhexadecanoylcarnitine in the blood circulation above the upper limit of normal.				Yes	abnormallyIncreasedLevelOfChemicalEntityInLocation	Ok	HP:0035025				UBERON:0000178										
to do	ignore	HP:0035026	Elevated circulating C6 acylcarnitine concentration	Concentration of C6 acylcarnitines in the blood circulation above the upper limit of normal. C6 acylcarnitines have a six-carbon acyl chain.				Yes	abnormallyIncreasedLevelOfChemicalEntityInLocation	Ok	HP:0035026				UBERON:0000178			?	?						
to do	ignore	HP:0035027	Elevated circulating methylglutarylcarnitine concentration	Concentration of methylglutarylcarnitine in the blood circulation above the upper limit of normal.				Yes	abnormallyIncreasedLevelOfChemicalEntityInLocation	Ok	HP:0035027				UBERON:0000178			http://purl.obolibrary.org/obo/CHEBI_86486	O-methylglutarycarnitine						
to do	ignore	HP:0035028	Elevated circulating 3-hydroxyisovalerylcarnitine concentration	Concentration of 3-hydroxyisovalerylcarnitine in the blood circulation above the upper limit of normal.				Yes	abnormallyIncreasedLevelOfChemicalEntityInLocation	Ok	HP:0035028				UBERON:0000178										
to do	ignore	HP:0035029	Elevated circulating 3-hydroxyhexanoylcarnitine concentration	Concentration of 3-hydroxyhexanoylcarnitine (C6-OH) in the blood circulation above the upper limit of normal.				Yes	abnormallyIncreasedLevelOfChemicalEntityInLocation	Ok	HP:0035029				UBERON:0000178			?	?						
done	ignore	HP:0035030	Elevated circulating carnitine concentration	Concentration of carnitine in the blood circulation above the upper limit of normal.				Yes	abnormallyIncreasedLevelOfChemicalEntityInBlood	OK	HP:0035030				UBERON:0000178			http://purl.obolibrary.org/obo/CHEBI_17126	carnitine						
to do	ignore	HP:0035031	Elevated circulating tiglylcarnitine concentration	Concentration of tiglylcarnitine (C5:1) in the blood circulation above the upper limit of normal.				Yes	abnormallyIncreasedLevelOfChemicalEntityInLocation	Ok	HP:0035031				UBERON:0000178										
to do	ignore	HP:0035032	Reduced circulating acetylcarnitine concentration	Concentration of acetylcarnitine (C2 acylcarnitine) in the blood circulation below the lower limit of normal. Acetylcarnitine has a two-carbon acyl chain.				Yes	abnormallyDecreasedLevelOfChemicalEntityInLocation	Ok	HP:0035032				UBERON:0000178			?	?						
done	ignore	HP:0035033	Reduced circulating octadecenoylcarnitine concentration	Concentration of octadecenoylcarnitine (C18:1 acylcarnitine) in the blood circulation below the lower limit of normal.				Yes	abnormallyDecreasedLevelOfChemicalEntityInBlood	Ok	HP:0035033				UBERON:0000178			http://purl.obolibrary.org/obo/CHEBI_86475	O-octadecenoylcarnitine						
done	next	HP:0040081	Abnormal circulating creatine kinase concentration	Any deviation from the normal circulating creatine kinase concentration.				Yes	abnormalLevelOfChemicalEntityInBlood	OK	HP:0040081				UBERON:0000178			http://purl.obolibrary.org/obo/PR_000050097	creatine kinase (human)					Selected human specific; species neutral term exists (http://purl.obolibrary.org/obo/PR_000029971).	2
to do	next	HP:0040133	Abnormal circulating ferritin concentration	A deviation from the normal circulating concentration of ferritin. Ferritin concentration can be measured in serum or plasma.				Yes	abnormalLevelOfChemicalEntityInBlood	OK	HP:0040133				UBERON:0000178			http://purl.obolibrary.org/obo/PR_000050342   http://purl.obolibrary.org/obo/CHEBI_82594	ferritin complex (human)  / ferritin					PR: Selected human specific; species neutral term exists in GO.  CHEBI: species neutral term.  Q: Why ist PR_000050342 subclass in GO (Gene Ontology)?  	2
to do	ignore	HP:0040142	Reduced 5-oxoprolinase level	Decreased level of the reaction 5-oxo-L-proline + ATP + 2 H(2)O = L-glutamate + ADP + 2 H(+) + phosphate.				Yes	abnormallyDecreasedLevelOfChemicalEntityInLocation	OK	HP:0040142				UBERON:0000178										
done	ignore	HP:0040145	Dicarboxylic acidemia					Yes	abnormallyIncreasedLevelOfChemicalEntityInBlood	Ok	HP:0040145				UBERON:0000178			http://purl.obolibrary.org/obo/CHEBI_35692	dicarboxylic acid						
to do	ignore	HP:0040146	D-2-hydroxyglutaric acidemia					Yes	abnormallyDecreasedLevelOfChemicalEntityInLocation	Ok	HP:0040146				UBERON:0000178										
to do	ignore	HP:0040147	L-2-hydroxyglutaric acidemia					Yes	abnormallyDecreasedLevelOfChemicalEntityInLocation	Ok	HP:0040147				UBERON:0000178							An increase in L-2-hydroxyglutaric acid in the blood.	Elevated circulating L-2-hydroxyglutaric acid|Increased circulating L-2-hydroxyglutaric acid		
done	ignore	HP:0040171	Decreased serum testosterone concentration					Yes	abnormallyDecreasedLevelOfChemicalEntityInBlood	Ok	HP:0040171				UBERON:0000178			http://purl.obolibrary.org/obo/CHEBI_17347	testosterone						
to do	ignore	HP:0040175	Platelet-activating factor acetylhydrolase deficiency	Reduced level of platelet-activating factor acetylhydrolase.				Yes	abnormallyDecreasedLevelOfChemicalEntityInLocation	OK	HP:0040175				UBERON:0000178										
done	ignore	HP:0040176	Abnormal circulating phospholipid concentration	Any deviation from the normal concentration of a phospholipid in the blood circulation.				Yes	abnormalLevelOfChemicalEntityInBlood	OK	HP:0040176				UBERON:0000178			http://purl.obolibrary.org/obo/CHEBI_16247	phospholipid						
to do	ignore	HP:0040177	Abnormal level of platelet-activating factor					Yes	abnormalLevelOfChemicalEntityInLocation		HP:0040177				UBERON:0000178										
done	ignore	HP:0040206	Abnormal circulating neopterin concentration	Any deviation from the normal concentration of neopterin in the blood circulation.				Yes	abnormalLevelOfChemicalEntityInBlood	OK	HP:0040206				UBERON:0000178			http://purl.obolibrary.org/obo/CHEBI_25500	neopterins						
done	ignore	HP:0040210	Abnormal circulating biopterin concentration	A deviation from the normal concentration of biopterin in the blood circulation.				Yes	abnormalLevelOfChemicalEntityInBlood	OK	HP:0040210				UBERON:0000178			http://purl.obolibrary.org/obo/CHEBI_22881	biopterins						
done	ignore	HP:0040214	Abnormal circulating insulin concentration	An abnormal concentration of insulin in the body.				Yes	abnormalLevelOfChemicalEntityInBlood	Should the definition be in the blood not body?	HP:0040214				UBERON:0000178			http://purl.obolibrary.org/obo/CHEBI_145810	insulin gene translation product						
done	ignore	HP:0040216	Hypoinsulinemia	A decreased concentration of insulin in the blood.				Yes	abnormallyDecreasedLevelOfChemicalEntityInBlood	OK	HP:0040216				UBERON:0000178			http://purl.obolibrary.org/obo/CHEBI_145810	insulin gene translation product						
done	next	HP:0040228	Decreased level of plasminogen	A decreased level of Plasminogen				Yes	abnormallyDecreasedLevelOfChemicalEntityInBlood	Ok	HP:0040228				UBERON:0000178			http://purl.obolibrary.org/obo/PR_P00747	plasminogen (human)					Selected human specific; species neutral term exists (http://purl.obolibrary.org/obo/PR_000012867). 	3
to do	ignore	HP:0040299	Decreased circulating free fatty acid level					Yes	abnormallyDecreasedLevelOfChemicalEntityInLocation	OK	HP:0040299				UBERON:0000178										
to do	ignore	HP:0040300	Abnormal circulating free fatty acid concentration	Any deviation from the normal concentration of a free fatty acid in the blood circulation.				Yes	abnormallyIncreasedLevelOfChemicalEntityInLocation	OK	HP:0040300				UBERON:0000178										
done	ignore	HP:0040302	Hyperglycerolemia	Increased concentration of glycerol in the blood.				Yes	abnormallyIncreasedLevelOfChemicalEntityInBlood	OK	HP:0040302				UBERON:0000178			http://purl.obolibrary.org/obo/CHEBI_17754	glycerol						
done	ignore	HP:0040303	Decreased circulating iron concentration	The concentration of iron in the blood circulation is below the lower limit of normal.				Yes	abnormallyDecreasedLevelOfChemicalEntityInBlood	OK	HP:0040303				UBERON:0000178			http://purl.obolibrary.org/obo/CHEBI_18248	iron atom						
to do	ignore	HP:0041057	Transient decreased circulating IgG4	A temporary reduction beneath the normal level of total immunoglobulin G4 (IgG4) in the blood circulation.				Yes	modifier	Ok	HP:0041057				UBERON:0000178										
to do	ignore	HP:0041058	Chronic decreased circulating IgG4	A lasting decrease of immunoglobulin G4 (IgG4) in the blood.				Yes	modifier	Ok	HP:0041058				UBERON:0000178										
to do	ignore	HP:0041062	Transient decreased circulating IgG2	A temporary reduction beneath the normal level of total immunoglobulin G2 (IgG2) in the blood circulation.				Yes	modifier	Ok	HP:0041062				UBERON:0000178										
to do	ignore	HP:0041063	Chronic decreased circulating IgG2	A lasting decrease of immunoglobulin G2 (IgG2) in the blood.				Yes	modifier	Ok	HP:0041063				UBERON:0000178										
to do	ignore	HP:0041067	Transient decreased circulating IgG1	A temporary reduction beneath the normal level of total immunoglobulin G1 (IgG1) in the blood circulation.				Yes	modifier	Ok	HP:0041067				UBERON:0000178										
to do	ignore	HP:0041068	Chronic decreased circulating IgG1	A lasting decrease of immunoglobulin G1 (IgG1) in the blood.				Yes	modifier	Ok	HP:0041068				UBERON:0000178										
to do	ignore	HP:0041071	Transient decreased circulating IgG3	A temporary reduction beneath the normal level of total immunoglobulin G3 (IgG3) in the blood circulation.				Yes	modifier	Ok	HP:0041071				UBERON:0000178										
to do	ignore	HP:0041072	Chronic decreased circulating IgG3	A lasting decrease of immunoglobulin G3 (IgG3) in the blood.				Yes	modifier	Ok	HP:0041072				UBERON:0000178										
done	ignore	HP:0045014	Hypolipidemia					Yes	abnormallyDecreasedLevelOfChemicalEntityInBlood	OK	HP:0045014				UBERON:0000178			http://purl.obolibrary.org/obo/CHEBI_18059	lipid						
to do	ignore	HP:0045040	Abnormal circulating lactate dehydrogenase concentration	A deviation from the normal serum concentration/activity of lactate dehydrogenase (LDH), which catalyzes the reduction of pyruvate to form lactate.				Yes	abnormalLevelOfChemicalEntityInLocation	OK	HP:0045040				UBERON:0000178										
to do	ignore	HP:0045041	Reduced circulating lactate dehydrogenase concentration	Concentration of lactate dehydrogenase in the blood circulation below the lower limit of normal.				Yes	abnormallyDecreasedLevelOfChemicalEntityInLocation	OK	HP:0045041				UBERON:0000178										
to do	ignore	HP:0045042	Decreased circulating complement C4 concentration	Concentration of the complement component C4 in the blood circulation below the lower limit of normal.				Yes	abnormallyDecreasedLevelOfChemicalEntityInLocation	Ok	HP:0045042				UBERON:0000178										
to do	ignore	HP:0045043	Decreased circulating complement C4a concentration	Concentration of the complement component C4a in the blood circulation below the lower limit of normal.				Yes	abnormallyDecreasedLevelOfChemicalEntityInLocation	Ok	HP:0045043				UBERON:0000178										
to do	ignore	HP:0045044	Decreased circulating complement C4b concentration	Concentration of the complement component C4b in the blood circulation below the lower limit of normal.				Yes	abnormallyDecreasedLevelOfChemicalEntityInLocation	Ok	HP:0045044				UBERON:0000178										
to do	ignore	HP:0045045	Elevated circulating acylcarnitine concentration	Concentration of acylcarnitine in the blood circulation above the upper limit of normal.				Yes	abnormallyIncreasedLevelOfChemicalEntityInLocation	OK	HP:0045045				UBERON:0000178			?	?						
done	next	HP:0045046	Reduced insulin like growth factor binding protein acid labile subunit concentration	An abnormally decreased concentration of insulin like growth factor binding protein acid labile subunit level in the blood circulation.				Yes	abnormallyDecreasedLevelOfChemicalEntityInBlood	Ok	HP:0045046				UBERON:0000178			http://purl.obolibrary.org/obo/PR_P35858	insulin-like growth factor-binding protein complex acid labile subunit (human)					Selected human specific; species neutral term exists (http://purl.obolibrary.org/obo/PR_000008946).	2
done	next	HP:0045056	Abnormal circulating alpha-fetoprotein concentration	Concentration of alpha-fetoprotein in the blood circulation outside normal limits.				Yes	abnormalLevelOfChemicalEntityInBlood	OK	HP:0045056				UBERON:0000178			http://purl.obolibrary.org/obo/PR_P02771	alpha-fetoprotein (human)					Selected human specific; species neutral term exists (http://purl.obolibrary.org/obo/PR_000003809).	2
done	next	HP:0045057	Decreased circulating alpha-fetoprotein concentration	Concentration of alpha-fetoprotein in the blood circulation below the lower limit of normal.				Yes	abnormallyDecreasedLevelOfChemicalEntityInBlood	OK	HP:0045057				UBERON:0000178			http://purl.obolibrary.org/obo/PR_P02771	alpha-fetoprotein (human)					Selected human specific; species neutral term exists (http://purl.obolibrary.org/obo/PR_000003809).	2
done	ignore	HP:0100493	Hypoammonemia	A decreased concentration of ammonia in the blood.				Yes	abnormallyDecreasedLevelOfChemicalEntityInBlood	OK	HP:0100493				UBERON:0000178			http://purl.obolibrary.org/obo/CHEBI_16134	ammonia						
to do	ignore	HP:0100502	Decreased circulating vitamin B12 concentration	The concentration of vitamin B12 in the blood circulation is below the lower limit of normal.				Yes	abnormallyDecreasedLevelOfChemicalEntityInLocation	Ok	HP:0100502				UBERON:0000178										
done	ignore	HP:0100507	Reduced blood folate concentration	A reduced circulating concentration of folic acid, which is also known as vitamin B9.				Yes	abnormallyDecreasedLevelOfChemicalEntityInBlood	OK	HP:0100507				UBERON:0000178			http://purl.obolibrary.org/obo/CHEBI_27470	folic acid						
done	ignore	HP:0100513	Decreased circulating vitamin E concentration	A reduced concentration of vitamin E in the blood circulation. Vitamin E is a lipophilic vitamin that is also known as alpha-tocopherol.				Yes	abnormallyDecreasedLevelOfChemicalEntityInBlood	Ok	HP:0100513				UBERON:0000178			http://purl.obolibrary.org/obo/CHEBI_33234	vitamin E						
to do	ignore	HP:0100529	Abnormal blood phosphate concentration	An abnormality of phosphate homeostasis or concentration in the body.				Yes	abnormalLevelOfChemicalEntityInLocation	OK	HP:0100529				UBERON:0000178	http://purl.obolibrary.org/obo/GO_0055062	phosphate ion homeostasis								
to do	ignore	HP:0100530	Abnormal circulating calcium-phosphate regulating hormone concentration	Any deviation from the normal concentration in the blood circulation of a hormone that is involved in the regulation of phosphate and calcium.				Yes	abnormalLevelOfChemicalEntityInLocation	OK	HP:0100530				UBERON:0000178										
to do	ignore	HP:0100610	Maternal hyperphenylalaninemia	A medical history of exposure during the fetal period to hyperphenylalaninemia because the mother had phenylketonuria with inadequate control during pregnancy.				Yes	modifier	OK	HP:0100610				UBERON:0000178										
to do	ignore	HP:0100950	Decreased 3-hydroxyacyl-CoA dehydrogenase level					Yes	abnormallyDecreasedLevelOfChemicalEntityInLocation	OK	HP:0100950				UBERON:0000178										
to do	ignore	HP:0200148	Abnormal liver function tests during pregnancy					Yes	combination_phenotype	Ok	HP:0200148				UBERON:0000178										
to do	ignore	HP:0200150	Increased serum bile acid concentration during pregnancy					Yes	modifier	OK	HP:0200150				UBERON:0000178										
to do	ignore	HP:0410050	Decreased level of 1,5 anhydroglucitol in serum	A decrease in the level of 1,5 anhydroglucitol in the serum. 1,5-Anhydrosorbitol is a validated marker of short-term glycemic control. This substance is derived mainly from food, is well absorbed in the intestine, and is distributed to all organs and tissues.				Yes	abnormallyDecreasedLevelOfChemicalEntityInLocation	OK	HP:0410050				UBERON:0000178			http://purl.obolibrary.org/obo/CHEBI_16070	1,5-anhydro-D-glucitol						
done	ignore	HP:0410052	Increased level of allantoin in serum	An increase in the level of allantoin in the serum.				Yes	abnormallyIncreasedLevelOfChemicalEntityInBlood	OK	HP:0410052				UBERON:0000178			http://purl.obolibrary.org/obo/CHEBI_15676	allantoin						
done	ignore	HP:0410053	Elevated circulating gamma-aminobutyric acid concentration	An increase in the level of Gamma-aminobutyric acid (GABA) in the blood circulation.				Yes	abnormallyIncreasedLevelOfChemicalEntityInBlood	OK	HP:0410053				UBERON:0000178			http://purl.obolibrary.org/obo/CHEBI_16865	gamma-aminobutyric acid						
done	ignore	HP:0410054	Decreased circulating GABA concentration	A decrease in the level of GABA in the serum.				Yes	abnormallyDecreasedLevelOfChemicalEntityInBlood	OK	HP:0410054				UBERON:0000178			http://purl.obolibrary.org/obo/CHEBI_16865	gamma-aminobutyric acid						
done	ignore	HP:0410057	Increased level of D-threitol in plasma	An increase in the level of D-threitol in the plasma.				Yes	abnormallyIncreasedLevelOfChemicalEntityInBlood	OK	HP:0410057				UBERON:0000178			http://purl.obolibrary.org/obo/CHEBI_48300	D-threitol						
done	ignore	HP:0410061	Increased level of galactitol in plasma	An increase in the level of galactitol in the plasma.				Yes	abnormallyIncreasedLevelOfChemicalEntityInBlood	OK	HP:0410061				UBERON:0000178			http://purl.obolibrary.org/obo/CHEBI_16813	galactitol						
done	ignore	HP:0410063	Increased level of galactonate in red blood cells	An increase in the level of galactonate in the red blood cells.				Yes	abnormallyIncreasedLevelOfChemicalEntityInBlood	OK	HP:0410063				UBERON:0000178			http://purl.obolibrary.org/obo/CHEBI_24148	galactonate						
done	ignore	HP:0410064	Increased level of galactitol in red blood cells	An increase in the level of galactitol in the red blood cells.				Yes	abnormallyIncreasedLevelOfChemicalEntityInLocation	OK	HP:0410064				CL:0000232			http://purl.obolibrary.org/obo/CHEBI_16813	galactitol						
to do	ignore	HP:0410065	Increased level of hippuric acid in blood	An increase in the level of hippuric acid in the blood.				Yes	abnormallyIncreasedLevelOfChemicalEntityInLocation	OK	HP:0410065				UBERON:0000178			http://purl.obolibrary.org/obo/CHEBI_18089	N-benzoylglycine						
to do	ignore	HP:0410069	Increased level of propylene glycol in blood	An increase in the level of propylene glycol in the blood.				Yes	abnormallyIncreasedLevelOfChemicalEntityInLocation	OK	HP:0410069				UBERON:0000178			http://purl.obolibrary.org/obo/CHEBI_16997	propane-1,2-diol						
to do	ignore	HP:0410144	Abnormal circulating biotinidase concentration	An abnormality in the biotinidase level, an enzyme that releases biotin from biocytin, the product of biotin-dependent carboxylases degradation.				Yes	abnormalLevelOfChemicalEntityInLocation	OK	HP:0410144				UBERON:0000178										
to do	ignore	HP:0410145	Decreased circulating biotinidase concentration	Concentration of biotinidase in the blood circulation below the lower limit of normal. Biotidinase is an enzyme that releases biotin from biocytin, the product of biotin-dependent carboxylases degradation.				Yes	abnormallyDecreasedLevelOfChemicalEntityInLocation	OK	HP:0410145				UBERON:0000178										
to do	ignore	HP:0410146	Elevated circulating biotinidase concentration	Concentration of biotinidase in the blood circulation above the upper limit of normal. Biotidinase is an enzyme that releases biotin from biocytin, the product of biotin-dependent carboxylases degradation.				Yes	abnormallyIncreasedLevelOfChemicalEntityInLocation	OK	HP:0410146				UBERON:0000178										
to do	ignore	HP:0410154	Increased level of myristic acid in serum	An increase in the level of myristic acid in the serum.				Yes	abnormallyIncreasedLevelOfChemicalEntityInLocation	OK	HP:0410154				UBERON:0000178			http://purl.obolibrary.org/obo/CHEBI_28875	tetradecanoic acid						
done	next	HP:0410176	Abnormal circulating glucose-6-phosphate dehydrogenase concentration	An anomaly in the level of glucose-6-phosphate dehydrogenase.				Yes	abnormalLevelOfChemicalEntityInLocation	OK	HP:0410176				UBERON:0000178			http://purl.obolibrary.org/obo/PR_000050060	glucose-6-phosphate dehydrogenase					HP:0410176 Abnormal circulating glucose-6-phosphate dehydrogenase concentration [parent class] refers to an anomaly in the level of glucose-6-phosphate dehydrogenase in general resp. in different localizations (not only in blood), while HP:0410177 Abnormal glucose-6-phosphate dehydrogenase level in blood refers specifically to an anomaly in the level of glucose-6-phosphate dehydrogenase in the blood [subclass].  I wonder, if the label of HP:0410176 Abnormal circulating glucose-6-phosphate dehydrogenase concentration is correct here (actually more precise: "abnormal level of glucose-6-phosphate dehydrogenase"), because the subclasses refer to abnormal level of glucose-6-phosphate dehydrogenase concentration in blood, dried blood spots, leukocytes, red blood cells and tissue).            	9
done	next	HP:0410177	Abnormal glucose-6-phosphate dehydrogenase level in blood	An anomaly in the level of glucose-6-phosphate dehydrogenase in the blood.				Yes	abnormalLevelOfChemicalEntityInBlood	OK	HP:0410177				UBERON:0000178			http://purl.obolibrary.org/obo/PR_000050060	glucose-6-phosphate dehydrogenase						3
done	next	HP:0410178	Increased glucose-6-phosphate dehydrogenase level in blood	An increase in the level of glucose-6-phosphate dehydrogenase in the blood.				Yes	abnormallyIncreasedLevelOfChemicalEntityInBlood	Ok	HP:0410178				UBERON:0000178			http://purl.obolibrary.org/obo/PR_000050060	glucose-6-phosphate dehydrogenase						1
done	next	HP:0410179	Decreased glucose-6-phosphate dehydrogenase level in blood	A decrease in the level of glucose-6-phosphate dehydrogenase in the blood.				Yes	abnormallyDecreasedLevelOfChemicalEntityInBlood	Ok	HP:0410179				UBERON:0000178			http://purl.obolibrary.org/obo/PR_000050060	glucose-6-phosphate dehydrogenase						1
to do	next	HP:0410180	Abnormal glucose-6-phosphate dehydrogenase level in dried blood spot	An anomaly in the level of glucose-6-phosphate dehydrogenase in a dried blood spot.				Yes	abnormalLevelOfChemicalEntityInLocation	OK	HP:0410180				UBERON:0000178			http://purl.obolibrary.org/obo/PR_000050060	glucose-6-phosphate dehydrogenase					HP:0410180  refers to an anomaly in the level of glucose-6-phosphate dehydrogenase in a dried blood spot.                                                    	4
to do	next	HP:0410181	Increased glucose-6-phosphate dehydrogenase level in dried blood spot	An increase in the level of glucose-6-phosphate dehydrogenase in a dried blood spot.				Yes	abnormallyIncreasedLevelOfChemicalEntityInLocation	Ok	HP:0410181				UBERON:0000178			http://purl.obolibrary.org/obo/PR_000050060	glucose-6-phosphate dehydrogenase					HP:0410181refers to an increase in the level of glucose-6-phosphate dehydrogenase in a dried blood spot.                                                    	1
to do	next	HP:0410182	Decreased glucose-6-phosphate dehydrogenase level in dried blood spot	A decrease in the level of glucose-6-phosphate dehydrogenase in a dried blood spot.				Yes	abnormallyDecreasedLevelOfChemicalEntityInLocation	Ok	HP:0410182				UBERON:0000178			http://purl.obolibrary.org/obo/PR_000050060	glucose-6-phosphate dehydrogenase					HP:0410182 refers to a decrease in the level of glucose-6-phosphate dehydrogenase in a dried blood spot.                                                    	1
done	ignore	HP:0410192	Abnormal uridine diphosphate glucose-4-epimerase level	An abnormality in uridine diphosphate glucose-4-epimerase level, an enzyme that catalyzes the reaction: UDP-glucose = UDP-galactose.				Yes	abnormalLevelOfChemicalEntityInBlood	OK	HP:0410192				UBERON:0000178			http://purl.obolibrary.org/obo/PR_000007812	UDP-glucose 4-epimerase						
done	ignore	HP:0410193	Abnormal uridine diphosphate glucose-4-epimerase level in plasma	An abnormality in uridine diphosphate glucose-4-epimerase level in plasma. Uridine diphosphate glucose-4-epimerase catalyzes the reaction: UDP-glucose = UDP-galactose.				Yes	abnormalLevelOfChemicalEntityInBlood	Ok	HP:0410193				UBERON:0000178			http://purl.obolibrary.org/obo/PR_000007812	UDP-glucose 4-epimerase						
done	ignore	HP:0410194	Increased uridine diphosphate glucose-4-epimerase level in plasma	An increase in uridine diphosphate glucose-4-epimerase level in plasma. Uridine diphosphate glucose-4-epimerase catalyzes the reaction: UDP-glucose = UDP-galactose.				Yes	abnormallyIncreasedLevelOfChemicalEntityInBlood	Ok	HP:0410194				UBERON:0000178			http://purl.obolibrary.org/obo/PR_000007812	UDP-glucose 4-epimerase						
done	ignore	HP:0410195	Decreased uridine diphosphate glucose-4-epimerase level in plasma	A decrease in uridine diphosphate glucose-4-epimerase level in plasma. Uridine diphosphate glucose-4-epimerase catalyzes the reaction: UDP-glucose = UDP-galactose.				Yes	abnormallyDecreasedLevelOfChemicalEntityInBlood	Ok	HP:0410195				UBERON:0000178			http://purl.obolibrary.org/obo/PR_000007812	UDP-glucose 4-epimerase						
to do	ignore	HP:0410205	Abnormal circulating nicotinurate concentration	Any deviation from the normal concentration of nicotinurate in the blood.				Yes	abnormalLevelOfChemicalEntityInLocation	OK	HP:0410205				UBERON:0000178										
to do	ignore	HP:0410206	Increased circulating nicotinurate level	An increased amount of nicotinurate in the blood.				Yes	abnormallyIncreasedLevelOfChemicalEntityInLocation	OK	HP:0410206				UBERON:0000178										
to do	ignore	HP:0410212	Hyperoxemia in cord blood	An abnormally high level of blood oxygen in the cord blood.				Yes	abnormallyIncreasedLevelOfChemicalEntityInLocation	Ok	HP:0410212				UBERON:0000178			http://purl.obolibrary.org/obo/CHEBI_15379	dioxygen						
to do	ignore	HP:0410213	Hypoxemia in cord blood	An abnormally low level of blood oxygen in the cord blood.				Yes	abnormallyDecreasedLevelOfChemicalEntityInLocation	Ok	HP:0410213				UBERON:0000178			http://purl.obolibrary.org/obo/CHEBI_15379	dioxygen						
to do	ignore	HP:0410217	Reduced blood 5-methyltetrahydrofolate level	A decreased concentration of 5-methyltetrahydrofolate in the blood.				Yes	abnormallyDecreasedLevelOfChemicalEntityInLocation	OK	HP:0410217				UBERON:0000178										
to do	ignore	HP:0410240	Abnormal circulating IgA level	An abnormal deviation from normal levels of IgA immunoglobulin in blood.				Yes	abnormalLevelOfChemicalEntityInLocation	Ok	HP:0410240				UBERON:0000178										
to do	ignore	HP:0410241	Abnormal circulating IgE level	An abnormal deviation from normal levels of IgE immunoglobulin in blood.				Yes	abnormalLevelOfChemicalEntityInLocation	Ok	HP:0410241				UBERON:0000178										
to do	ignore	HP:0410242	Abnormal circulating IgG level	An abnormal deviation from normal levels of IgG immunoglobulin in blood.				Yes	abnormalLevelOfChemicalEntityInLocation	Ok	HP:0410242				UBERON:0000178										
to do	ignore	HP:0410243	Abnormal circulating IgM level	An abnormal deviation from normal levels of IgM immunoglobulin in blood.				Yes	abnormalLevelOfChemicalEntityInLocation	Ok	HP:0410243				UBERON:0000178										
to do	ignore	HP:0410244	Abnormal circulating IgD level	An abnormal deviation from normal levels of IgD immunoglobulin in blood.				Yes	abnormalLevelOfChemicalEntityInLocation	Ok	HP:0410244				UBERON:0000178										
to do	ignore	HP:0410245	Decreased circulating IgD	An abnormally decreased level of immunoglobulin D (IgD) in blood.				Yes	abnormallyDecreasedLevelOfChemicalEntityInLocation	OK	HP:0410245				UBERON:0000178										
to do	ignore	HP:0410246	Increased circulating IgD level	An abnormally increased level of immunoglobulin D in blood.				Yes	abnormallyIncreasedLevelOfChemicalEntityInLocation	OK	HP:0410246				UBERON:0000178										
to do	next	HP:0410282	Abnormal circulating amylase concentration	A deviation from the normal concentration of amylase in the blood, an enzyme which helps digest glycogen and starch. It is produced mainly in the pancreas and salivary glands.	Abnormal circulating amylase concentration  	Any deviation from the normal concentration of amylase in the blood circulation.	Additional informations about the protein might be added (standardization?). 	Yes	abnormalLevelOfChemicalEntityInBlood	OK	HP:0410282				UBERON:0000178			Not found						Alpha-amylases are produced in both the pancreas and the salivary glands. Beta-amylases occur in plants but not in the human salivary or pancreas. Therefore, HP:0410282, HP:0410288 and HP:0410289 most likely refer to alpha-amylase.  The isozymes of alpha-amylase are produced by the salivary glands (identical AMY1A, AMY1B, and AMY1C genes) and the pancreas (AMY2A and AMY2B genes).   Alpha-amylase 1 (human) http://purl.obolibrary.org/obo/PR_P04745 refers only to alpha-amylase produced by the salivary glands (no appropriate match).  Active alpha-amylase isozyme (human) http://purl.obolibrary.org/obo/PR_000049996 refers to functional enzymes; that is, those with measurable activity (--> no appropriate match as well).   Regarding amylase see e.g. PMID:1702756 and PMID:32491670.	27
to do	next	HP:0410288	Hyperamylasemia	Increased level of amylase in the blood, an enzyme which helps digest glycogen and starch. It is produced mainly in the pancreas and salivary glands.	Hyperamylasemia 	The concentration of amylase in the blood circulation is above the upper limit of normal.	The medical term "hyperamylasemia" can be adopted.  Additional informations about the protein might be added (standardization?). 	Yes	abnormallyIncreasedLevelOfChemicalEntityInBlood	OK	HP:0410288				UBERON:0000178			Not found						Alpha-amylases are produced in both the pancreas and the salivary glands. Beta-amylases occur in plants but not in the human salivary or pancreas. Therefore, HP:0410282, HP:0410288 and HP:0410289 most likely refer to alpha-amylase.  The isozymes of alpha-amylase are produced by the salivary glands (identical AMY1A, AMY1B, and AMY1C genes) and the pancreas (AMY2A and AMY2B genes).   Alpha-amylase 1 (human) http://purl.obolibrary.org/obo/PR_P04745 refers only to alpha-amylase produced by the salivary glands (no appropriate match).  Active alpha-amylase isozyme (human) http://purl.obolibrary.org/obo/PR_000049996 refers to functional enzymes; that is, those with measurable activity (--> no appropriate match as well).   Regarding amylase see e.g. PMID:1702756 and PMID:32491670.	2
to do	next	HP:0410289	Hypoamylasemia	Decreased level of amylase in the blood, an enzyme which helps digest glycogen and starch. It is produced mainly in the pancreas and salivary glands.	Hypoamylasemia	The concentration of amylase in the blood circulation is below the lower limit of normal.	The medical term "hypoamylasemia" can be adopted.  Additional informations about the protein might be added (standardization?). 	Yes	abnormallyDecreasedLevelOfChemicalEntityInBlood	OK	HP:0410289				UBERON:0000178			Not found						Alpha-amylases are produced in both the pancreas and the salivary glands. Beta-amylases occur in plants but not in the human salivary or pancreas. Therefore, HP:0410282, HP:0410288 and HP:0410289 most likely refer to alpha-amylase.  The isozymes of alpha-amylase are produced by the salivary glands (identical AMY1A, AMY1B, and AMY1C genes) and the pancreas (AMY2A and AMY2B genes).   Alpha-amylase 1 (human) http://purl.obolibrary.org/obo/PR_P04745 refers only to alpha-amylase produced by the salivary glands (no appropriate match).  Active alpha-amylase isozyme (human) http://purl.obolibrary.org/obo/PR_000049996 refers to functional enzymes; that is, those with measurable activity (--> no appropriate match as well).   Regarding amylase see e.g. PMID:1702756 and PMID:32491670.	2
to do	ignore	HP:0410292	Abnormal isohemagglutinin level	An abnormal level of isohemagglutinin in the blood. An isohemagglutinin refers to the naturally occurring antibodies in the ABO blood group system (i.e., anti-A in a group B person, anti-B in a group A person, and anti-A, anti-B, and anti-A,B in a group O person).				Yes	abnormalLevelOfChemicalEntityInLocation	Ok	HP:0410292				UBERON:0000178										
to do	ignore	HP:0410293	Absent isohemagglutinin level	Absent or undetectable level of isohemagglutinin. An isohemagglutinin refers to the naturally occurring antibodies in the ABO blood group system (i.e., anti-A in a group B person, anti-B in a group A person, and anti-A, anti-B, and anti-A,B in a group O person).				Yes	abnormalAbsenceOfChemicalEntityInLocation	Ok	HP:0410293				UBERON:0000178										
done	ignore	HP:0410341	Abnormal circulating heparan sulfate level	An abnormal level of heparan sulfate in the blood.				Yes	abnormalLevelOfChemicalEntityInBlood	OK	HP:0410341				UBERON:0000178			http://purl.obolibrary.org/obo/CHEBI_28815	heparan sulfate						
done	ignore	HP:0410342	Increased circulating heparan sulfate level	An abnormal increase in the concentration of heparan sulfate in the blood.				Yes	abnormallyIncreasedLevelOfChemicalEntityInBlood	OK	HP:0410342				UBERON:0000178			http://purl.obolibrary.org/obo/CHEBI_28815	heparan sulfate						
done	ignore	HP:0410343	Decreased circulating heparan sulfate level	An abnormal decrease in the concentration of heparan sulfate in the blood.				Yes	abnormallyDecreasedLevelOfChemicalEntityInBlood	OK	HP:0410343				UBERON:0000178			http://purl.obolibrary.org/obo/CHEBI_28815	heparan sulfate						
to do	ignore	HP:0410349	Decreased glycosyltransferase O-Fucosylpeptide 3-Beta-N-Acetylglucosaminyltransferase level	An abnormal decrease in glycosyltransferase O-fucosylpeptide 3-beta-N-acetylglucosaminyltransferase enzymatic level.				Yes	abnormallyDecreasedLevelOfChemicalEntityInLocation	OK	HP:0410349				UBERON:0000178										
to do	ignore	HP:0410367	Increased hepatitis A virus antibody level	An abnormally increased level of immunoglobulin against hepatitis A virus in the blood.				Yes	abnormallyIncreasedLevelOfChemicalEntityInLocation	OK	HP:0410367				UBERON:0000178										
to do	ignore	HP:0410369	Increased hepatitis B virus antibody level	An abnormally increased level of immunoglobulin against hepatitis B virus in the blood.				Yes	abnormallyIncreasedLevelOfChemicalEntityInLocation	OK	HP:0410369				UBERON:0000178										
to do	ignore	HP:0410371	Increased hepatitis C virus antibody level	An abnormally increased level of immunoglobulin against hepatitis C virus in the blood.				Yes	abnormallyIncreasedLevelOfChemicalEntityInLocation	OK	HP:0410371				UBERON:0000178										
to do	ignore	HP:0430071	Abnormal circulating organic compound concentration@en	Any deviation of the concentration of an orrganic compound from the normal range. An organic compound is defined as any compound that contains a carbon atom.				Yes	abnormalLevelOfChemicalEntityInLocation	OK	HP:0430071				UBERON:0000178										
to do	ignore	HP:0430072	Abnormal circulating beta-carotene concentration@en	Any deviation of the concentration of beta-carotene in the blood circulation from the normal range.				Yes	abnormalLevelOfChemicalEntityInLocation	OK	HP:0430072				UBERON:0000178										
to do	ignore	HP:0430073	Decreased circulating beta-carotene concentration@en	The concentration of beta-carotene in the blood circulation is below the lower limit of normal.				Yes	abnormallyDecreasedLevelOfChemicalEntityInLocation	OK	HP:0430073				UBERON:0000178										
to do	ignore	HP:0430074	Increased circulating beta-carotene concentration@en	The concentration of beta-carotene in the blood circulation is above the upper limit of normal.				Yes	abnormallyIncreasedLevelOfChemicalEntityInLocation	OK	HP:0430074				UBERON:0000178										
to do	ignore	HP:0430135	Abnormal circulating hepatic transaminase concentration@en	Any deviation from the normal concentration in the blood circulation of alanine aminotransferase or aspartate aminotransferase.				Yes	abnormalLevelOfChemicalEntityInLocation	OK	HP:0430135				UBERON:0000178										
to do	ignore	HP:0430136	Reduced circulating aspartate aminotransferase concentration@en	The concentration of aspartate aminotransferase (AST) in the blood circulation is below the lower limit of normal.				Yes	abnormallyDecreasedLevelOfChemicalEntityInLocation	OK	HP:0430136				UBERON:0000178										
to do	ignore	HP:0430142	Reduced circulating interleukin 6 concentration@en	The concentration of interleukin-6 in the blood circulation is below the lower limit of normal.				Yes	abnormallyDecreasedLevelOfChemicalEntityInLocation	OK	HP:0430142				UBERON:0000178										
to do	ignore	HP:0430143	Elevated circulating C12 acylcarnitine concentration@en	Concentration of C12 acylcarnitines in the blood circulation above the upper limit of normal. C12 acylcarnitines have a twelve-carbon acyl chain.				Yes	abnormallyIncreasedLevelOfChemicalEntityInLocation	Ok	HP:0430143				UBERON:0000178										
to do	ignore	HP:0430146	Elevated circulating complement C3 concentration@en	Concentration of the complement component C3 in the blood circulation above the upper limit of normal.				Yes	abnormallyIncreasedLevelOfChemicalEntityInLocation	Ok	HP:0430146				UBERON:0000178										
to do	ignore	HP:0500012	Abnormal gonadotropin-releasing hormone concentration	A deviation from the normal circulating concentration of the normal gonadotropin-releasing hormone (GnRH). Intermittent GnRH secretion from the hypothalamus acts upon its receptor in the anterior pituitary to regulate the production and release of the gonadotropins, follicle-stimulating hormone (FSH) and luteinizing hormone (LH).				Yes	abnormalLevelOfChemicalEntityInLocation	OK	HP:0500012				UBERON:0000178			http://purl.obolibrary.org/obo/CHEBI_5520	gonadorelin						
done	ignore	HP:0500022	Abnormal circulating dehydroepiandrosterone concentration	A deviation from the normal concentration of dehydroepiandrosterone in the circulation.				Yes	abnormalLevelOfChemicalEntityInBlood	OK	HP:0500022				UBERON:0000178			http://purl.obolibrary.org/obo/CHEBI_28689	dehydroepiandrosterone						
done	ignore	HP:0500132	Hypovalinemia	A decreased amount of valine in the blood.				Yes	abnormallyDecreasedLevelOfChemicalEntityInBlood	Ok	HP:0500132				UBERON:0000178			http://purl.obolibrary.org/obo/CHEBI_27266	valine						
done	ignore	HP:0500133	Hypotyrosinemia	An decreased concentration of tyrosine in the blood.				Yes	abnormallyDecreasedLevelOfChemicalEntityInBlood	Ok	HP:0500133				UBERON:0000178			http://purl.obolibrary.org/obo/CHEBI_18186	tyrosine						
done	ignore	HP:0500134	Hypertryptophanemia	An increased amount of tryptophan in the blood.				Yes	abnormallyIncreasedLevelOfChemicalEntityInBlood	Ok	HP:0500134				UBERON:0000178			http://purl.obolibrary.org/obo/CHEBI_27897	tryptophan						
done	ignore	HP:0500135	Hypotryptophanemia	A decreased amount of tryptophan in the blood.				Yes	abnormallyDecreasedLevelOfChemicalEntityInBlood	Ok	HP:0500135				UBERON:0000178			http://purl.obolibrary.org/obo/CHEBI_27897	tryptophan						
done	ignore	HP:0500136	Hypothreoninemia	A decreased amount of threonine in the blood.				Yes	abnormallyDecreasedLevelOfChemicalEntityInBlood	Ok	HP:0500136				UBERON:0000178			http://purl.obolibrary.org/obo/CHEBI_26986	threonine						
done	ignore	HP:0500138	Hyperserinemia	An increased amount of serine in the blood.				Yes	abnormallyIncreasedLevelOfChemicalEntityInBlood	Ok	HP:0500138				UBERON:0000178			http://purl.obolibrary.org/obo/CHEBI_17822	serine						
done	ignore	HP:0500139	Hypoprolinemia	A decreased amount of proline in the blood.				Yes	abnormallyDecreasedLevelOfChemicalEntityInBlood	OK	HP:0500139				UBERON:0000178			http://purl.obolibrary.org/obo/CHEBI_26271	proline						
to do	ignore	HP:0500140	Decreased circulating hydroxyproline concentration	A decreased amount of hydroxyproline in the blood.				Yes	abnormallyDecreasedLevelOfChemicalEntityInLocation	OK	HP:0500140				UBERON:0000178			http://purl.obolibrary.org/obo/CHEBI_24741	hydroxyproline						
done	ignore	HP:0500141	Hypophenylalaninemia	A decreased amount of phenylalanine in the blood.				Yes	abnormallyDecreasedLevelOfChemicalEntityInBlood	OK	HP:0500141				UBERON:0000178			http://purl.obolibrary.org/obo/CHEBI_28044	phenylalanine						
done	ignore	HP:0500142	Hypolysinemia	A decreased amount of lysine in the blood.				Yes	abnormallyDecreasedLevelOfChemicalEntityInBlood	OK	HP:0500142				UBERON:0000178			http://purl.obolibrary.org/obo/CHEBI_25094	lysine						
done	ignore	HP:0500143	Hypoleucinemia	Decreased amount of leucine in the blood.				Yes	abnormallyDecreasedLevelOfChemicalEntityInBlood	OK	HP:0500143				UBERON:0000178			http://purl.obolibrary.org/obo/CHEBI_25017	leucine						
done	ignore	HP:0500144	Hypoisoleucinemia	A decreased amount of isoleucine in the blood.				Yes	abnormallyDecreasedLevelOfChemicalEntityInBlood	OK	HP:0500144				UBERON:0000178			http://purl.obolibrary.org/obo/CHEBI_24898	isoleucine						
done	ignore	HP:0500145	Hypohistidinemia	A decreased amount of histidine in the blood.				Yes	abnormallyDecreasedLevelOfChemicalEntityInBlood	OK	HP:0500145				UBERON:0000178			http://purl.obolibrary.org/obo/CHEBI_27570	histidine						
done	ignore	HP:0500147	Hypoglutaminemia	Decreased amount of glutamine in the blood.				Yes	abnormallyDecreasedLevelOfChemicalEntityInBlood	OK	HP:0500147				UBERON:0000178			http://purl.obolibrary.org/obo/CHEBI_28300	glutamine						
to do	ignore	HP:0500148	Abnormal circulating glutamate concentration	Any deviation from the normal concentration of glutamate in the blood circulation.				Yes	abnormalLevelOfChemicalEntityInLocation	OK	HP:0500148				UBERON:0000178										
done	ignore	HP:0500149	Hyperglutamatemia	Concentration of glutamate in the blood circulation above the upper limit of normal.				Yes	abnormallyIncreasedLevelOfChemicalEntityInBlood	OK	HP:0500149				UBERON:0000178			http://purl.obolibrary.org/obo/CHEBI_16015	L-glutamic acid						
to do	ignore	HP:0500150	Hypoglutamatemia	A decreased amount of glutamate in the blood.				Yes	abnormallyDecreasedLevelOfChemicalEntityInLocation	OK	HP:0500150				UBERON:0000178										
done	ignore	HP:0500151	Hypercystinemia	An increased amount of cystine in the blood.				Yes	abnormallyIncreasedLevelOfChemicalEntityInBlood	OK	HP:0500151				UBERON:0000178			http://purl.obolibrary.org/obo/CHEBI_17376	cystine						
done	ignore	HP:0500152	Hypocystinemia	A decreased amount of cystine in the blood.				Yes	abnormallyDecreasedLevelOfChemicalEntityInBlood	OK	HP:0500152				UBERON:0000178			http://purl.obolibrary.org/obo/CHEBI_17376	cystine						
done	ignore	HP:0500153	Hyperargininemia	An increased amount of arginine levels in the blood.				Yes	abnormallyIncreasedLevelOfChemicalEntityInBlood	OK	HP:0500153				UBERON:0000178			http://purl.obolibrary.org/obo/CHEBI_29016	arginine						
done	ignore	HP:0500154	Hypoalaninemia	A decreased amount of alanine in the blood.				Yes	abnormallyDecreasedLevelOfChemicalEntityInBlood	OK	HP:0500154				UBERON:0000178			http://purl.obolibrary.org/obo/CHEBI_16449	alanine						
done	ignore	HP:0500155	Abnormal circulating asparagine concentration	Any deviation from the normal concentration of asparagine in the blood circulation.				Yes	abnormalLevelOfChemicalEntityInBlood	OK	HP:0500155				UBERON:0000178			http://purl.obolibrary.org/obo/CHEBI_22653	asparagine						
to do	ignore	HP:0500156	Hyperasparaginemia	An increased amount of asparagine in the blood.				Yes	abnormallyIncreasedLevelOfChemicalEntityInLocation	OK	HP:0500156				UBERON:0000178			http://purl.obolibrary.org/obo/CHEBI_22653	asparagine						
done	ignore	HP:0500157	Hypoasparaginemia	A decreased amount of asparagine in the blood.				Yes	abnormallyDecreasedLevelOfChemicalEntityInBlood	OK	HP:0500157				UBERON:0000178			http://purl.obolibrary.org/obo/CHEBI_22653	asparagine						
done	ignore	HP:0500158	Abnormal circulating aspartic acid concentration	Any deviation from the normal concentration of aspartate in the blood circulation.				Yes	abnormalLevelOfChemicalEntityInBlood	OK	HP:0500158				UBERON:0000178			http://purl.obolibrary.org/obo/CHEBI_22660	aspartic acid						
done	ignore	HP:0500159	Increased circulating aspartic acid concentration	An increased concentration of aspartic acid in the blood circulation.				Yes	abnormallyIncreasedLevelOfChemicalEntityInBlood	OK	HP:0500159				UBERON:0000178			http://purl.obolibrary.org/obo/CHEBI_22660	aspartic acid						
done	ignore	HP:0500160	Abnormal circulating carnosine concentration	Any deviation from the normal concentration of carnosine in the blood circulation.				Yes	abnormalLevelOfChemicalEntityInBlood	OK	HP:0500160				UBERON:0000178			http://purl.obolibrary.org/obo/CHEBI_15727	carnosine						
done	ignore	HP:0500161	Increased circulating carnosine concentration	Concentration of carnosine in the blood circulation above normal limits.				Yes	abnormallyIncreasedLevelOfChemicalEntityInBlood	OK	HP:0500161				UBERON:0000178			http://purl.obolibrary.org/obo/CHEBI_15727	carnosine						
done	ignore	HP:0500162	Decreased circulating carnosine concentration	A decreased amount of carnosine in bood.				Yes	abnormallyDecreasedLevelOfChemicalEntityInBlood	OK	HP:0500162				UBERON:0000178			http://purl.obolibrary.org/obo/CHEBI_15727	carnosine						
done	ignore	HP:0500163	Hypoornithinemia	An abnormal decrease in ornithine in the blood.				Yes	abnormallyDecreasedLevelOfChemicalEntityInBlood	OK	HP:0500163				UBERON:0000178			http://purl.obolibrary.org/obo/CHEBI_18257	ornithine						
to do	ignore	HP:0500164	Abnormal blood carbon dioxide level	An abnormality of carbon dioxide (CO2) in the arterial blood.				Yes	abnormalLevelOfChemicalEntityInLocation	OK	HP:0500164				UBERON:0000178			http://purl.obolibrary.org/obo/CHEBI_16526	carbon dioxide						
to do	ignore	HP:0500165	Abnormal blood oxygen level	An abnormality of the partial pressure of oxygen in the arterial blood.				Yes	abnormalLevelOfChemicalEntityInLocation	OK	HP:0500165				UBERON:0000178			http://purl.obolibrary.org/obo/CHEBI_15379	dioxygen						
done	ignore	HP:0500166	Abnormal circulating gastrin concentration	An abnormal concentration of gastrin in the blood.				Yes	abnormalLevelOfChemicalEntityInBlood	OK	HP:0500166				UBERON:0000178			http://purl.obolibrary.org/obo/PR_000007856	gastrin						
done	ignore	HP:0500167	Hypergastrinemia	An elevated amount of gastrin in the blood.				Yes	abnormallyIncreasedLevelOfChemicalEntityInBlood	OK	HP:0500167				UBERON:0000178			http://purl.obolibrary.org/obo/PR_000007856	gastrin						
to do	ignore	HP:0500180	Abnormal circulating amino sulfonic acid concentration@en					Yes	abnormalLevelOfChemicalEntityInLocation	OK	HP:0500180				UBERON:0000178										
done	ignore	HP:0500249	Abnormal circulating ethanolamine concentration@en	Any deviation from the normal concentration of ethanolamine in circulation.				Yes	abnormalLevelOfChemicalEntityInBlood	OK	HP:0500249				UBERON:0000178			http://purl.obolibrary.org/obo/CHEBI_23981	ethanolamines						
done	ignore	HP:0500250	Increased circulating ethanolamine concentration@en	Abnormally increased levels of ethanolamine in circulation.				Yes	abnormallyIncreasedLevelOfChemicalEntityInBlood	OK	HP:0500250				UBERON:0000178			http://purl.obolibrary.org/obo/CHEBI_23981	ethanolamines						
done	ignore	HP:0500258	Abnormal carbon dioxide level in cord blood@en	Abnormal amount of carbon dioxide in umbilical cord blood				Yes	abnormalLevelOfChemicalEntityInBlood	OK	HP:0500258				UBERON:0000178			http://purl.obolibrary.org/obo/CHEBI_16526	carbon dioxide						
to do	ignore	HP:0500259	Abnormal oxygen level in cord blood@en	An abnormal level of blood oxygen in the cord blood.				Yes	abnormalLevelOfChemicalEntityInLocation	OK	HP:0500259				UBERON:0000178			http://purl.obolibrary.org/obo/CHEBI_15379	dioxygen						
to do	ignore	HP:4000095	Elevated circulating thymine concentration@en	Concentration of the nucleobase thymine in the blood circulation above the normal range.				Yes	abnormallyIncreasedLevelOfChemicalEntityInLocation	Ok	HP:4000095				UBERON:0000178										
to do	ignore	HP:4000100	Positive lactose hydrogen breath test@en	Elevated hydrogen gas level in exhaled breath following oral administration of lactose. In individuals with lactose intolerance, undigested lactose in the colon will be metabolized by colonic bacteria, releasing hydrogen gas.				Yes	method_observed	OK	HP:4000100				UBERON:0000178										
to do	ignore	HP:4000162	Decreased Succinyl-CoA 3-ketoacid CoA transferase activity@en	Decreased activity of the enzyme succinyl-CoA 3-ketoacid CoA transferase.				Yes	activity	OK	HP:4000162				UBERON:0000178										
to do	ignore	HP:4000164	Reduced bifunctional protein activity@en	Diminished activity of hydroxysteroid 17-beta dehydrogenase 4 (HSD17B4), also known as D-bifunctional protein (DBP), a peroxisomal enzyme that catalyzes multiple steps of beta-oxidation of very long chain fatty acids.				Yes	activity	OK	HP:4000164				UBERON:0000178										
to do	ignore	HP:4000165	Decreased circulating plasmalogen concentration@en	Reduced plasmalogen concentration in the blood circulation.				Yes	abnormallyDecreasedLevelOfChemicalEntityInLocation	OK	HP:4000165				UBERON:0000178										
to do	ignore	HP:4000189	Elevated circulating neuron-specific enolase concentration@en	Concentration of neuron-specific enolase above the upper limit of normal in the blood circulation.				Yes	abnormallyIncreasedLevelOfChemicalEntityInLocation	OK	HP:4000189				UBERON:0000178										
to do	ignore	HP:4000194	Pseudohyperkalemia@en	Pseudohyperkalemia describes a falsely elevated potassium level upon measurement of the serum electrolyte concentration due to disruption of cells during the collection or processing of the sample.				Yes	modifier	OK	HP:4000194				UBERON:0000178			http://purl.obolibrary.org/obo/CHEBI_26216	potassium atom						
to do	ignore	HP:4000201	Abnormal circulating alpha mannosidase activity@en	Concentration or activity of alpha mannosidase outside of the limits of normal in the blood circulation.				Yes	activity	OK	HP:4000201				UBERON:0000178										
to do	ignore	HP:4000212	Increased circulating vitamin A concentration@en	Concentration of vitamin A above the upper limit of normal in the blood circulation.				Yes	abnormallyIncreasedLevelOfChemicalEntityInLocation	Ok	HP:4000212				UBERON:0000178										
to do	ignore	HP:4000213	Elevated circulating hyaluronic acid concentration@en	Concentration of hyaluronic acid in the blood circulation above the upper limit of normal.				Yes	abnormallyIncreasedLevelOfChemicalEntityInLocation	OK	HP:4000213				UBERON:0000178										
done	next	HP:6000001	Elevated circulating DNAJB9 protein concentration	Concentration of DnaJ homolog subfamily B member 9 (DNAJB9) in the blood circulation above the upper limit of normal.				Yes	abnormallyIncreasedLevelOfChemicalEntityInBlood		HP:6000001				UBERON:0000178			http://purl.obolibrary.org/obo/PR_Q9UBS3	DnaJ homolog subfamily B member 9 (human)					Selected human specific; species neutral term exists (http://purl.obolibrary.org/obo/PR_000006578). 	2
to do	ignore	HP:6000016	Elevated circulating vitamin B12 concentration	Concentration of vitamin B12 in the blood circulation above the upper limit of normal.				Yes	abnormallyIncreasedLevelOfChemicalEntityInLocation	Ok	HP:6000016				UBERON:0000178										
to do	next	HP:6000017	Elevated circulating soluble FASL concentration	The concentration of soluble FASL in the blood circulation is above the upper limit of normal. The first apoptosis signal receptor (FAS) pathway regulates apoptosis and is critical for proper development and functioning of the immune system. FAS ligand (FASL) can bind to FAS receptors.	Elevated circulating sFASL concentration	The concentration of sFASL (= soluble FASL, = soluble FAS-Ligand) in the blood circulation is above the upper limit of normal.	I prefer the abbreviation "sFASL". Full term(s) added in definition.  Additional informations about the protein might be added (standardization?).	Yes	abnormallyIncreasedLevelOfChemicalEntityInBlood	Ok	HP:6000017				UBERON:0000178			Not found						Synonyms for FASL include Fas ligand, CD95L, Apo-1L, TNFSF6, and Tumor necrosis factor ligand superfamily member 6 (refer to soluble and membrane-bound form) (not found in PR and CHEBI).  PR (parent class):  http://purl.obolibrary.org/obo/PR_P48023  tumor necrosis factor ligand superfamily member 6 (human) (probably encompasses soluble and membrane-bound form).  Regarding soluble FASL see e.g. PMID:34215657.	11
to do	ignore	HP:6000021	Decreased circulating thrombopoietin concentration	Concentration of thrombopoietin in the blood circulation below the lower limit of normal. Thrombopoietin is a glycoprotein hormone produced by the liver and kidney that stimulates the production and differentiation of megakaryocytes.				Yes	abnormallyDecreasedLevelOfChemicalEntityInLocation	OK	HP:6000021				UBERON:0000178										
to do	ignore	HP:6000037	Reduced circulating aromatic L-amino acid decarboxylase activity	The activity of aromatic L-amino acid decarboxylase (also known as DOPA decarboxylase, tryptophan decarboxylase, and 5-hydroxytryptophan decarboxylase) in the blood circulation is below the lower limit of normal.				Yes	activity	OK	HP:6000037				UBERON:0000178										
to do	ignore	HP:6000133	Decreased circulating nicotinamide adenine dinucleotide-cytochrome b5 reductase activity	The activity of nicotinamide adenine dinucleotide (NADH)-cytochrome b5 reductase in the blood circulation is below the lower limit of normal.				Yes	activity	OK	HP:6000133				UBERON:0000178										
to do	ignore	HP:6000185	Low tetrahydrocortisol (THF) plus 5-alpha-THF/tetrahydrocortisone (THE) ratio	The relative concentration of tetrahydrocortisol plus 5-alpha-tetrahydrocortisol relative to that of tetrahydrocortisone is below the lower limit of normal.				Yes	ratio	Ok	HP:6000185				UBERON:0000178										
done	next	HP:6000189	Decreased circulating ficolin 3 concentration	Concentration of ficolin 3 in the blood circulation below the lower limit of normal.				Yes	abnormallyDecreasedLevelOfChemicalEntityInBlood	Ok	HP:6000189				UBERON:0000178			http://purl.obolibrary.org/obo/PR_O75636	ficolin-3 (human)					Selected human specific; species neutral term exists (http://purl.obolibrary.org/obo/PR_000007439).  	2
done	next	HP:6000213	Elevated circulating Angiotensin-converting enzyme concentration	Concentration of angiotensin-converting enzyme (ACE) in the blood circulation above the upper limit of normal.				Yes	abnormallyIncreasedLevelOfChemicalEntityInBlood	OK	HP:6000213				UBERON:0000178			http://purl.obolibrary.org/obo/PR_P12821	angiotensin-converting enzyme (human)					Selected human specific; species neutral term exists (http://purl.obolibrary.org/obo/PR_000001322).	2
to do	ignore	HP:6000214	Decreased 3-hydroxyisobutyrate dehydrogenase activity	The activity of 3-hydroxyisobutyrate dehydrogenase in the blood circulation is below the lower limit of normal.				Yes	activity	OK	HP:6000214				UBERON:0000178										
to do	ignore	HP:6000215	Reduced circulating 3-hydroxyisobutyryl-CoA hydrolase activity	The activity of 3-hydroxyisobutyryl-CoA hydrolase in the blood corculation is below the lower limit of normal.				Yes	activity	OK	HP:6000215				UBERON:0000178										
to do	ignore	HP:6000217	Reduced circulating acyl-CoA oxidase activity	The activity of acyl-CoA oxidase activity in the blood circulation is below the lower limit of normal.				Yes	activity	OK	HP:6000217				UBERON:0000178										
to do	ignore	HP:6000218	Reduced circulating xanthine oxidase activity	Activity of the enzyme xanthine oxidase below the lower limit of normal.				Yes	activity	OK	HP:6000218				UBERON:0000178										
to do	ignore	HP:6000231	Abnormal tissue enzyme activity	Concentration of an enyzme in a tissue is above or between the limit of normal. This term is intended to be used for enzymes that can be measured in multiple tissues other than blood.				Yes	activity	Ok	HP:6000231				UBERON:0000178										
to do	ignore	HP:6000234	Elevated circulating dihydroxyphenylacetic acid concentration	The concentration of dihydroxyphenylacetic acid in the blood circulation is above the upper limit of normal.				Yes	abnormallyIncreasedLevelOfChemicalEntityInLocation	OK	HP:6000234				UBERON:0000178										
to do	ignore	HP:6000237	Elevated circulating 3-hydroxybutyryl-carnitine concentration	Concentration of 3-hydroxybutyryl-carnitine in the blood circulation above the upper limit of normal.				Yes	abnormallyIncreasedLevelOfChemicalEntityInLocation	Ok	HP:6000237				UBERON:0000178										
to do	ignore	HP:6000239	Elevated circulating tumor necrosis factor alpha concentration	The concentration of tumor necrosis factor alpha in the blood circulation is above the upper limit of normal.				Yes	abnormallyIncreasedLevelOfChemicalEntityInLocation	OK	HP:6000239				UBERON:0000178										
to do	ignore	HP:6000240	Reduced circulating pyrimidine 5-prime-nucleotidase activity	The activity of concentration of pyrimidine 5-prime-nucleotidase (EC 3.1.3.5) in the blood circulation is below the lower limit of normal.				Yes	activity	OK	HP:6000240				UBERON:0000178										
to do	ignore	HP:6000242	Decreased circulating complement component 1s concentration	The concentration of complement component 1s (C1s) in the blood circulation is below the lower limit of normal.				Yes	abnormallyDecreasedLevelOfChemicalEntityInLocation	Ok	HP:6000242				UBERON:0000178										
done	next	HP:6000243	Reduced circulating cortisol-binding globulin concentration	The concentration of cortisol-binding globulin in the blood circulation is below the lower limit of normal.				Yes	abnormallyDecreasedLevelOfChemicalEntityInBlood	Ok	HP:6000243				UBERON:0000178			http://purl.obolibrary.org/obo/PR_P08185	corticosteroid-binding globulin (human)					Selected human specific; species neutral term exists (http://purl.obolibrary.org/obo/PR_000014686).  	5
done	next	HP:6000244	Decreased circulating thyroglobulin concentration	The concentration of thyroglobulin in the blood circulation is below the lower limit of normal.				Yes	abnormallyDecreasedLevelOfChemicalEntityInBlood	Ok	HP:6000244				UBERON:0000178			http://purl.obolibrary.org/obo/PR_P01266	thyroglobulin (human)					Selected human specific; species neutral term exists (http://purl.obolibrary.org/obo/PR_000016283).	1
done	next	HP:6000245	Elevated circulating granulocyte-macrophage colony-stimulating factor concentration	The concentration of granulocyte-macrophage colony-stimulating factor (GM-CSF) in the blood circulation is above the upper limit of normal.				Yes	abnormallyIncreasedLevelOfChemicalEntityInBlood	Ok	HP:6000245				UBERON:0000178			http://purl.obolibrary.org/obo/PR_P04141	granulocyte-macrophage colony-stimulating factor (human)					Selected human specific; species neutral term exists (http://purl.obolibrary.org/obo/PR_000005931).	2
to do	ignore	HP:6000261	Absent circulating immunoglobulin kappa chain	Nondetectable kappa chain in the blood circulation.				Yes	abnormalAbsenceOfChemicalEntityInLocation	Ok	HP:6000261				UBERON:0000178										
to do	ignore	HP:6000267	Elevated circulating methionine sulfoxide concentration	The concentration of methionine sulfoxide in the blood circulation is above the upper limit of normal.				Yes	abnormallyIncreasedLevelOfChemicalEntityInLocation	Ok	HP:6000267				UBERON:0000178										
to do	ignore	HP:6000268	Elevated circulating pipecolic acid concentration	The concentration of pipecolic acid in the blood circulation is above the upper limit of normal.				Yes	abnormallyIncreasedLevelOfChemicalEntityInLocation	OK	HP:6000268				UBERON:0000178										
to do	ignore	HP:6000271	Elevated circulating glycylproline concentration	Concentration in the bloodstream of glycylproline above the upper limit of normal. Glycylproline is a dipeptide composed of glycine and proline, and is an end product of collagen metabolism that is further cleaved by prolidase (EC 3.4.13.9).				Yes	abnormallyIncreasedLevelOfChemicalEntityInLocation	OK	HP:6000271				UBERON:0000178										
to do	ignore	HP:6000272	Elevated circulating octanoylcarnitine concentration	Concentration of octanoylcarnitine (C8:0) in the blood circulation above the upper limit of normal.				Yes	abnormallyIncreasedLevelOfChemicalEntityInLocation	Ok	HP:6000272				UBERON:0000178			http://purl.obolibrary.org/obo/CHEBI_73039	octanoylcarnitine						
done	ignore	HP:6000273	Elevated circulating decanoylcarnitine concentration	Concentration of decanoylcarnitine (C10:0) in the blood circulation above the upper limit of normal.				Yes	abnormallyIncreasedLevelOfChemicalEntityInBlood	Ok	HP:6000273				UBERON:0000178			http://purl.obolibrary.org/obo/CHEBI_68830	o-decanoylcarnitine						
to do	ignore	HP:6000278	Elevated circulating 2-aminoadipic acid concentration	The concentration of 2-aminoadipic acid in the blood circulation is above the upper limit of normal.				Yes	abnormallyIncreasedLevelOfChemicalEntityInLocation	OK	HP:6000278				UBERON:0000178										
to do	ignore	HP:6000282	Elevated circulating aspartylglucosamine concentration	Concentration of aspartylglucosamine in the blood circulation above the upper limit of normal.				Yes	abnormallyIncreasedLevelOfChemicalEntityInLocation	OK	HP:6000282				UBERON:0000178										
to do	ignore	HP:6000371	Elevated circulating D-glyceric concentration	The concentration of D-gyceric acid in the blood circulation is above the upper limit of normal.				Yes	abnormallyIncreasedLevelOfChemicalEntityInLocation	OK	HP:6000371				UBERON:0000178										
to do	ignore	HP:6000374	Increased circulating interleukin 1beta concentration	An increased concentration of interleukin-1beta in the blood circulation.				Yes	abnormallyIncreasedLevelOfChemicalEntityInLocation	OK	HP:6000374				UBERON:0000178										
to do	next	HP:6000385	Elevated circulating soluble CD163 concentration	The concentration of Soluble CD163 in the blood circulation is above the upper limit of normal.	Elevated circulating sCD163 concentration	The concentration of sD163 (= soluble cluster of differentiation 163, = soluble CD163) in the blood circulation is above the upper limit of normal.	I prefer the abbreviation "sCD163". Full term(s) added in definition. 	Yes	abnormallyIncreasedLevelOfChemicalEntityInBlood	Ok	HP:6000385				UBERON:0000178			Not found						KI: Synonyms for soluble CD163 include sCD163, soluble ectodomain CD163, hemoglobin scavenger receptor (soluble form), and M130 (not found in CHEBI).   As far as I can see, scavenger receptor cysteine-rich type 1 protein M130 (http://purl.obolibrary.org/obo/PR_000001925) does not refer to the soluble form of CD163, but to the membrane-bound protein CD163. See also https://www.uniprot.org/uniprotkb/Q86VB7/entry.	10
done	next	HP:6000401	Reduced circulating protein Z concentration	The concentration of protein Z in the blood circulation is below the lower limit of normal.				Yes	abnormallyDecreasedLevelOfChemicalEntityInBlood	Ok	HP:6000401				UBERON:0000178			http://purl.obolibrary.org/obo/PR_P22891	vitamin K-dependent protein Z (human)					Selected human specific; species neutral term exists (http://purl.obolibrary.org/obo/PR_000013275).	4
to do	ignore	HP:6000402	Elevated circulating 27-hydroxycholesterol concentration	The concentration of 27-hydroxycholesterol in the blood circulation is above the upper limit of normal.				Yes	abnormallyIncreasedLevelOfChemicalEntityInLocation	OK	HP:6000402				UBERON:0000178										
to do	ignore	HP:6000403	Elevated circulating lysophosphatidylcholine concentration	The concentration of lysophosphatidylcholines in the blood circulation is above the upper limit of normal.				Yes	abnormallyDecreasedLevelOfChemicalEntityInLocation	OK	HP:6000403				UBERON:0000178										
to do	ignore	HP:6000404	Reduced circulating insulin-like growth factor 2 concentration	The concentration of insulin-like growth factor 2 (IGF2) in the blood circulation is below the lower limit of normal. IGF2 is a peptide hormone regulating various cellular processes such as proliferation and apoptosis.				Yes	abnormallyDecreasedLevelOfChemicalEntityInLocation	OK	HP:6000404				UBERON:0000178										
to do	ignore	HP:6000405	Decreased circulating nicotinamide adenine dinucleotide concentration	The concentration of nicotinamide adenine dinucleotide in the blood circulation is below the lower limit of normal.				Yes	abnormallyDecreasedLevelOfChemicalEntityInLocation	Ok	HP:6000405				UBERON:0000178										
to do	ignore	HP:6000406	Diminished circulating reduced nicotinamide adenine dinucleotide (NADH) concentration	The concentration of reduced nicotinamide adenine dinucleotide (NADH) in the blood circulation is below the lower limit of normal.				Yes	abnormallyDecreasedLevelOfChemicalEntityInLocation	Ok	HP:6000406				UBERON:0000178									Is this a real term or a mistake?	
to do	ignore	HP:6000407	Elevated circulating fibroblast growth factor 23 concentration	The concentration of fibroblast growth factor 23 in the blood circulation is above the upper limit of normal.				Yes	abnormallyIncreasedLevelOfChemicalEntityInLocation	OK	HP:6000407				UBERON:0000178										
to do	ignore	HP:6000419	Elevated circulating proinsulin concentration	The concentration of proinsulin in the blood circulation is above the upper limit of normal.				Yes	abnormallyIncreasedLevelOfChemicalEntityInLocation	OK	HP:6000419				UBERON:0000178										
to do	ignore	HP:6000435	Elevated circulating alpha-ketoglutarate concentration	The concentration of alpha-ketoglutarate in the blood circulation is above the upper limit of normal.				Yes	abnormallyIncreasedLevelOfChemicalEntityInLocation	OK	HP:6000435				UBERON:0000178										
to do	ignore	HP:6000436	Elevated circulating ghrelin concentration	The concentration of ghrelin in the blood circulation is above the upper limit of normal. Ghrelin is a 28-amino-acid peptide predominantly secreted in the stomach and stimulates appetite and growth hormone (GH) release.				Yes	abnormallyIncreasedLevelOfChemicalEntityInLocation	OK	HP:6000436				UBERON:0000178										
to do	ignore	HP:6000437	Reduced criculating stearoylcarnitine concentration	The concentration of stearoylcarnitine (C18:0) in the blood circulation is below the lower limit of normal.				Yes	abnormallyDecreasedLevelOfChemicalEntityInLocation	Ok	HP:6000437				UBERON:0000178			http://purl.obolibrary.org/obo/CHEBI_73074	O-stearoylcarnitine						
to do	ignore	HP:6000439	Increased circulating interleukin 15 concentration	The concentration of interleukin 15 (IL-15) in the blood circulation is above the upper limit of normal.				Yes	abnormallyIncreasedLevelOfChemicalEntityInLocation	OK	HP:6000439				UBERON:0000178										
to do	ignore	HP:6000440	Reduced circulating squalene concentration	The concentration of squalene in the blood circulation is below the lower limit of normal.				Yes	abnormallyDecreasedLevelOfChemicalEntityInLocation	OK	HP:6000440				UBERON:0000178										
to do	ignore	HP:6000441	Abnormal circulating interleukin 6 concentration	Any deviation from the normal range of the concentration of interleukin 6 (IL-6) in the blood circulation.				Yes	abnormalLevelOfChemicalEntityInLocation	OK	HP:6000441				UBERON:0000178										
to do	ignore	HP:6000442	Abnormal circulating interleukin 12 concentration	Any deviation from the normal range of the concentration of interleukin 12 in the blood circulation.				Yes	abnormalLevelOfChemicalEntityInLocation	OK	HP:6000442				UBERON:0000178										
to do	ignore	HP:6000446	Abnormal circulating CC chemokine concentration	The concentration in the blood circulation of a member of the CC chemokine family is outside of normal limits.				Yes	abnormalLevelOfChemicalEntityInLocation	OK	HP:6000446				UBERON:0000178										
to do	ignore	HP:6000476	Elevated circulating tetradecenoylcarnitine concentration	The concentration of tetradecenoylcarnitine (C14:1) in the blood circulation is above the upper limit of normal.				Yes	abnormallyIncreasedLevelOfChemicalEntityInLocation	Ok	HP:6000476				UBERON:0000178										
to do	ignore	HP:6000478	Elevated circulating 2-trans,4-cis-decadienoylcarnitine concentration	The concentration of 2-trans,4-cis-decadienoylcarnitine in the blood circulation is above the upper limit of normal.				Yes	abnormallyIncreasedLevelOfChemicalEntityInLocation	Ok	HP:6000478				UBERON:0000178			http://purl.obolibrary.org/obo/CHEBI_156419	2-trans,4-cis-decadienoylcarnitine						
to do	ignore	HP:6000482	Decreased circulating catecholamine concentration	Concentration of a catecholamine in the blood circulation below the lower limit of normal.				Yes	abnormallyDecreasedLevelOfChemicalEntityInLocation	Ok	HP:6000482				UBERON:0000178										
done	next	HP:6000485	Elevated circulating beta chorionic gonadotropin concentration	The concentration of beta chorionic gonadotropin in the blood circulation is above the upper limit of normal.				Yes	abnormallyIncreasedLevelOfChemicalEntityInBlood	Ok	HP:6000485				UBERON:0000178			http://purl.obolibrary.org/obo/PR_000005391	choriogonadotropin subunit beta					No specific (human) classification, only species neutral term.	8
to do	ignore	HP:6000486	Elevated circulating CXCL10 concentration	The concentration of C-X-C motif chemokine 10 (CXCL10) in the blood circulation is above the upper limit of normal.				Yes	abnormallyIncreasedLevelOfChemicalEntityInLocation	OK	HP:6000486				UBERON:0000178										
to do	ignore	HP:6000487	Reduced circulating interleukin 12 concentration	The concentration of interleukin 12 (IL-12) in the blood circulation is below the lower limit of normal.				Yes	abnormallyDecreasedLevelOfChemicalEntityInLocation	OK	HP:6000487				UBERON:0000178										
to do	ignore	HP:6000488	Reduced circulating fibroblast growth factor 23 concentration	The concentration of fibroblast growth factor 23 in the blood circulation is below the lower limit of normal.				Yes	abnormallyDecreasedLevelOfChemicalEntityInLocation	OK	HP:6000488				UBERON:0000178										
to do	ignore	HP:6000489	Abnormal circulating fibroblast growth factor 23 concentration	The concentration of fibroblast growth factor 23 in the blood circulation is outside of the limits of normal.				Yes	abnormalLevelOfChemicalEntityInLocation	OK	HP:6000489				UBERON:0000178										
to do	next	HP:6000502	Elevated circulating calprotectin concentration	The concentration of calprotectin in the blood circulation is above the upper limit of normal.	Elevated circulating calprotectin concentration	The concentration of calprotectin in the blood circulation is above the upper limit of normal.		Yes	abnormallyIncreasedLevelOfChemicalEntityInBlood	Ok	HP:6000502				UBERON:0000178			Not found						KI: Synonyms for calprotectin include S100A8/A9, MRP8/14, calgranulin A/B, cystic fibrosis antigen. Other less common synonyms are: L1 protein, 27E10 antigen, and myeloid-histiocyte antigen (not found in PR and CHEBI).  PR (subclass): Protein S100-A8 (human) http://purl.obolibrary.org/obo/PR_P05109 and protein S100-A9 (human) http://purl.obolibrary.org/obo/PR_P06702 (= calgranulin A/B) are subtypes of calprotectin.  [GO: calprotectin complex http://purl.obolibrary.org/obo/GO_1990660]	9
done	ignore	HP:0012676	Copper accumulation in brain	An anomalous build up of copper (Cu) in the brain.				Yes	abnormallyIncreasedLevelOfChemicalEntityInLocation	Ok	HP:0012676				UBERON:0000955			http://purl.obolibrary.org/obo/CHEBI_28694	copper atom						
to do	ignore	HP:0012706	Elevated brain choline level by MRS	An increase in the level of choline-containing compounds in the brain identified by magnetic resonance spectroscopy (MRS).				Yes	method_observed	OK	HP:0012706				UBERON:0000955										
to do	ignore	HP:0012707	Elevated brain lactate level by MRS	An increase in the level of lactate in the brain identified by magnetic resonance spectroscopy (MRS).				Yes	method_observed	OK	HP:0012707				UBERON:0000955										
to do	ignore	HP:0012708	Reduced brain N-acetyl aspartate level by MRS	A decrease in the level of N-acetyl aspartate in the brain identified by magnetic resonance spectroscopy (MRS).				Yes	method_observed	OK	HP:0012708				UBERON:0000955										
to do	ignore	HP:0025046	Reduced brain lactate level by MRS@en	A decrease in the level of lactate in the brain identified by magnetic resonance spectroscopy (MRS).				Yes	method_observed	OK	HP:0025046				UBERON:0000955										
to do	ignore	HP:0025048	Reduced brain choline level by MRS@en	An decrease in the level of choline-containing compounds in the brain identified by magnetic resonance spectroscopy (MRS).				Yes	method_observed	OK	HP:0025048				UBERON:0000955										
to do	ignore	HP:0025050	Elevated brain creatine level by MRS@en	An increase in the level of creatine in the brain identified by magnetic resonance spectroscopy (MRS).				Yes	method_observed	OK	HP:0025050				UBERON:0000955										
to do	ignore	HP:0025051	Reduced brain creatine level by MRS@en	A decrease in the level of creatine in the brain identified by magnetic resonance spectroscopy (MRS).				Yes	method_observed	OK	HP:0025051				UBERON:0000955										
to do	ignore	HP:0025053	Elevated brain N-acetyl aspartate level by MRS@en	An increase in the level of N-acetyl aspartate in the brain identified by magnetic resonance spectroscopy (MRS).				Yes	method_observed	OK	HP:0025053				UBERON:0000955										
to do	ignore	HP:0030980	Reduced brain glutamine level by MRS	An decrease in the level of glutamine in the brain identified by magnetic resonance spectroscopy (MRS).				Yes	method_observed	OK	HP:0030980				UBERON:0000955										
to do	ignore	HP:0034495	Elevated brain glutamine level by MRS	An increased in the level of glutamine in the brain identified by magnetic resonance spectroscopy (MRS).				Yes	method_observed	OK	HP:0034495				UBERON:0000955										
done	ignore	HP:0410214	Hypercapnia in cord blood	Abnormally elevated blood carbon dioxide (CO2) level in the cord blood.				Yes	abnormallyIncreasedLevelOfChemicalEntityInLocation	OK	HP:0410214				UBERON:0012168			http://purl.obolibrary.org/obo/CHEBI_16526	carbon dioxide						
done	ignore	HP:0410215	Hypocapnia in cord blood	Abnormally decreased blood carbon dioxide (CO2) level in the cord blood.				Yes	abnormallyDecreasedLevelOfChemicalEntityInLocation	OK	HP:0410215				UBERON:0012168			http://purl.obolibrary.org/obo/CHEBI_16526	carbon dioxide						
done	ignore	HP:0002490	Increased CSF lactate	Increased concentration of lactate in the cerebrospinal fluid.				Yes	abnormallyIncreasedLevelOfChemicalEntityInLocation	Ok	HP:0002490				UBERON:0001359 			http://purl.obolibrary.org/obo/CHEBI_24996	lactate						
done	ignore	HP:0002922	Increased CSF protein concentration	Increased concentration of protein in the cerebrospinal fluid.				Yes	abnormallyIncreasedLevelOfChemicalEntityInLocation	Ok	HP:0002922				UBERON:0001359 			http://purl.obolibrary.org/obo/PR_000000001	protein						
to do	ignore	HP:0003785	Decreased CSF homovanillic acid concentration	Decreased concentration of homovanillic acid (HVA) in the cerebrospinal fluid. HVA is a metabolite of dopamine.				Yes	abnormallyDecreasedLevelOfChemicalEntityInLocation	Ok	HP:0003785				UBERON:0001359 										
to do	ignore	HP:0009709	Increased CSF interferon alpha	Increased concentration of interferon alpha in the cerebrospinal fluid (CSF).				Yes	abnormallyIncreasedLevelOfChemicalEntityInLocation	Ok	HP:0009709				UBERON:0001359 										
done	ignore	HP:0012446	Decreased CSF 5-methyltetrahydrofolate concentration	A reduced concentration of 5-methyltetrahydrofolate(2-) in the cerebrospinal fluid (CSF). 5-methyltetrahydrofolate is the active folate metabolite.				Yes	abnormallyDecreasedLevelOfChemicalEntityInLocation	Ok	HP:0012446				UBERON:0001359 			http://purl.obolibrary.org/obo/CHEBI_20612	5-methyltetrahydrofolate						
done	ignore	HP:0012654	Abnormal CSF dopamine concentration	Abnormal concentration of dopamine in the cerebrospinal fluid (CSF).				Yes	abnormalLevelOfChemicalEntityInLocation	Ok	HP:0012654				UBERON:0001359 			http://purl.obolibrary.org/obo/CHEBI_18243	dopamine						
done	ignore	HP:0012655	Elevated CSF dopamine concentration	Increased concentration of dopamine in the cerebrospinal fluid (CSF).				Yes	abnormallyIncreasedLevelOfChemicalEntityInLocation	Ok	HP:0012655				UBERON:0001359 			http://purl.obolibrary.org/obo/CHEBI_18243	dopamine						
done	ignore	HP:0012656	Reduced CSF dopamine concentration	Decreased concentration of dopamine in the cerebrospinal fluid (CSF).				Yes	abnormallyDecreasedLevelOfChemicalEntityInLocation	Ok	HP:0012656				UBERON:0001359 			http://purl.obolibrary.org/obo/CHEBI_18243	dopamine						
to do	ignore	HP:0025455	Decreased CSF 5-hydroxyindolacetic acid concentration@en	5-HIAA (5-hydroxyindolacetic acid) concentration in the cerebrospinal fluid (CSF) is below the lower limit of normal.				Yes	abnormallyDecreasedLevelOfChemicalEntityInLocation	Ok	HP:0025455				UBERON:0001359 										
done	ignore	HP:0025457	Decreased CSF protein concentration@en	CSF total protein level is below the lower limit of normal.				Yes	abnormallyDecreasedLevelOfChemicalEntityInLocation	Ok	HP:0025457				UBERON:0001359 			http://purl.obolibrary.org/obo/CHEBI_36080	protein						
done	ignore	HP:0025458	Decreased CSF albumin concentration@en	CSF albumin level is below the lower limit of normal.				Yes	abnormallyDecreasedLevelOfChemicalEntityInLocation	Ok	HP:0025458				UBERON:0001359 			http://purl.obolibrary.org/obo/PR_000003918	albumin						
to do	ignore	HP:0025683	Abnormal amyloid beta 42 peptide CSF concentration@en	Any deviation from the normal concentration of amyloid beta 42 peptide in the cerebrospinal fluid (CSF). Amyloid beta is a peptide of 36-43 amino acids that is processed from the Amyloid precursor protein. ABeta42, which is 42 amino acids in length, is the longer form.				Yes	abnormalLevelOfChemicalEntityInLocation	OK	HP:0025683				UBERON:0001359 										
to do	ignore	HP:0025684	Decreased amyloid beta 42 peptide CSF concentration@en	A reduction from the normal concentration of amyloid beta 42 peptide in the cerebrospinal fluid (CSF).				Yes	abnormallyDecreasedLevelOfChemicalEntityInLocation	OK	HP:0025684				UBERON:0001359 										
to do	ignore	HP:0025685	Increased amyloid beta 42 peptide CSF concentration@en	An elevation above the normal concentration of amyloid beta 42 peptide in the cerebrospinal fluid (CSF).				Yes	abnormallyIncreasedLevelOfChemicalEntityInLocation	OK	HP:0025685				UBERON:0001359 										
to do	ignore	HP:0025686	Abnormal amyloid beta 40 peptide CSF concentration@en	Any deviation from the normal concentration of amyloid beta 42 peptide in the cerebrospinal fluid (CSF). Amyloid beta is a peptide of 36-43 amino acids that is processed from the Amyloid precursor protein. ABeta40, which is 40 amino acids in length, is the shorter form.				Yes	abnormalLevelOfChemicalEntityInLocation	OK	HP:0025686				UBERON:0001359 										
to do	ignore	HP:0025687	Increased amyloid beta 40 peptide CSF concentration@en	An elevation above the normal concentration of amyloid beta 40 peptide in the cerebrospinal fluid (CSF).				Yes	abnormallyIncreasedLevelOfChemicalEntityInLocation	OK	HP:0025687				UBERON:0001359 			PR:000025584	beta-amylid protein 40						
to do	ignore	HP:0025688	Abnormal amyloid beta peptide CSF concentration@en	Any anomaly in the concentration of a cleaved APP amyloid beta protein fragment in the cerebrospinal fluid.				Yes	abnormalLevelOfChemicalEntityInLocation	Ok	HP:0025688				UBERON:0001359 										
done	ignore	HP:0030085	Abnormal CSF lactate concentration	Abnormal concentration of lactate in the cerebrospinal fluid.				Yes	abnormalLevelOfChemicalEntityInLocation	Ok	HP:0030085				UBERON:0001359 			http://purl.obolibrary.org/obo/CHEBI_24996	lactate						
done	ignore	HP:0030086	Reduced CSF lactate	Decreased concentration of lactate in the cerebrospinal fluid.				Yes	abnormallyDecreasedLevelOfChemicalEntityInLocation	Ok	HP:0030086				UBERON:0001359 			http://purl.obolibrary.org/obo/CHEBI_24996	lactate						
to do	ignore	HP:0030860	Abnormal CSF amyloid concentration	Abnormal concentration of amyloid in the cerebrospinal fluid (CSF).				Yes	abnormalLevelOfChemicalEntityInLocation	Ok	HP:0030860				UBERON:0001359 										
to do	ignore	HP:0030861	Decreased CSF amyloid concentration	Reduced concentration of amyloid in the cerebrospinal fluid (CSF).				Yes	abnormallyDecreasedLevelOfChemicalEntityInLocation	Ok	HP:0030861				UBERON:0001359 										
to do	ignore	HP:0030862	Elevated CSF amyloid concentration	Increased concentration of amyloid in the cerebrospinal fluid (CSF).				Yes	abnormallyIncreasedLevelOfChemicalEntityInLocation	Ok	HP:0030862				UBERON:0001359 										
to do	ignore	HP:0031884	Abnormal CSF glucose concentration	A deviation from normal concentration of glucose content in the cerebrospinal fluid.				Yes	abnormalLevelOfChemicalEntityInLocation	Ok	HP:0031884				UBERON:0001359 										
to do	ignore	HP:0031885	Hyperglycorrhachia	Abnormally high glucose concentration in the cerebrospinal fluid.				Yes	abnormallyIncreasedLevelOfChemicalEntityInLocation	Ok	HP:0031885				UBERON:0001359 										
to do	ignore	HP:0032274	Increased CSF N-acetylaspartic acid concentration	An abnormally increased concentration of N-acetylaspartic acid in the cerebrospinal fluid (CSF).				Yes	abnormallyIncreasedLevelOfChemicalEntityInLocation	Ok	HP:0032274				UBERON:0001359 										
to do	ignore	HP:0032531	Elevated CSF gamma-aminobutyric acid concentration					Yes	abnormallyIncreasedLevelOfChemicalEntityInLocation	Ok	HP:0032531				UBERON:0001359 										
to do	ignore	HP:0032532	Elevated CSF 4-hydroxybutyric acid concentration	Abnormally increased level of 4-hydroxybutyric acid in the cerebrospinal fluid (CSF).				Yes	abnormallyIncreasedLevelOfChemicalEntityInLocation	Ok	HP:0032532				UBERON:0001359 										
to do	ignore	HP:0032650	Elevated CSF glial fibrillary acidic protein concentration	Increased concentration of glial fibrillary acidic protein in cerebrospinal fluid.				Yes	abnormallyIncreasedLevelOfChemicalEntityInLocation	Ok	HP:0032650				UBERON:0001359 										
to do	ignore	HP:0032651	Elevated CSF chitinase-3-like protein 1 concentration	Increased concentration of chitinase-3-like protein 1 in cerebrospinal fluid.				Yes	abnormallyIncreasedLevelOfChemicalEntityInLocation	Ok	HP:0032651				UBERON:0001359 										
to do	ignore	HP:0032652	Elevated CSF chitotriosidase 1 concentration	Increased concentration of chitotriosidase 1 in cerebrospinal fluid.				Yes	abnormallyIncreasedLevelOfChemicalEntityInLocation	Ok	HP:0032652				UBERON:0001359 										
to do	ignore	HP:0032928	Elevated CSF neurofilament light chain concentration	Neurofilament light chain (NfL) is a neuronal cytoplasmic protein highly expressed in large caliber myelinated axons. Its levels increase in cerebrospinal fluid (CSF) and blood proportionally to the degree of axonal damage in a variety of neurological disorders, including inflammatory, neurodegenerative, traumatic and cerebrovascular diseases.				Yes	abnormallyIncreasedLevelOfChemicalEntityInLocation	Ok	HP:0032928				UBERON:0001359 										
to do	ignore	HP:0033503	Elevated CSF fumarate concentration	An increased concentration of fumarate, an intermediate in the citric acid cycle, in the cebrebrospinal fluid.				Yes	abnormallyIncreasedLevelOfChemicalEntityInLocation	Ok	HP:0033503				UBERON:0001359 										
to do	ignore	HP:0034200	Abnormal CSF homovanillic acid concentration	Any deviation from the normal concentration of homovanillic acid (HVA) in the cerebrospinal fluid. HVA is a metabolite of dopamine.				Yes	abnormalLevelOfChemicalEntityInLocation	Ok	HP:0034200				UBERON:0001359 										
to do	ignore	HP:0034201	Increased CSF homovanillic acid concentration	Elevated concentration of homovanillic acid (HVA) in the cerebrospinal fluid. HVA is a metabolite of dopamine.				Yes	abnormallyIncreasedLevelOfChemicalEntityInLocation	Ok	HP:0034201				UBERON:0001359 										
to do	ignore	HP:0034390	Decreased CSF glycine concentration	Abnormally decreased levels of glycine in cerebrospinal fluid.				Yes	abnormallyDecreasedLevelOfChemicalEntityInLocation	Ok	HP:0034390				UBERON:0001359 										
to do	ignore	HP:0034406	Elevated CSF angiotensin-converting enzyme concentration					Yes	abnormallyIncreasedLevelOfChemicalEntityInLocation	Ok	HP:0034406				UBERON:0001359 										
done	ignore	HP:0034460	Increased CSF uracil concentration	An increased level of uracil in the cerebrospinal fluid.				Yes	abnormallyIncreasedLevelOfChemicalEntityInLocation	Ok	HP:0034460				UBERON:0001359 			http://purl.obolibrary.org/obo/CHEBI_17568	uracil						
to do	ignore	HP:0034462	Increased CSF L-alloisoleucine concentration	An abnormally increased concentration of L-alloisoleucine in the cerebrospinal fluid (CSF).				Yes	abnormallyIncreasedLevelOfChemicalEntityInLocation	Ok	HP:0034462				UBERON:0001359 										
to do	ignore	HP:0034597	Decreased CSF creatinine concentration	Concentration of creatinine in the cerebrrospinal fluid below the lower limit of normal.				Yes	abnormallyDecreasedLevelOfChemicalEntityInLocation	Ok	HP:0034597				UBERON:0001359 										
to do	ignore	HP:0034605	Elevated CSF DOPA concentration	Concentration of DOPA (3,4-dihydroxyphenylalanine) in the cerebrospinal fluid above the upper limit of normal.				Yes	abnormallyIncreasedLevelOfChemicalEntityInLocation	Ok	HP:0034605				UBERON:0001359 										
to do	ignore	HP:0034723	Elevated CSF hydroxyproline concentration					Yes	abnormallyIncreasedLevelOfChemicalEntityInLocation	Ok	HP:0034723				UBERON:0001359 			http://purl.obolibrary.org/obo/CHEBI_24741	hydroxyproline						
to do	ignore	HP:0034724	Reduced CSF cystine concentration	Concentration of cystine in the cerebrospinal fluid below the lower limit of normal. Cystine is sulfur-containing amino acid obtained by the oxidation of two cysteine molecules which are then linked via a disulfide bond.				Yes	abnormallyDecreasedLevelOfChemicalEntityInLocation	Ok	HP:0034724				UBERON:0001359 										
to do	ignore	HP:0034734	Elevated CSF argininosuccinic acid concentration	Concentration of argininosuccinic acid in the cerebrospinal fluid (CSF) above the upper limit of normal.				Yes	abnormallyIncreasedLevelOfChemicalEntityInLocation	Ok	HP:0034734				UBERON:0001359 										
to do	ignore	HP:0034735	Elevated CSF aspartylglucosamine concentration	Concentration of aspartylglucosamine in the cerebrospinal fluid (CSF) above the upper limit of normal.				Yes	abnormallyIncreasedLevelOfChemicalEntityInLocation	Ok	HP:0034735				UBERON:0001359 										
to do	ignore	HP:0034739	Elevated CSF sarcosine concentration	Concentration of sarcosine in the cerebrospinal fluid (CSF) above the upper limit of normal.				Yes	abnormallyIncreasedLevelOfChemicalEntityInLocation	Ok	HP:0034739				UBERON:0001359 										
to do	ignore	HP:0034740	Reduced CSF methionine concentration	Concentration of methionine in the cerebrospinal fluid below the lower limit of normal.				Yes	abnormallyDecreasedLevelOfChemicalEntityInLocation	Ok	HP:0034740				UBERON:0001359 										
to do	ignore	HP:0034743	Elevated CSF proline concentration	Concentration of proline in the cerebrospinal fluid (CSF) above the upper limit of normal.				Yes	abnormallyIncreasedLevelOfChemicalEntityInLocation	Ok	HP:0034743				UBERON:0001359 										
to do	ignore	HP:0034823	Decreased CSF copper concentration	Concentration of copper in the cerebrospinal fluid (CSF) below the lower limit of normal.				Yes	abnormallyDecreasedLevelOfChemicalEntityInLocation	Ok	HP:0034823				UBERON:0001359 										
to do	ignore	HP:0034872	Decreased CSF epinephrine concentration	Concentration of epinephrine in the cerebrospinal fluid below the lower limit of normal.				Yes	abnormallyDecreasedLevelOfChemicalEntityInLocation	Ok	HP:0034872				UBERON:0001359 										
to do	ignore	HP:0034877	Decreased CSF metanephrine concentration	Concentration of metanephrine in the cerebrospinal fluid below the lower limit of normal.				Yes	abnormallyDecreasedLevelOfChemicalEntityInLocation	Ok	HP:0034877				UBERON:0001359 										
done	ignore	HP:0040203	Abnormal CSF neopterin concentration	Abnormal concentration of neopterin in the cerebrospinal fluid (CSF).				Yes	abnormalLevelOfChemicalEntityInLocation	Ok	HP:0040203				UBERON:0001359 			http://purl.obolibrary.org/obo/CHEBI_25500	neopterins						
done	ignore	HP:0040204	Elevated CSF neopterin level	Increased concentration of neopterin in the cerebrospinal fluid (CSF).				Yes	abnormallyIncreasedLevelOfChemicalEntityInLocation	Ok	HP:0040204				UBERON:0001359 			http://purl.obolibrary.org/obo/CHEBI_25500	neopterins						
done	ignore	HP:0040205	Decreased CSF neopterin level	Decreased concentration of neopterin in the cerebrospinal fluid (CSF).				Yes	abnormallyDecreasedLevelOfChemicalEntityInLocation	Ok	HP:0040205				UBERON:0001359 			http://purl.obolibrary.org/obo/CHEBI_25500	neopterins						
done	ignore	HP:0040207	Abnormal CSF biopterin concentration	Abnormal concentration of biopterin in the cerebrospinal fluid (CSF).				Yes	abnormalLevelOfChemicalEntityInLocation	Ok	HP:0040207				UBERON:0001359 			http://purl.obolibrary.org/obo/CHEBI_22881	biopterins						
done	ignore	HP:0040208	Elevated CSF biopterin level	Concentration of biopterin in the cerebrospinal fluid (CSF) above the upper limit of normal.				Yes	abnormallyIncreasedLevelOfChemicalEntityInLocation	Ok	HP:0040208				UBERON:0001359 			http://purl.obolibrary.org/obo/CHEBI_22881	biopterins						
done	ignore	HP:0040209	Decreased CSF biopterin level	Concentration of biopterin in the cerebrospinal fluid (CSF) below the lower limit of normal.				Yes	abnormallyDecreasedLevelOfChemicalEntityInLocation	Ok	HP:0040209				UBERON:0001359 			http://purl.obolibrary.org/obo/CHEBI_22881	biopterins						
done	ignore	HP:0410056	Decreased CSF erythritol concentration	Concentration of erythritol in the cerebrospinal fluid below the lower limit of normal.				Yes	abnormallyDecreasedLevelOfChemicalEntityInLocation	Ok	HP:0410056				UBERON:0001359 			http://purl.obolibrary.org/obo/CHEBI_17113	erythritol						
done	ignore	HP:0410058	Increased CSF D-threitol concentration	The concentration of D-threitol in the cerebrospinal fluid is above the upper limit of normal.				Yes	abnormallyIncreasedLevelOfChemicalEntityInLocation	Ok	HP:0410058				UBERON:0001359 			http://purl.obolibrary.org/obo/CHEBI_48300	D-threitol						
done	ignore	HP:0410071	Increased CSF ribitol concentration	The concentration of ribitol in the cerebrospinal fluid is above the upper limit of normal.				Yes	abnormallyIncreasedLevelOfChemicalEntityInLocation	Ok	HP:0410071				UBERON:0001359 			http://purl.obolibrary.org/obo/CHEBI_15963	ribitol						
done	ignore	HP:0410073	Increased CSF ribose concentration	The concentration of ribose in the cerebrospinal fluid is above the upper limit of normal.				Yes	abnormallyIncreasedLevelOfChemicalEntityInLocation	Ok	HP:0410073				UBERON:0001359 			http://purl.obolibrary.org/obo/CHEBI_33942	ribose						
done	ignore	HP:0410075	Increased CSF xylitol concentration	The concentration of xylitol in the cerebrospinal fluid is above the upper limit of normal.				Yes	abnormallyIncreasedLevelOfChemicalEntityInLocation	Ok	HP:0410075				UBERON:0001359 			http://purl.obolibrary.org/obo/CHEBI_17151	xylitol						
done	ignore	HP:0410199	Increased CSF urate concentration	Increased concentration of urate in the cerebrospinal fluid.				Yes	abnormallyIncreasedLevelOfChemicalEntityInLocation	Ok	HP:0410199				UBERON:0001359 			http://purl.obolibrary.org/obo/CHEBI_46819	urate salt						
done	ignore	HP:0500117	Abnormal CSF urate concentration	Abnormal concentration of urate in the cerebrospinal fluid (CSF).				Yes	abnormalLevelOfChemicalEntityInLocation	Ok	HP:0500117				UBERON:0001359 			http://purl.obolibrary.org/obo/CHEBI_46819	urate salt						
done	ignore	HP:0500183	Abnormal CSF carboxylic acid concentration@en	Any deviation from the normal concentration of a carboxylic acid in the cerebrospinal fluid.				Yes	abnormalLevelOfChemicalEntityInLocation	Ok	HP:0500183				UBERON:0001359 			http://purl.obolibrary.org/obo/CHEBI_33575	carboxylic acid						
done	ignore	HP:0500184	Abnormal CSF amino acid concentration@en	Any deviation from the normal concentration of amino acids in the cerebrospinal fluid.				Yes	abnormalLevelOfChemicalEntityInLocation	Ok	HP:0500184				UBERON:0001359 			http://purl.obolibrary.org/obo/CHEBI_33709	amino acid						
done	ignore	HP:0500185	Abnormal CSF branched chain amino acid concentration@en	Any deviation from the normal concentration of branched-chain amino acids in the cerebrospinal fluid.				Yes	abnormalLevelOfChemicalEntityInLocation	Ok	HP:0500185				UBERON:0001359 			http://purl.obolibrary.org/obo/CHEBI_22918	branched-chain amino acid						
done	ignore	HP:0500186	Abnormal CSF valine concentration@en	Any deviation from the normal concentration of valine in the cerebrospinal fluid.				Yes	abnormalLevelOfChemicalEntityInLocation	Ok	HP:0500186				UBERON:0001359 			http://purl.obolibrary.org/obo/CHEBI_27266	valine						
done	ignore	HP:0500187	Increased CSF valine concentration@en	Any increased amount from normal of valine in the cerebrospinal fluid.				Yes	abnormallyIncreasedLevelOfChemicalEntityInLocation	Ok	HP:0500187				UBERON:0001359 			http://purl.obolibrary.org/obo/CHEBI_27266	carboxylic acid						
done	ignore	HP:0500188	Decreased CSF valine concentration@en	Any decreased amount from normal of valine in the cerebrospinal fluid.				Yes	abnormallyDecreasedLevelOfChemicalEntityInLocation	Ok	HP:0500188				UBERON:0001359 			http://purl.obolibrary.org/obo/CHEBI_27266	carboxylic acid						
done	ignore	HP:0500189	Abnormal CSF leucine concentration@en	Any deviation from the normal concentration of leucine in the cerebrospinal fluid.				Yes	abnormalLevelOfChemicalEntityInLocation	Ok	HP:0500189				UBERON:0001359 			http://purl.obolibrary.org/obo/CHEBI_25017	leucine						
done	ignore	HP:0500190	Decreased CSF leucine concentration@en	Abnormally decreased levels of leucine in the cerebrospinal fluid.				Yes	abnormallyDecreasedLevelOfChemicalEntityInLocation	Ok	HP:0500190				UBERON:0001359 			http://purl.obolibrary.org/obo/CHEBI_25017	leucine						
done	ignore	HP:0500191	Increased CSF leucine concentration@en	Abnormally increased levels of leucine in cerebrospinal fluid.				Yes	abnormallyIncreasedLevelOfChemicalEntityInLocation	Ok	HP:0500191				UBERON:0001359 			http://purl.obolibrary.org/obo/CHEBI_25017	leucine						
done	ignore	HP:0500192	Abnormal CSF isoleucine concentration@en	Any deviation from the normal concentration of isoleucine in the cerebrospinal fluid.				Yes	abnormalLevelOfChemicalEntityInLocation	Ok	HP:0500192				UBERON:0001359 			http://purl.obolibrary.org/obo/CHEBI_24898	isoleucine						
done	ignore	HP:0500193	Increased CSF isoleucine concentration@en	Abnormally increased levels of isoleucine in cerebrospinal fluid.				Yes	abnormallyIncreasedLevelOfChemicalEntityInLocation	Ok	HP:0500193				UBERON:0001359 			http://purl.obolibrary.org/obo/CHEBI_24898	isoleucine						
done	ignore	HP:0500194	Decreased CSF isoleucine concentration@en	Abnormally decreased levels of isoleucine in cerebrospinal fluid.				Yes	abnormallyDecreasedLevelOfChemicalEntityInLocation	Ok	HP:0500194				UBERON:0001359 			http://purl.obolibrary.org/obo/CHEBI_24898	isoleucine						
done	ignore	HP:0500195	Abnormal CSF glutamine family amino acid concentration@en	Any deviation from the normal concentration of glutamine-family amino acids in the cerebrospinal fluid.				Yes	abnormalLevelOfChemicalEntityInLocation	Ok	HP:0500195				UBERON:0001359 			http://purl.obolibrary.org/obo/CHEBI_24318	glutamine family amino acid						
done	ignore	HP:0500196	Abnormal CSF glutamine concentration@en	Any deviation from the normal concentration of glutamine amino acids in the cerebrospinal fluid.				Yes	abnormalLevelOfChemicalEntityInLocation	Ok	HP:0500196				UBERON:0001359 			http://purl.obolibrary.org/obo/CHEBI_28300	glutamine						
done	ignore	HP:0500197	Increased CSF glutamine concentration@en	Abnormally increased levels of glutamine in cerebrospinal fluid.				Yes	abnormallyIncreasedLevelOfChemicalEntityInLocation	Ok	HP:0500197				UBERON:0001359 			http://purl.obolibrary.org/obo/CHEBI_28300	glutamine						
done	ignore	HP:0500198	Decreased CSF glutamine concentration@en	Abnormally decreased levels of glutamine in cerebrospinal fluid.				Yes	abnormallyDecreasedLevelOfChemicalEntityInLocation	Ok	HP:0500198				UBERON:0001359 			http://purl.obolibrary.org/obo/CHEBI_28300	glutamine						
to do	ignore	HP:0500199	Abnormal CSF glutamate concentration@en	Any deviation from the normal concentration of glutamic acid in the cerebrospinal fluid.				Yes	abnormalLevelOfChemicalEntityInLocation	Ok	HP:0500199				UBERON:0001359 			http://purl.obolibrary.org/obo/CHEBI_14321	glutamate						
done	ignore	HP:0500200	Increased CSF glutamate concentration@en	Abnormally increased levels of glutamic acid in cerebrospinal fluid.				Yes	abnormallyIncreasedLevelOfChemicalEntityInLocation	Ok	HP:0500200				UBERON:0001359 			http://purl.obolibrary.org/obo/CHEBI_14321	glutamate						
done	ignore	HP:0500201	Decreased CSF glutamate concentration@en	Abnormally decreased levels of glutamic acid in cerebrospinal fluid.				Yes	abnormallyDecreasedLevelOfChemicalEntityInLocation	Ok	HP:0500201				UBERON:0001359 			http://purl.obolibrary.org/obo/CHEBI_14321	glutamate						
done	ignore	HP:0500202	Abnormal CSF arginine concentration@en	Any deviation from the normal concentration of arginine in the cerebrospinal fluid.				Yes	abnormalLevelOfChemicalEntityInLocation	Ok	HP:0500202				UBERON:0001359 			http://purl.obolibrary.org/obo/CHEBI_29016	arginine						
done	ignore	HP:0500203	Increased CSF arginine concentration@en	Abnormally increased levels of arginine in cerebrospinal fluid.				Yes	abnormallyIncreasedLevelOfChemicalEntityInLocation	Ok	HP:0500203				UBERON:0001359 			http://purl.obolibrary.org/obo/CHEBI_29016	arginine						
done	ignore	HP:0500204	Decreased CSF arginine concentration@en	Abnormally decreased levels of arginine in cerebrospinal fluid.				Yes	abnormallyDecreasedLevelOfChemicalEntityInLocation	Ok	HP:0500204				UBERON:0001359 			http://purl.obolibrary.org/obo/CHEBI_29016	arginine						
done	ignore	HP:0500205	Abnormal CSF aspartate family amino acid concentration@en	Any deviation from the normal concentration of aspartate-family amino acids in the cerebrospinal fluid.				Yes	abnormalLevelOfChemicalEntityInLocation	Ok	HP:0500205				UBERON:0001359 			http://purl.obolibrary.org/obo/CHEBI_22658	aspartate family amino acid						
done	ignore	HP:0500206	Abnormal CSF lysine concentration@en	Any deviation from the normal concentration of lysine in the cerebrospinal fluid.				Yes	abnormalLevelOfChemicalEntityInLocation	Ok	HP:0500206				UBERON:0001359 			http://purl.obolibrary.org/obo/CHEBI_25094	lysine						
done	ignore	HP:0500207	Decreased CSF lysine concentration@en	Abnormally decreased levels of lysine in cerebrospinal fluid.				Yes	abnormallyDecreasedLevelOfChemicalEntityInLocation	Ok	HP:0500207				UBERON:0001359 			http://purl.obolibrary.org/obo/CHEBI_25094	lysine						
done	ignore	HP:0500208	Increased CSF lysine concentration@en	Abnormally increased levels of lysine in cerebrospinal fluid.				Yes	abnormallyIncreasedLevelOfChemicalEntityInLocation	Ok	HP:0500208				UBERON:0001359 			http://purl.obolibrary.org/obo/CHEBI_25094	lysine						
done	ignore	HP:0500209	Abnormal CSF methionine concentration@en	Any deviation from the normal concentration of methionine in the cerebrospinal fluid.				Yes	abnormalLevelOfChemicalEntityInLocation	Ok	HP:0500209				UBERON:0001359 			http://purl.obolibrary.org/obo/CHEBI_16811	methionine						
done	ignore	HP:0500210	Increased CSF methionine concentration@en	Concentration of methionine in the cerebrospinal fluid above the upper limit of normal.				Yes	abnormallyIncreasedLevelOfChemicalEntityInLocation	Ok	HP:0500210				UBERON:0001359 			http://purl.obolibrary.org/obo/CHEBI_16811	methionine						
done	ignore	HP:0500211	Abnormal CSF threonine concentration@en	Any deviation from the normal concentration of threonine in the cerebrospinal fluid.				Yes	abnormalLevelOfChemicalEntityInLocation	Ok	HP:0500211				UBERON:0001359 			http://purl.obolibrary.org/obo/CHEBI_26986	threonine						
done	ignore	HP:0500212	Increased CSF threonine concentration@en	Abnormally increased levels of threonine in cerebrospinal fluid.				Yes	abnormallyIncreasedLevelOfChemicalEntityInLocation	Ok	HP:0500212				UBERON:0001359 			http://purl.obolibrary.org/obo/CHEBI_26986	threonine						
done	ignore	HP:0500213	Decreased CSF threonine concentration@en	Abnormally decreased levels of threonine in cerebrospinal fluid.				Yes	abnormallyDecreasedLevelOfChemicalEntityInLocation	Ok	HP:0500213				UBERON:0001359 			http://purl.obolibrary.org/obo/CHEBI_26986	threonine						
done	ignore	HP:0500214	Abnormal CSF aromatic amino acid concentration@en	Any deviation from the normal concentration of aromatic amino acids in the cerebrospinal fluid.				Yes	abnormalLevelOfChemicalEntityInLocation	Ok	HP:0500214				UBERON:0001359 			http://purl.obolibrary.org/obo/CHEBI_33856	aromatic amino acid						
done	ignore	HP:0500215	Abnormal CSF phenylalanine concentration@en	Any deviation from the normal concentration of phenylalanine in the cerebrospinal fluid.				Yes	abnormalLevelOfChemicalEntityInLocation	Ok	HP:0500215				UBERON:0001359 			http://purl.obolibrary.org/obo/CHEBI_28044	phenylalanine						
to do	ignore	HP:0500216	Abnormal CSF aspartate concentration@en	Any deviation from the normal concentration of aspartic acid in the cerebrospinal fluid.				Yes	abnormalLevelOfChemicalEntityInLocation	Ok	HP:0500216				UBERON:0001359 										
to do	ignore	HP:0500217	Increased CSF aspartate concentration@en	Abnormally increased levels of aspartic acid in cerebrospinal fluid.				Yes	abnormallyIncreasedLevelOfChemicalEntityInLocation	Ok	HP:0500217				UBERON:0001359 										
done	ignore	HP:0500218	Abnormal CSF tryptophan concentration@en	Any deviation from the normal concentration of tryptophan in the cerebrospinal fluid.				Yes	abnormalLevelOfChemicalEntityInLocation	Ok	HP:0500218				UBERON:0001359 			http://purl.obolibrary.org/obo/CHEBI_27897	tryptophan						
done	ignore	HP:0500219	Abnormal CSF tyrosine concentration@en	Any deviation from the normal concentration of tyrosine in the cerebrospinal fluid.				Yes	abnormalLevelOfChemicalEntityInLocation	Ok	HP:0500219				UBERON:0001359 			http://purl.obolibrary.org/obo/CHEBI_18186	tyrosine						
done	ignore	HP:0500220	Increased CSF tyrosine concentration@en	Abnormally increased levels of tyrosine in cerebrospinal fluid.				Yes	abnormallyDecreasedLevelOfChemicalEntityInLocation	Ok	HP:0500220				UBERON:0001359 			http://purl.obolibrary.org/obo/CHEBI_18186	tyrosine						
done	ignore	HP:0500221	Decreased CSF tyrosine concentration@en	Abnormally decreased levels of tyrosine in cerebrospinal fluid.				Yes	abnormallyIncreasedLevelOfChemicalEntityInLocation	Ok	HP:0500221				UBERON:0001359 			http://purl.obolibrary.org/obo/CHEBI_18186	tyrosine						
done	ignore	HP:0500222	Increased CSF tryptophan concentration@en	Abnormally increased levels of tryptophan in cerebrospinal fluid.				Yes	abnormallyIncreasedLevelOfChemicalEntityInLocation	Ok	HP:0500222				UBERON:0001359 			http://purl.obolibrary.org/obo/CHEBI_27897	tryptophan						
done	ignore	HP:0500223	Increased CSF phenylalanine concentration@en	Abnormally increased levels of phenylalanine in cerebrospinal fluid.				Yes	abnormallyIncreasedLevelOfChemicalEntityInLocation	Ok	HP:0500223				UBERON:0001359 			http://purl.obolibrary.org/obo/CHEBI_28044	phenylalanine						
done	ignore	HP:0500224	Decreased CSF phenylalanine concentration@en	Abnormally decreased levels of phenylalanine in cerebrospinal fluid.				Yes	abnormallyDecreasedLevelOfChemicalEntityInLocation	Ok	HP:0500224				UBERON:0001359 			http://purl.obolibrary.org/obo/CHEBI_28044	phenylalanine						
done	ignore	HP:0500225	Abnormal CSF serine family amino acid concentration@en	Any deviation from the normal concentration of serine-family amino acids in the cerebrospinal fluid.				Yes	abnormalLevelOfChemicalEntityInLocation	Ok	HP:0500225				UBERON:0001359 			http://purl.obolibrary.org/obo/CHEBI_26650	serine family amino acid						
done	ignore	HP:0500226	Abnormal CSF serine concentration@en	Any deviation from the normal concentration of serine in the cerebrospinal fluid.				Yes	abnormalLevelOfChemicalEntityInLocation	Ok	HP:0500226				UBERON:0001359 			http://purl.obolibrary.org/obo/CHEBI_17822	serine						
done	ignore	HP:0500227	Increased CSF serine concentration@en	Abnormally increased levels of serine in cerebrospinal fluid.				Yes	abnormallyIncreasedLevelOfChemicalEntityInLocation	Ok	HP:0500227				UBERON:0001359 			http://purl.obolibrary.org/obo/CHEBI_17822	serine						
done	ignore	HP:0500228	Decreased CSF serine concentration@en	Abnormally decreased levels of serine in cerebrospinal fluid.				Yes	abnormallyDecreasedLevelOfChemicalEntityInLocation	Ok	HP:0500228				UBERON:0001359 			http://purl.obolibrary.org/obo/CHEBI_17822	serine						
done	ignore	HP:0500229	Abnormal CSF glycine concentration@en	Any deviation from the normal concentration of glycine in the cerebrospinal fluid.				Yes	abnormalLevelOfChemicalEntityInLocation	Ok	HP:0500229				UBERON:0001359 			http://purl.obolibrary.org/obo/CHEBI_15428	glycine						
done	ignore	HP:0500230	Increased CSF glycine concentration@en	Abnormally increased levels of glycine in cerebrospinal fluid.				Yes	abnormallyIncreasedLevelOfChemicalEntityInLocation	Ok	HP:0500230				UBERON:0001359 			http://purl.obolibrary.org/obo/CHEBI_15428	glycine						
done	ignore	HP:0500231	Abnormal CSF pyruvate family amino acid concentration@en	Any deviation from the normal concentration of pyruvate-family amino acids in the cerebrospinal fluid.				Yes	abnormalLevelOfChemicalEntityInLocation	Ok	HP:0500231				UBERON:0001359 			http://purl.obolibrary.org/obo/CHEBI_26463	pyruvate family amino acid						
done	ignore	HP:0500232	Abnormal CSF alanine concentration@en	Any deviation from the normal concentration of alanine in the cerebrospinal fluid.				Yes	abnormalLevelOfChemicalEntityInLocation	Ok	HP:0500232				UBERON:0001359 			http://purl.obolibrary.org/obo/CHEBI_16449	alanine						
done	ignore	HP:0500233	Increased CSF alanine concentration@en	Abnormally increased levels of alanine in cerebrospinal fluid.				Yes	abnormallyDecreasedLevelOfChemicalEntityInLocation	Ok	HP:0500233				UBERON:0001359 			http://purl.obolibrary.org/obo/CHEBI_16449	alanine						
done	ignore	HP:0500234	Decreased CSF alanine concentration@en	Abnormally decreased levels of alanine in cerebrospinal fluid.				Yes	abnormallyDecreasedLevelOfChemicalEntityInLocation	Ok	HP:0500234				UBERON:0001359 			http://purl.obolibrary.org/obo/CHEBI_16449	alanine						
done	ignore	HP:0500235	Abnormal CSF histidine concentration@en	Any deviation from the normal concentration of histidine in the cerebrospinal fluid.				Yes	abnormalLevelOfChemicalEntityInLocation	Ok	HP:0500235				UBERON:0001359 			http://purl.obolibrary.org/obo/CHEBI_27570	histidine						
done	ignore	HP:0500236	Increased CSF histidine concentration@en	Abnormally increased levels of histidine in cerebrospinal fluid.				Yes	abnormallyIncreasedLevelOfChemicalEntityInLocation	Ok	HP:0500236				UBERON:0001359 			http://purl.obolibrary.org/obo/CHEBI_27570	histidine						
done	ignore	HP:0500237	Decreased CSF histidine concentration@en	Abnormally decreased levels of histidine in cerebrospinal fluid.				Yes	abnormallyDecreasedLevelOfChemicalEntityInLocation	Ok	HP:0500237				UBERON:0001359 			http://purl.obolibrary.org/obo/CHEBI_27570	histidine						
done	ignore	HP:0500238	Abnormal CSF albumin concentration@en	Any deviation from the normal concentration of albumin in the cerebrospinal fluid.				Yes	abnormalLevelOfChemicalEntityInLocation	Ok	HP:0500238				UBERON:0001359 			http://purl.obolibrary.org/obo/PR_000003918	albumin						
done	ignore	HP:0500239	Increased CSF albumin concentration@en					Yes	abnormallyDecreasedLevelOfChemicalEntityInLocation	Ok	HP:0500239				UBERON:0001359 			http://purl.obolibrary.org/obo/PR_000003918	albumin						
done	ignore	HP:0500240	Abnormal CSF carnosine concentration@en	Any deviation from the normal concentration of carnosine in the cerebrospinal fluid.				Yes	abnormalLevelOfChemicalEntityInLocation	Ok	HP:0500240				UBERON:0001359 			http://purl.obolibrary.org/obo/CHEBI_15727	carnosine						
done	ignore	HP:0500241	Abnormal CSF homocarnosine concentration@en	Any deviation from the normal concentration of homocarnosine in the cerebrospinal fluid.				Yes	abnormalLevelOfChemicalEntityInLocation	Ok	HP:0500241				UBERON:0001359 			http://purl.obolibrary.org/obo/CHEBI_28050	homocarnosine						
done	ignore	HP:0500242	Increased CSF homocarnosine concentration@en	Abnormally increased levels of homocarnosine in cerebrospinal fluid.				Yes	abnormallyIncreasedLevelOfChemicalEntityInLocation	Ok	HP:0500242				UBERON:0001359 			http://purl.obolibrary.org/obo/CHEBI_28050	homocarnosine						
done	ignore	HP:0500243	Abnormal CSF ornithine concentration@en	Any deviation from the normal concentration of ornithine in the cerebrospinal fluid.				Yes	abnormalLevelOfChemicalEntityInLocation	Ok	HP:0500243				UBERON:0001359 			http://purl.obolibrary.org/obo/CHEBI_18257	ornithine						
done	ignore	HP:0500244	Increased CSF ornithine concentration@en	Abnormally increased levels of ornithine in cerebrospinal fluid.				Yes	abnormallyIncreasedLevelOfChemicalEntityInLocation	Ok	HP:0500244				UBERON:0001359 			http://purl.obolibrary.org/obo/CHEBI_18257	ornithine						
done	ignore	HP:0500245	Abnormal CSF citrulline concentration@en	Any deviation from the normal concentration of citrulline in the cerebrospinal fluid.				Yes	abnormalLevelOfChemicalEntityInLocation	Ok	HP:0500245				UBERON:0001359 			http://purl.obolibrary.org/obo/CHEBI_18211	citrulline						
done	ignore	HP:0500246	Increased CSF citrulline concentration@en	Abnormally increased levels of citrulline in cerebrospinal fluid.				Yes	abnormallyIncreasedLevelOfChemicalEntityInLocation	Ok	HP:0500246				UBERON:0001359 			http://purl.obolibrary.org/obo/CHEBI_18211	citrulline						
done	ignore	HP:0500247	Abnormal CSF alpha-aminobutyrate concentration@en	Any deviation from the normal concentration of alpha-aminobutyrate in the cerebrospinal fluid.				Yes	abnormalLevelOfChemicalEntityInLocation	Ok	HP:0500247				UBERON:0001359 			http://purl.obolibrary.org/obo/CHEBI_86508	alpha-aminobutyrate						
done	ignore	HP:0500248	Increased CSF alpha-aminobutyrate concentration@en	Concentration of alpha-aminobutyrate in the cerebrospinal fluid above the upper limit of normal.				Yes	abnormallyIncreasedLevelOfChemicalEntityInLocation	Ok	HP:0500248				UBERON:0001359 			http://purl.obolibrary.org/obo/CHEBI_86508	alpha-aminobutyrate						
to do	ignore	HP:6000203	Elevated CSF cholestanol concentration	The concentration of cholestanol in the cerebrospinal fluid (CSF) is above the upper limit of normal. Cholestanol is the 5-alpha-dihydro derivative of cholesterol.				Yes	abnormallyIncreasedLevelOfChemicalEntityInLocation	Ok	HP:6000203				UBERON:0001359 										
to do	ignore	HP:6000204	Elevated CSF apolipoprotein B concentration	The concentration of apolipoprotein B in the cerebrospinal fluid (CSF) is above the upper limit of normal.				Yes	abnormallyIncreasedLevelOfChemicalEntityInLocation	Ok	HP:6000204				UBERON:0001359 										
to do	ignore	HP:6000205	Elevated CSF myelin basic protein concentration	The concentration of myelin basic protein in the cerebrospinal fluid (CSF) is above the upper limit of normal.				Yes	abnormallyIncreasedLevelOfChemicalEntityInLocation	Ok	HP:6000205				UBERON:0001359 										
to do	ignore	HP:6000206	Reduced CSF pyridoxal-5'-phosphate concentration	The concentration of pyridoxal-5'-phosphate in the cerebrospinal fluid (CSF) is below the lower limit of normal.				Yes	abnormallyDecreasedLevelOfChemicalEntityInLocation	Ok	HP:6000206				UBERON:0001359 										
to do	ignore	HP:6000207	Elevated CSF thymine concentration	The concentration of thymine in the cerebrospinal fluid (CSF) is above the upper limit of normal.				Yes	abnormallyIncreasedLevelOfChemicalEntityInLocation	Ok	HP:6000207				UBERON:0001359 										
to do	ignore	HP:6000208	Elevated CSF 5-hydroxymethyluracil concentration	The concentration of 5-hydroxymethyluracil in the cerebrospinal fluid (CSF) is above the upper limit of normal.				Yes	abnormallyIncreasedLevelOfChemicalEntityInLocation	Ok	HP:6000208				UBERON:0001359 										
to do	ignore	HP:6000209	Elevated CSF N-carbamyl-beta-aminoisobutyric acid concentration	The concentration of N-carbamyl-beta-aminoisobutyric acid in the cerebrospinal fluid (CSF) is above the upper limit of normal.				Yes	abnormallyIncreasedLevelOfChemicalEntityInLocation	Ok	HP:6000209				UBERON:0001359 										
to do	ignore	HP:6000210	Elevated CSF N-carbamyl-beta-alanine concentration	The concentration of N-carbamyl-beta-alanine in the cerebrospinal fluid is above the upper limit of normal.				Yes	abnormallyIncreasedLevelOfChemicalEntityInLocation	Ok	HP:6000210				UBERON:0001359 										
to do	ignore	HP:6000211	Elevated CSF dihydrouracil concentration	The concentration of dihydrouracil in the cerebrospinal fluid (CSF) is above the upper limit of normal.				Yes	abnormallyIncreasedLevelOfChemicalEntityInLocation	Ok	HP:6000211				UBERON:0001359 										
to do	ignore	HP:6000212	Elevated CSF dihydrothymine concentration	The concentration of dihydrothymine in the cerebrospinal fluid is above the upper limit of normal.				Yes	abnormallyIncreasedLevelOfChemicalEntityInLocation	Ok	HP:6000212				UBERON:0001359 										
to do	ignore	HP:6000238	Elevated CSF 5-amino-4-imidazolecarboxyamide concentration	The concentration of 5-amino-4-imidazolecarboxyamide in the cerebrospinal fluid (CSF) is above the upper limit of normal.				Yes	abnormallyIncreasedLevelOfChemicalEntityInLocation	Ok	HP:6000238				UBERON:0001359 										
to do	ignore	HP:6000246	Elevated CSF D-2-hydroxyglutaric acid concentration	The concentration of D-2-hydroxyglutaric acid in the cerebrospinal fluid (CSF) is above the upper limit of normal.				Yes	abnormallyIncreasedLevelOfChemicalEntityInLocation	Ok	HP:6000246				UBERON:0001359 										
to do	ignore	HP:6000270	Elevated CSF saccharopine concentration	Concentration of saccharopine in the cerebrospinal fluid (CSF) above the upper limit of normal.				Yes	abnormallyIncreasedLevelOfChemicalEntityInLocation	Ok	HP:6000270				UBERON:0001359 										
to do	ignore	HP:6000277	Elevated CSF beta-alanine concentration	The concentration of beta-alanine present in the cerebrospinal fluid (CSF) is above the upper limit of normal.				Yes	abnormallyIncreasedLevelOfChemicalEntityInLocation	Ok	HP:6000277				UBERON:0001359 										
to do	ignore	HP:6000280	Elevated CSF cystathionine concentration	Concentration of cystathionine in the cerebrospinal fluid (CSF) above the upper limit of normal.				Yes	abnormallyIncreasedLevelOfChemicalEntityInLocation	Ok	HP:6000280				UBERON:0001359 										
to do	ignore	HP:6000372	Elevated CSF D-glyceric acid concentration	The concentration of D-carboxylic acid in the cerebrospinal fluid (CSF) is above the upper limit of normal.				Yes	abnormallyIncreasedLevelOfChemicalEntityInLocation	Ok	HP:6000372				UBERON:0001359 										
to do	ignore	HP:6000394	Elevated CSF ammonia concentration	The concentration of amonia in the cerebrospinal fluid (CSF) is above the upper limit of normal.				Yes	abnormallyIncreasedLevelOfChemicalEntityInLocation	Ok	HP:6000394				UBERON:0001359 										
to do	ignore	HP:6000396	Elevated CSF guanidinoacetic acid concentration	The concentration of guanidinoacetic acid in the cerebrospinal fluid (CSF) is above the upper limit of normal.				Yes	abnormallyIncreasedLevelOfChemicalEntityInLocation	Ok	HP:6000396				UBERON:0001359 										
to do	ignore	HP:6000398	Decreased CSF 3-methoxy-4-hydroxyphenylglycolaldehyde concentration	The concentration of 3-methoxy-4-hydroxyphenylglycolaldehyde in the cerebrospinal fluid (CSF) is below the lower limit of normal.				Yes	abnormallyDecreasedLevelOfChemicalEntityInLocation	Ok	HP:6000398				UBERON:0001359 										
to do	ignore	HP:6000399	Elevated CSF alpha-crystallin B chain concentration	The concentration of alpha-crystallin B chain in the cerebrospinal fluid (CSF) is above the upper limit of normal.				Yes	abnormallyIncreasedLevelOfChemicalEntityInLocation	Ok	HP:6000399				UBERON:0001359 										
to do	ignore	HP:6000400	Reduced CSF creatine concentration	The concentration of creatine in the cerebrospinal fluid (CSF) is below the lower limit of normal.				Yes	abnormallyDecreasedLevelOfChemicalEntityInLocation	Ok	HP:6000400				UBERON:0001359 										
to do	ignore	HP:6000408	Reduced CSF asparagine concentration	The concentration of asparagine in the cerebrospinal fluid (CSF) is below the lower limit of normal.				Yes	abnormallyDecreasedLevelOfChemicalEntityInLocation	Ok	HP:6000408				UBERON:0001359 			http://purl.obolibrary.org/obo/CHEBI_22653	asparagine						
to do	ignore	HP:6000447	Decreased CSF asialotransferrin to transferrin ratio	The concentration of asialotransferrin relative to that of transferrin in the cerebrospinal fluid (CSF) is below the lower limit of normal.				Yes	abnormallyDecreasedLevelOfChemicalEntityInLocation	Ok	HP:6000447				UBERON:0001359 										
to do	ignore	HP:6000468	Elevated CSF alpha-ketoglutarate concentration	The concentration of alpha-ketoglutarate in the cerebrospinal fluid (CSF) is above the upper limit of normal.				Yes	abnormallyIncreasedLevelOfChemicalEntityInLocation	Ok	HP:6000468				UBERON:0001359 										
to do	ignore	HP:0025109	Reduced red cell pyruvate kinase level@en	Decrease in the level of pyruvate kinase (PK) within erythrocytes. PK catalyzes the reaction: ATP + pyruvate = ADP + phosphoenolpyruvate.				Yes	abnormallyDecreasedLevelOfChemicalEntityInLocation	Ok	HP:0025109				CL:0000232										
to do	ignore	HP:0034738	Reduced erythrocyte glutathione concentration	Concentration of glutathione in red blood cells below the lower limit of normal. Glutathione (GSH) is an important redox active biomolecule critical in the maintenance and regulation of cellular and organismal health.				Yes	abnormallyDecreasedLevelOfChemicalEntityInLocation	Ok	HP:0034738				CL:0000232										
done	next	HP:0410188	Decreased glucose-6-phosphate dehydrogenase level in red blood cells	A decrease in the level of glucose-6-phosphate dehydrogenase in red blood cells.				Yes	abnormallyDecreasedLevelOfChemicalEntityInLocation	Ok	HP:0410188				CL:0000232			http://purl.obolibrary.org/obo/PR_000050060	glucose-6-phosphate dehydrogenase					HP:0410188 refers to a decrease in the level of glucose-6-phosphate dehydrogenase in red blood cells .                                                	6
done	next	HP:0410189	Increased glucose-6-phosphate dehydrogenase level in red blood cells	An increase in the level of glucose-6-phosphate dehydrogenase in red blood cells.				Yes	abnormallyIncreasedLevelOfChemicalEntityInLocation	Ok	HP:0410189				CL:0000232			http://purl.obolibrary.org/obo/PR_000050060	glucose-6-phosphate dehydrogenase					HP:0410189 refers to an increase  in the level of glucose-6-phosphate dehydrogenase in red blood cells.                                                	1
done	ignore	HP:0410196	Abnormal uridine diphosphate glucose-4-epimerase level in red blood cells	An abnormality in uridine diphosphate glucose-4-epimerase level in red blood cells. Uridine diphosphate glucose-4-epimerase catalyzes the reaction: UDP-glucose = UDP-galactose.				Yes	abnormalLevelOfChemicalEntityInLocation	Ok	HP:0410196				CL:0000232			http://purl.obolibrary.org/obo/PR_000007812	UDP-glucose 4-epimerase						
done	ignore	HP:0410197	Increased uridine diphosphate glucose-4-epimerase level in red blood cells	An increase in uridine diphosphate glucose-4-epimerase level in red blood cells. Uridine diphosphate glucose-4-epimerase catalyzes the reaction: UDP-glucose = UDP-galactose.				Yes	abnormallyIncreasedLevelOfChemicalEntityInLocation	Ok	HP:0410197				CL:0000232			http://purl.obolibrary.org/obo/PR_000007812	UDP-glucose 4-epimerase						
done	ignore	HP:0410198	Decreased uridine diphosphate glucose-4-epimerase level in red blood cells	A decrease in uridine diphosphate glucose-4-epimerase level in red blood cells. Uridine diphosphate glucose-4-epimerase catalyzes the reaction: UDP-glucose = UDP-galactose.				Yes	abnormallyDecreasedLevelOfChemicalEntityInLocation	Ok	HP:0410198				CL:0000232			http://purl.obolibrary.org/obo/PR_000007812	UDP-glucose 4-epimerase						
to do	ignore	HP:4000184	Reduced erythrocyte adenosine triphosphate concentration@en	Concentration of adenosine triphosphate (ATP) in red blood cells (erythrocytes) below the lower limit of normal.				Yes	abnormallyDecreasedLevelOfChemicalEntityInLocation	Ok	HP:4000184				CL:0000232										
to do	ignore	HP:4000186	Elevated erythrocyte adenosine triphosphate concentration@en	Concentration of adenosine triphosphate (ATP) in red blood cells (erythrocytes) above the upper limit of normal.				Yes	abnormallyIncreasedLevelOfChemicalEntityInLocation	Ok	HP:4000186				CL:0000232										
to do	ignore	HP:4000199	Reduced erythrocyte porphobilinogen deaminase activity@en	Activity or concentration of in the level of porphobilinogen deaminase (EC 4.3.1.8) in erythrocytes below the lower limit of normal.				Yes	activity	Ok	HP:4000199				CL:0000232										
to do	ignore	HP:4000203	Reduced erythrocyte arginase activity@en	Activity or concentration of arginase (EC 3.5.3.1) in red blood cells below the lower limit of normal. Arginase catalyzes the last step of the urea cycle.				Yes	activity	Ok	HP:4000203				CL:0000232										
to do	ignore	HP:4000208	Reduced erythrocyte galactose-1-phosphate uridylyltransferase activity@en	Activity or concentration of in the level of galactose-1-phosphate uridylyltransferase (GALT; EC 2.7.7.12) in erythrocytes below the lower limit of normal.				Yes	activity	Ok	HP:4000208				CL:0000232										
to do	ignore	HP:4000209	Abnormal erythrocyte adenosine deaminase activity@en	Activity of adenosine deaminase in red blood cells outside the limits of normal.				Yes	activity	Ok	HP:4000209				CL:0000232										
to do	ignore	HP:6000132	Reduced erythrocyte gamma-glutamyl cysteine synthetase activity	Activity of gamma-glutamylcysteine synthetase (EC 6.3.2.2) in erythrocytes below the lower limit of normal.				Yes	activity	Ok	HP:6000132				CL:0000232										
to do	ignore	HP:0500115	Increased stool urobilinogen concentration	An increased amount of urobilinogen present in the stool.				Yes	abnormallyIncreasedLevelOfChemicalEntityInLocation	Ok	HP:0500115				UBERON:0001988										
to do	ignore	HP:0031552	Reduced fibroblast surface marker level	Reduced level of a protein that is normally present on the fibroblast surface as assessed by flow cytometry.				Yes	abnormallyDecreasedLevelOfChemicalEntityInLocation	Ok	HP:0031552				CL:0000057										
to do	ignore	HP:0031557	Reduced fibroblast CD55 level	Reduced level of CD55 on the fibroblast surface as assessed by flow cytometry.				Yes	abnormallyDecreasedLevelOfChemicalEntityInLocation	Ok	HP:0031557				CL:0000057										
to do	ignore	HP:0031558	Reduced fibroblast CD59 level	Reduced level of CD59 on the fibroblast surface as assessed by flow cytometry.				Yes	abnormallyDecreasedLevelOfChemicalEntityInLocation	Ok	HP:0031558				CL:0000057										
to do	ignore	HP:0031559	Reduced fibroblast CD16 level	Reduced level of CD16 on the fibroblast surface as assessed by flow cytometry.				Yes	abnormallyDecreasedLevelOfChemicalEntityInLocation	Ok	HP:0031559				CL:0000057										
done	ignore	HP:0410157	Increased level of N-acetylneuraminic acid in fibroblasts	An increase in the level of N-acetylneuraminic acid in cultured fibroblasts.				Yes	abnormallyIncreasedLevelOfChemicalEntityInLocation	Ok	HP:0410157				CL:0000057			http://purl.obolibrary.org/obo/CHEBI_17012	N-acetylneuraminic acid						
to do	ignore	HP:0410352	Increased complex N-glycan level	An abnormal increase in the concentration of complex N-glycans on glycoproteins.				Yes	abnormallyIncreasedLevelOfChemicalEntityInLocation	Ok	HP:0410352				Unknown										
to do	ignore	HP:0410353	Decreased complex N-glycan level	An abnormal decrease in the concentration of complex N-glycans on glycoproteins.				Yes	abnormallyDecreasedLevelOfChemicalEntityInLocation	Ok	HP:0410353				Unknown										
to do	ignore	HP:0031553	Reduced granulocyte surface marker level	Reduced level of a protein that is normally present on the granulocyte surface as assessed by flow cytometry.				Yes	abnormallyDecreasedLevelOfChemicalEntityInLocation	Ok	HP:0031553				CL:0000094										
to do	ignore	HP:0031554	Reduced granulocyte CD55 level	Reduced level of CD55 on the granulocyte surface as assessed by flow cytometry.				Yes	abnormallyDecreasedLevelOfChemicalEntityInLocation	Ok	HP:0031554				CL:0000095										
to do	ignore	HP:0031555	Reduced granulocyte CD59 level	Reduced level of CD59 on the granulocyte surface as assessed by flow cytometry.				Yes	abnormallyDecreasedLevelOfChemicalEntityInLocation	Ok	HP:0031555				CL:0000096										
to do	ignore	HP:0031556	Reduced granulocyte CD16 level	Reduced level of CD16 on the granulocyte surface as assessed by flow cytometry.				Yes	abnormallyDecreasedLevelOfChemicalEntityInLocation	Ok	HP:0031556				CL:0000097										
to do	ignore	HP:6000472	Decreased Wiskott-Aldrich syndrome protein concentration in hematopoietic cells	The concentration of Wiskott-Aldrich syndrome protein in hematopoietic cells is below the lower limit of normal. This feature is measured by flow cytometry or Western blotting.				Yes	abnormallyDecreasedLevelOfChemicalEntityInLocation	Ok	HP:6000472				CL:0000988										
to do	ignore	HP:0034859	Reduced leukocyte beta-glucuronidase activity	Concentration or activity of an beta-glucuronidase as measured in leukocytes is below the limits of normal.				Yes	activity	Ok	HP:0034859				CL:0000738										
to do	ignore	HP:0034861	Reduced leukocyte arylsulfatase B activity	Concentration or activity of an arylsulfatase B as measured in leukocytes is below the limits of normal.				Yes	activity	Ok	HP:0034861				CL:0000738										
to do	ignore	HP:0034862	Reduced leukocyte steroid sulfatase activity	Concentration or activity of an arylsulfatase C as measured in leukocytes is below the limits of normal.				Yes	activity	Ok	HP:0034862				CL:0000738										
to do	ignore	HP:0034863	Reduced leukocyte arylsulfatase A activity	Concentration or activity of the lysosomal enzyme arylsulfatase A (EC 3.1.6.8) as measured in leukocytes is below the limits of normal.				Yes	activity	Ok	HP:0034863				CL:0000738										
to do	next	HP:0410183	Abnormal glucose-6-phosphate dehydrogenase level in leukocytes	An anomaly in the level of glucose-6-phosphate dehydrogenase in leukocytes.				Yes	abnormalLevelOfChemicalEntityInLocation	OK	HP:0410183				CL:0000738			http://purl.obolibrary.org/obo/PR_000007749	glucose-6-phosphate 1-dehydrogenase					HP:0410183 refers to an anomaly in the level of glucose-6-phosphate dehydrogenase in leukocytes.                                                	1
to do	next	HP:0410190	Decreased glucose-6-phosphate dehydrogenase level in leukocytes	A decrease in the level of glucose-6-phosphate dehydrogenase in leukocytes.				Yes	abnormallyDecreasedLevelOfChemicalEntityInLocation	Ok	HP:0410190				CL:0000738			http://purl.obolibrary.org/obo/PR_000007749	glucose-6-phosphate 1-dehydrogenase					HP:0410190 refers to a decrease in the level of glucose-6-phosphate dehydrogenase in leukocytes.                                                	1
to do	next	HP:0410191	Increased glucose-6-phosphate dehydrogenase level in leukocytes	An increase in the level of glucose-6-phosphate dehydrogenase in leukocytes.				Yes	abnormallyIncreasedLevelOfChemicalEntityInLocation	Ok	HP:0410191				CL:0000738			http://purl.obolibrary.org/obo/PR_000007749	glucose-6-phosphate 1-dehydrogenase					HP:0410191 refers to an increase in the level of glucose-6-phosphate dehydrogenase in leukocytes.                                                	1
to do	ignore	HP:4000190	Reduced leukocyte alpha-mannosidase activity@en	Concentration or activity of an alpha-mannosidase as measured in leukocytes is below the limits of normal.				Yes	activity	Ok	HP:4000190				CL:0000738										
to do	ignore	HP:4000192	Reduced leukocyte cathepsin D activity@en	Concentration or activity of cathepsin D as measured in leukocytes is below the limits of normal. The reduction in cathepsin D activity can also be measured in fibroblasts.				Yes	activity	Ok	HP:4000192				CL:0000738										
to do	ignore	HP:4000193	Reduced leukocyte N-sulfoglucosamine sulfohydrolase activity@en	Concentration or activity of N-sulfoglucosamine sulfohydrolase as measured in leukocytes is below the limits of normal.				Yes	activity	Ok	HP:4000193				CL:0000738										
to do	ignore	HP:6000375	Reduced neutrophil myeloperoxidase activity	Concentration or activity of myeloperoxidase (EC 1.11.1.7) as measured in neutrophils is below the limits of normal.				Yes	activity	Ok	HP:6000375				CL:0000738										
done	ignore	HP:0012465	Elevated hepatic iron concentration	An increased level of iron in liver tissues.				Yes	abnormallyIncreasedLevelOfChemicalEntityInLocation	Ok	HP:0012465				UBERON:0002107			http://purl.obolibrary.org/obo/CHEBI_18248	iron atom						
done	ignore	HP:0025321	Copper accumulation in liver@en	An anomalous build up of copper (Cu) in the liver.				Yes	abnormallyIncreasedLevelOfChemicalEntityInLocation	Ok	HP:0025321				UBERON:0002107			http://purl.obolibrary.org/obo/CHEBI_28694	copper atom						
to do	ignore	HP:0031137	Storage in hepatocytes	Hepatocytes (liver parenchymal cells) exhibit a bloated appearance because of expansion of the cytoplasm by accumulated material.				Yes	process	Ok	HP:0031137				UBERON:0002107			http://purl.obolibrary.org/obo/CHEBI_50860	organic molecular entity						
to do	ignore	HP:0034686	Reduced hepatic urocanase activity	Activity of urocanase in the liver below the lower limit of normal.				Yes	activity	Ok	HP:0034686				UBERON:0002107										
to do	ignore	HP:0034693	Reduced hepatic methionine adenosyltransferase activity	Activity of methionine adenosyltransferase in the liver below the lower limit of normal. Note that there are multiple methionine adenosyltransferase isoezymes.				Yes	activity	Ok	HP:0034693				UBERON:0002107										
to do	ignore	HP:0034706	Reduced hepatic D-glycerate kinase activity	Activity of D-glycerate kinase in the liver below the lower limit of normal.				Yes	activity	Ok	HP:0034706				UBERON:0002107										
to do	ignore	HP:0034830	Reduced hepatic fructose-1,6-phosphate aldolase activity	Concentration or activity of fructose 1,6-bisphosphate aldolase in liver tissue below the lower limit of normal.				Yes	activity	Ok	HP:0034830				UBERON:0002107										
to do	ignore	HP:0034919	Reduced liver 2,4-dienoyl-CoA reductase activity	Diminished activity of the enzyme 2,4-dienoyl-CoA reductase in liver tissue.				Yes	activity	Ok	HP:0034919				UBERON:0002107										
to do	ignore	HP:0034923	Reduced liver carboxylesterase 1 activity	Activity of the enzyme carboxylesterase 1 in liver tissue below the lower limit of normal.				Yes	activity	Ok	HP:0034923				UBERON:0002107										
to do	ignore	HP:0034929	Reduced hepatic cystathionine gamma-lyase activity	Activity of cystathionine gamma-lyase in the liver below the lower limit of normal.				Yes	activity	Ok	HP:0034929				UBERON:0002107										
to do	ignore	HP:0034957	Reduced hepatic glycogen debrancher enzyme activity	Activity of glycogen debrancher enzyme (also known as amylo-1,6-glucosydase, 4-alpha-glucantransferase) in liver tissue below the lower limit of normal.				Yes	activity	Ok	HP:0034957				UBERON:0002107										
to do	ignore	HP:0034995	Reduced hepatic fructose-1,6-bisphosphatase activity	Activity of fructose-1,6-bisphosphatase (EC 3.1.3.11) in the liver below the lower limit of normal.				Yes	activity	Ok	HP:0034995				UBERON:0002107										
to do	ignore	HP:0034996	Reduced hepatic carbamoylphosphate synthetase 1 activity	Activity of carbamoylphosphate synthetase 1 in the liver below the lower limit of normal.				Yes	activity	Ok	HP:0034996				UBERON:0002107										
to do	ignore	HP:0035005	Reduced hepatic alanine-glyoxylate aminotransferase activity	Activity of alanine-glyoxylate aminotransferase in the liver below the lower limit of normal.				Yes	activity	Ok	HP:0035005				UBERON:0002107										
done	ignore	HP:0040134	Abnormal hepatic iron concentration					Yes	abnormalLevelOfChemicalEntityInLocation	Ok	HP:0040134				UBERON:0002107			http://purl.obolibrary.org/obo/CHEBI_18248	iron atom						
to do	ignore	HP:6000082	Reduced hepatic beta-ureidopropionase activity	Activity of beta-ureidopropionase in the liver below the lower limit of normal.				Yes	activity	Ok	HP:6000082				UBERON:0002107										
to do	ignore	HP:6000083	Reduced hepatic dihydropyrimidinase activity	Activity of dihydropyrimidinase in the liver below the lower limit of normal.				Yes	activity	Ok	HP:6000083				UBERON:0002107										
to do	ignore	HP:6000161	Reduced hepatic N-acetylglutamate synthase activity	Concentration or activity of N-acetylglutamate synthase in liver tissue below the lower limit of normal.				Yes	activity	Ok	HP:6000161				UBERON:0002107										
to do	ignore	HP:6000200	Reduced hepatic glucose-6-phosphatase activity	Activity of glucose-6-phosphatase (EC 3.1.3.9) in the liver below the lower limit of normal.				Yes	activity	Ok	HP:6000200				UBERON:0002107										
to do	ignore	HP:6000201	Reduced hepatic glucose-6-phosphate translocase activity	Activity of glucose-6-phosphate translocase in liver below the lower limit of normal.				Yes	activity	Ok	HP:6000201				UBERON:0002107										
to do	ignore	HP:6000333	Reduced hepatic phosphorylase kinase activity	Activity of phosphorylase kinase in liver tissue below the lower limit of normal. Phosphorylase kinase (PhK) has a major regulatory role in the breakdown of glycogen. The enzyme PhK comprises four copies each of four subunits, encoded by PHKA1, PHKA2, PHKB, and PHKG.				Yes	activity	Ok	HP:6000333				UBERON:0002107										
to do	ignore	HP:6000334	Reduced hepatic ornithine transcarbamylase activity	Activity or concentration of ornithine transcarbamylase in the liver below the lower limit of normal.				Yes	activity	Ok	HP:6000334				UBERON:0002107										
to do	ignore	HP:0009058	Increased muscle lipid content	An abnormal accumulation of lipids in skeletal muscle.				Yes	abnormallyIncreasedLevelOfChemicalEntityInLocation	Ok	HP:0009058				UBERON:0001630			http://purl.obolibrary.org/obo/CHEBI_18059	lipid						
to do	ignore	HP:0012269	Abnormal muscle glycogen content	Any anomaly in the amount of glycogen in muscle tissue.				Yes	abnormalLevelOfChemicalEntityInLocation	Ok	HP:0012269				UBERON:0001630			http://purl.obolibrary.org/obo/CHEBI_28087	glycogen						
to do	ignore	HP:0030362	Reduced muscle carnitine level	A reduction in the level of carnitine in muscle tissue.				Yes	abnormallyDecreasedLevelOfChemicalEntityInLocation	Ok	HP:0030362				UBERON:0001630										
to do	ignore	HP:0034369	Decreased level of coenzyme Q10 in skeletal muscle	Reduced amount of coenzyme Q10,a naturally occurring quinone, in skeletal muscle tissue.				Yes	abnormallyDecreasedLevelOfChemicalEntityInLocation	Ok	HP:0034369				UBERON:0001630										
to do	ignore	HP:0034370	Abnormal muscle tissue metabolite concentration					Yes	abnormalLevelOfChemicalEntityInLocation	Ok	HP:0034370				UBERON:0001630										
to do	ignore	HP:0034511	Reduced muscle aconitase activity	Diminished activity of the enzyne aconitase in muscle tissue.				Yes	activity	Ok	HP:0034511				UBERON:0001630										
to do	ignore	HP:0034790	Abnormal muscle succinate dehydrogenase staining	Any deviation from the normal amount of staining of succinate dehydrogenase in skeletal muscle tissue.				Yes	method_observed	Ok	HP:0034790				UBERON:0001630										
to do	ignore	HP:0034828	Reduced muscle laminin alpha-2 chain staining	A decreased amount of laminin alpha-2 chain in muscle tissue. This feature can be shown by immunohistochemistry or Western blotting of muscle tissue.				Yes	method_observed	Ok	HP:0034828				UBERON:0001630										
to do	ignore	HP:0034928	Decreased muscle lipoic acid content	Reduced amount of lipoic acid in muscle tissue.				Yes	abnormallyDecreasedLevelOfChemicalEntityInLocation	Ok	HP:0034928				UBERON:0001630										
to do	ignore	HP:6000230	Decreased muscle caveolin-3 level	The amount of calveolin-3 in muscle tissue is below the lower limit of normal.				Yes	abnormallyDecreasedLevelOfChemicalEntityInLocation	Ok	HP:6000230				UBERON:0001630										
to do	ignore	HP:6000292	Elevated tissue sphingomyelin concentration	Concentration of sphoingomyelin in tissues above the upper limit of normal.				Yes	abnormallyIncreasedLevelOfChemicalEntityInLocation	Ok	HP:6000292				UBERON:0001630										
to do	ignore	HP:0003164	Hypothalamic gonadotropin-releasing hormone deficiency					Yes	abnormallyDecreasedLevelOfChemicalEntityInLocation	Ok	HP:0003164				UBERON:0000178										
to do	ignore	HP:0003240	Increased phosphoribosylpyrophosphate synthetase level	Abnormally elevated level of the enzyme phosphoribosyl pyrophosphatesynthetase, which catalyzes the synthesis of PP-ribose-P from ATP and ribose-5-phosphate.				Yes	abnormallyIncreasedLevelOfChemicalEntity	Ok	HP:0003240				UBERON:0000178										
to do	ignore	HP:0031208	Increased pituitary glycoprotein hormone alpha subunit level	An increased concentration of circulating alpha polypeptide of glycoprotein hormones (NCBI Gene 1081). This alpha subunit is common to luteinizing hormone (LH) , follicle stimulating hormone (FSH) , thyroid stimulating hormone (TSH) and human chorionic gonadotropin (hCG), which are glycoprotein hormones composed of an identical alpha subunit together with a beta subunit that confers biological specificity. The alpha subunit is used as a marker for tumors that produce these hormones.				Yes	abnormallyIncreasedLevelOfChemicalEntityInLocation	Ok	HP:0031208				UBERON:0000178										
to do	ignore	HP:0031822	Elevated hypoxanthine-guanine phosphoribosyltransferase level	Abnormally increased level of the enzyme that catalyzes conversion of hypoxanthine to inosine monophosphate and guanine to guanosine monophosphate via transfer of the 5-phosphoribosyl group from 5-phosphoribosyl 1-pyrophosphate.				Yes	abnormallyIncreasedLevelOfChemicalEntityInLocation	Ok	HP:0031822				UBERON:0000178										
to do	ignore	HP:0031823	Reduced hypoxanthine-guanine phosphoribosyltransferase level	Abnormally decreased level of the enzyme that catalyzes conversion of hypoxanthine to inosine monophosphate and guanine to guanosine monophosphate via transfer of the 5-phosphoribosyl group from 5-phosphoribosyl 1-pyrophosphate.				Yes	abnormallyDecreasedLevelOfChemicalEntityInLocation	Ok	HP:0031823				UBERON:0000178										
to do	ignore	HP:0031836	Increased superoxide dismutase level	Increased level of catalysis of the reaction: 2 superoxide + 2 H+ = O2 + hydrogen peroxide.				Yes	abnormallyIncreasedLevelOfChemicalEntityInLocation	Ok	HP:0031836				UBERON:0000178										
to do	ignore	HP:0031837	Decreased superoxide dismutase level	Decreased level of catalysis of the reaction: 2 superoxide + 2 H+ = O2 + hydrogen peroxide.				Yes	abnormallyDecreasedLevelOfChemicalEntityInLocation	Ok	HP:0031837				UBERON:0000178										
to do	ignore	HP:0034445	Reduced gamma-glutamyltransferase level	Decreased level of the enzyme gamma-glutamyltransferase (GGT). GGT is mainly present in kidney, liver, and pancreatic cells, but small amounts are present in other tissues.				Yes	abnormallyDecreasedLevelOfChemicalEntity	? in circulation	HP:0034445				UBERON:0000178										
to do	ignore	HP:0034698	Abnormal aromatase activity	Aromatase activity outside of the normal range.				Yes	activity	Ok	HP:0034698				NONE										
to do	ignore	HP:0040179	Decreased level of platelet-activating factor					Yes	abnormallyDecreasedLevelOfChemicalEntityInLocation	Ok	HP:0040179				UBERON:0000178										
to do	ignore	HP:0041077	Increased immunoglobulin level in body fluid	An elevation from normal levels of immunoglobulins in body fluids, such as mucous.				Yes	abnormallyIncreasedLevelOfChemicalEntityInLocation	Ok	HP:0041077				UBERON:0006314										
to do	ignore	HP:0041078	Decreased immunoglobulin level in body fluid	An reduction from normal levels of immunoglobulins in body fluids, such as mucous.				Yes	abnormallyDecreasedLevelOfChemicalEntityInLocation	Ok	HP:0041078				UBERON:0006314										
done	ignore	HP:0045061	Decreased carnitine level in liver					Yes	abnormallyDecreasedLevelOfChemicalEntityInLocation	Ok	HP:0045061				UBERON:0002107			http://purl.obolibrary.org/obo/CHEBI_17126	carnitine						
to do	ignore	HP:0410220	Increased anti-dairy protein IgE antibody level	Increased level of IgE antibody against dairy proteins, including casein, alpha-lactalbumin, beta-lactoglobulin or bovine serum albumin contained in cow, sheep or goat milk and milk products.				Yes	abnormallyIncreasedLevelOfChemicalEntityInLocation	OK	HP:0410220				UBERON:0000178										
to do	ignore	HP:0410222	Increased anti-seafood IgE antibody level	Increased level of IgE antibody against seafood, including fish, shrimp, lobster, crab, squid and abalone.				Yes	abnormallyIncreasedLevelOfChemicalEntityInLocation	OK	HP:0410222				UBERON:0000178										
to do	ignore	HP:0410228	Increased anti-plant based food allergen IgE antibody level	Increased level of IgE antibody against a plant based food allergen, including vegetables and fruits.				Yes	abnormallyIncreasedLevelOfChemicalEntityInLocation	OK	HP:0410228				UBERON:0000178										
to do	ignore	HP:0410229	Increased anti-gluten IgE antibody level	Increased level of IgE antibody against gluten, a protein found in wheat, barley, and rye.				Yes	abnormallyIncreasedLevelOfChemicalEntityInLocation	OK	HP:0410229				UBERON:0000178										
to do	ignore	HP:0410230	Increased anti-nut food product IgE antibody level	Increased level of IgE antibody against nut food products such as peanuts or tree nuts, such as hazelnuts, walnuts, cashews, and almonds.				Yes	abnormallyIncreasedLevelOfChemicalEntityInLocation	OK	HP:0410230				UBERON:0000178										
to do	ignore	HP:0410231	Increased anti-egg IgE antibody level	Increased level of IgE antibody against eggs, including egg whites, egg yolks, and egg proteins such as ovoalbumin and ovomucoid.				Yes	abnormallyIncreasedLevelOfChemicalEntityInLocation	OK	HP:0410231				UBERON:0000178										
to do	ignore	HP:0410233	Increased anti-meat allergen IgE antibody level	Increased level of IgE antibody against meat, such as mammalian meat, including beef or pork, or poultry, like duck or chicken.				Yes	abnormallyIncreasedLevelOfChemicalEntityInLocation	OK	HP:0410233				UBERON:0000178										
to do	ignore	HP:0410236	Increased anti-venom IgE antibody level	Increased level of IgE antibody against venom from insects such as bees, wasps, hornets, yellowjackets.				Yes	abnormallyIncreasedLevelOfChemicalEntityInLocation	OK	HP:0410236				UBERON:0000178										
to do	ignore	HP:0410247	Increased anti-animal dander IgE antibody level	Increased level of IgE antibody against animal dander, tiny scales shed from animal skin or hair, such as from pet dogs or cats.				Yes	abnormallyIncreasedLevelOfChemicalEntityInLocation	OK	HP:0410247				UBERON:0000178										
to do	ignore	HP:0410248	Increased anti-house dust mite IgE antibody level	Increased level of IgE antibody against house dust mites, a common allergen.				Yes	abnormallyIncreasedLevelOfChemicalEntityInLocation	OK	HP:0410248				UBERON:0000178										
to do	ignore	HP:0500013	Lack of gonadotropin-releasing hormone pulsatility	Secretion of gonadotropin-releasing hormone that does not occur in a pulsatile fashion.				Yes	process	Ok	HP:0500013				UBERON:0000178										
to do	ignore	HP:0032980	Absent bronchoalveolar surfactant-protein C	Significantly decreased level or failed detection of surfactant protein C in broncho-alveolar lavage fluid. Comment: Pulmonary surfactant is a highly surface-active mixture of proteins and lipids that is synthesized and secreted onto the alveoli by type II epithelial cells. The protein part of surfactant constitutes of four types of surfactant proteins (SP), SP-A, SP-B, SP-C and SP-D. SP-A and SP-D are hydrophilic proteins that regulate surfactant metabolism and have immunologic functions, whereas SP-B and SP-C are hydrophobic molecules, which play a direct role in the organization of the surfactant structure in the interphase and in the stabilization of the lipid layers during the respiratory cycle. Lack of SP-C may result of surfactant metabolism dysfunction and is also observed in patients with other diffuse parenchymal lung diseases, pathogenetically related to the alveolar surfactant region.				Yes	abnormalAbsenceOfChemicalEntityInLocation	OK	HP:0032980				UBERON:0001087										
to do	ignore	HP:0032981	Absent bronchoalveolar dimeric surfactant-protein B	Significantly decreased level or failed detection of surfactant protein B in broncho-alveolar lavage fluid.				Yes	abnormalAbsenceOfChemicalEntityInLocation	OK	HP:0032981				UBERON:0001087										
to do	ignore	HP:0033013	Abnormal salivary cortisol level	Any deviation from the normal concentration of cortisol in saliva.				Yes	abnormalLevelOfChemicalEntityInLocation	Ok	HP:0033013				UBERON:0001836										
to do	ignore	HP:0033014	Decreased salivary cortisol level	Abnormally reduced concentration of cortisol in saliva.				Yes	abnormallyDecreasedLevelOfChemicalEntityInLocation	Ok	HP:0033014				UBERON:0001836										
to do	ignore	HP:0033015	Increased salivary cortisol level	Abnormally elevated concentration of cortisol in saliva.				Yes	abnormallyIncreasedLevelOfChemicalEntityInLocation	Ok	HP:0033015				UBERON:0001836										
to do	ignore	HP:0008167	Very long chain fatty acid accumulation					Yes	abnormallyIncreasedLevelOfChemicalEntity	Ok	HP:0008167				UBERON:0000479										
to do	ignore	HP:0010968	Abnormality of liposaccharide metabolism	An abnormality of liposaccharide metabolism.				Yes	process	Ok	HP:0010968				UBERON:0000479	http://purl.obolibrary.org/obo/GO_1903509	liposaccharide metabolic process								
to do	ignore	HP:0010969	Abnormality of glycolipid metabolism	An abnormality of glycolipid metabolism.				Yes	process	Ok	HP:0010969				UBERON:0000479	http://purl.obolibrary.org/obo/GO_0006664	glycolipid metabolic process								
to do	next	HP:0410184	Abnormal glucose-6-phosphate dehydrogenase level in red blood cells	An anomaly in the level of glucose-6-phosphate dehydrogenase in red blood cells.				Yes	abnormalLevelOfChemicalEntityInLocation	OK	HP:0410184				UBERON:0000479			http://purl.obolibrary.org/obo/PR_000007749	glucose-6-phosphate 1dehydrogenase					HP:0410184 refers to an anomaly in the level of glucose-6-phosphate dehydrogenase in red blood cells.	1
done	next	HP:0410185	Abnormal glucose-6-phosphate dehydrogenase level in tissue	An anomaly in the level of glucose-6-phosphate dehydrogenase in tissue.				Yes	abnormalLevelOfChemicalEntityInLocation	OK	HP:0410185				UBERON:0000479			http://purl.obolibrary.org/obo/PR_000007749	glucose-6-phosphate 1-dehydrogenase					HP:0410185 refers to an anomaly in the level of glucose-6-phosphate dehydrogenase in tissue.	1
done	next	HP:0410186	Increased glucose-6-phosphate dehydrogenase level in tissue	An increase in the level of glucose-6-phosphate dehydrogenase in tissue.				Yes	abnormallyIncreasedLevelOfChemicalEntityInLocation	Ok	HP:0410186				UBERON:0000479			http://purl.obolibrary.org/obo/PR_000007749	glucose-6-phosphate 1-dehydrogenase					HP:0410186 refers to an increase in the level of glucose-6-phosphate dehydrogenase in tissue.	1
to do	next	HP:0410187	Decreased glucose-6-phosphate dehydrogenase level in tissue	A decrease in the level of glucose-6-phosphate dehydrogenase in tissue.				Yes	abnormallyDecreasedLevelOfChemicalEntityInLocation	Ok	HP:0410187				UBERON:0000479			http://purl.obolibrary.org/obo/PR_000007749	glucose-6-phosphate 1-dehydrogenase					HP:0410187 refers to a decrease in the level of glucose-6-phosphate dehydrogenase in tissue.	1
to do	ignore	HP:0000093	Proteinuria	Increased levels of protein in the urine.				Yes	abnormallyIncreasedLevelOfChemicalEntityInLocation	Ok	HP:0000093				UBERON:0001088			http://purl.obolibrary.org/obo/CHEBI_36080	protein						
to do	ignore	HP:0000117	Renal phosphate wasting	High urine phosphate in the presence of hypophosphatemia.				Yes	combination_phenotype	Ok	HP:0000117				 UBERON:0001088										
to do	ignore	HP:0000127	Renal salt wasting	A high concentration of one or more electrolytes in the urine in the presence of low serum concentrations of the electrolyte(s).				Yes	combination_phenotype	Ok	HP:0000127				 UBERON:0001088										
to do	ignore	HP:0000128	Renal potassium wasting	High urine potassium in the presence of hypokalemia.				Yes	combination_phenotype	Ok	HP:0000128				 UBERON:0001088										
done	ignore	HP:0001992	Organic aciduria	Excretion of non-amino organic acids in urine.				Yes	abnormallyIncreasedLevelOfChemicalEntityInLocation	Ok	HP:0001992				 UBERON:0001088			http://purl.obolibrary.org/obo/CHEBI_64709	organic acid						
done	ignore	HP:0002150	Hypercalciuria					Yes	abnormallyIncreasedLevelOfChemicalEntityInLocation	Ok	HP:0002150				 UBERON:0001088			http://purl.obolibrary.org/obo/CHEBI_22984	calcium atom						
done	ignore	HP:0002156	Homocystinuria	An increased concentration of homocystine in the urine.				Yes	abnormallyIncreasedLevelOfChemicalEntityInLocation	OK	HP:0002156				 UBERON:0001088			http://purl.obolibrary.org/obo/CHEBI_17485	homocystine						
done	ignore	HP:0002159	Heparan sulfate excretion in urine	An increased concentration of heparan sulfates in the urine.				Yes	abnormallyIncreasedLevelOfChemicalEntityInLocation	OK	HP:0002159				 UBERON:0001088			http://purl.obolibrary.org/obo/CHEBI_28815	heparan sulfate						
to do	ignore	HP:0002909	Generalized aminoaciduria	An increased concentration of all types of amino acid in the urine.				Yes	abnormallyIncreasedLevelOfChemicalEntityInLocation	Ok	HP:0002909				 UBERON:0001088										
done	ignore	HP:0002913	Myoglobinuria	Presence of myoglobin in the urine.				Yes	abnormallyIncreasedLevelOfChemicalEntityInLocation	Ok	HP:0002913				 UBERON:0001088			http://purl.obolibrary.org/obo/CHEBI_7044	myoglobin						
done	ignore	HP:0002914	Hyperchloriduria	An increased concentration of chloride in the urine.				Yes	abnormallyIncreasedLevelOfChemicalEntityInLocation	Ok	HP:0002914				 UBERON:0001088			http://purl.obolibrary.org/obo/CHEBI_17996	chloride						
done	ignore	HP:0002919	Ketonuria	High levels of ketone bodies (acetoacetic acid, beta-hydroxybutyric acid, and acetone) in the urine. Ketone bodies are insignificant in the blood and urine of normal individuals in the postprandial or overnight-fasted state.				Yes	abnormallyIncreasedLevelOfChemicalEntityInLocation	Ok	HP:0002919				 UBERON:0001088			http://purl.obolibrary.org/obo/CHEBI_17087	ketone						
done	ignore	HP:0002927	Histidinuria	An increased concentration of histidine in the urine.				Yes	abnormallyIncreasedLevelOfChemicalEntityInLocation	OK	HP:0002927				 UBERON:0001088			http://purl.obolibrary.org/obo/CHEBI_27570	histidine						
done	ignore	HP:0003076	Glycosuria	An increased concentration of glucose in the urine.				Yes	abnormallyIncreasedLevelOfChemicalEntityInLocation	Ok	HP:0003076				 UBERON:0001088			http://purl.obolibrary.org/obo/CHEBI_17234	glucose						
to do	ignore	HP:0003080	Hydroxyprolinuria	An increased concentration of 4-hydroxy-L-proline in the urine.				Yes	abnormallyIncreasedLevelOfChemicalEntityInLocation	OK	HP:0003080				 UBERON:0001088			http://purl.obolibrary.org/obo/CHEBI_24741	hydroxyproline						
done	ignore	HP:0003081	Increased urinary potassium	An increased concentration of potassium(1+) in the urine.				Yes	abnormallyIncreasedLevelOfChemicalEntityInLocation	Ok	HP:0003081				 UBERON:0001088			http://purl.obolibrary.org/obo/CHEBI_26216	potassium atom						
done	ignore	HP:0003109	Hyperphosphaturia	An increased excretion of phosphates in the urine.				Yes	abnormallyIncreasedLevelOfChemicalEntityInLocation	Ok	HP:0003109				 UBERON:0001088			http://purl.obolibrary.org/obo/CHEBI_26020	phosphate						
to do	ignore	HP:0003126	Low-molecular-weight proteinuria	Excretion in urine of proteins of a size smaller than albumin (molecular weight 69 kD).				Yes	modifier	OK	HP:0003126				 UBERON:0001088										
done	ignore	HP:0003127	Hypocalciuria	An abnormally decreased calcium concentration in the urine.				Yes	abnormallyDecreasedLevelOfChemicalEntityInLocation	Ok	HP:0003127				 UBERON:0001088			http://purl.obolibrary.org/obo/CHEBI_22984	calcium atom						
done	ignore	HP:0003131	Cystinuria	An increased concentration of cystine in the urine.				Yes	abnormallyIncreasedLevelOfChemicalEntityInLocation	OK	HP:0003131				 UBERON:0001088			http://purl.obolibrary.org/obo/CHEBI_17376	cystine						
done	ignore	HP:0003137	Prolinuria	Level of proline in the urine anove the upper limit of normal.				Yes	abnormallyIncreasedLevelOfChemicalEntityInLocation	OK	HP:0003137				 UBERON:0001088			http://purl.obolibrary.org/obo/CHEBI_26271	proline						
done	ignore	HP:0003149	Hyperuricosuria	An abnormally high level of uric acid in the urine.				Yes	abnormallyIncreasedLevelOfChemicalEntityInLocation	Ok	HP:0003149				 UBERON:0001088			http://purl.obolibrary.org/obo/CHEBI_27226	uric acid						
done	ignore	HP:0003150	Glutaric aciduria	The concentration of glutaric acid in the urine, normalized for urine concentration, is above the upper limit of normal.				Yes	abnormallyIncreasedLevelOfChemicalEntityInLocation	Ok	HP:0003150				 UBERON:0001088			http://purl.obolibrary.org/obo/CHEBI_17859	glutaric acid						
done	ignore	HP:0003153	Cystathioninuria	An elevated urinary concentration of cystathionine.				Yes	abnormallyIncreasedLevelOfChemicalEntityInLocation	OK	HP:0003153				 UBERON:0001088			http://purl.obolibrary.org/obo/CHEBI_17755	cystathionine						
done	ignore	HP:0003159	Hyperoxaluria	Increased excretion of oxalates in the urine.				Yes	abnormallyIncreasedLevelOfChemicalEntityInLocation	OK	HP:0003159				 UBERON:0001088			http://purl.obolibrary.org/obo/CHEBI_132952	oxalate						
to do	ignore	HP:0003163	Elevated urinary delta-aminolevulinic acid	An increased concentration of 5-aminolevulinic acid (CHEBI:17549) in the urine.				Yes	abnormallyIncreasedLevelOfChemicalEntityInLocation	Ok	HP:0003163				 UBERON:0001088			http://purl.obolibrary.org/obo/CHEBI_17549	5-aminolevulinic acid						
done	ignore	HP:0003166	Increased urinary taurine	Increased concentration of taurine in the urine.				Yes	abnormallyIncreasedLevelOfChemicalEntityInLocation	OK	HP:0003166				 UBERON:0001088			http://purl.obolibrary.org/obo/CHEBI_15891	taurine						
done	ignore	HP:0003167	Carnosinuria	An increased concentration of carnosine in the urine.				Yes	abnormallyIncreasedLevelOfChemicalEntityInLocation	OK	HP:0003167				 UBERON:0001088			http://purl.obolibrary.org/obo/CHEBI_15727	carnosine						
to do	ignore	HP:0003168	Dibasicaminoaciduria	An increased level of a dibasic amino acid in the urine. Dibasic amino acids are usually refered to simply as basic aminoacids because they contain basic side chains at neutral pH. These are arginine (Arg), lysine (Lys), and histidine (His).				Yes	abnormallyIncreasedLevelOfChemicalEntityInLocation	OK	HP:0003168				 UBERON:0001088										
done	ignore	HP:0003218	Oroticaciduria	An increased concentration of orotic acid in the urine.				Yes	abnormallyIncreasedLevelOfChemicalEntityInLocation	Ok	HP:0003218				 UBERON:0001088			http://purl.obolibrary.org/obo/CHEBI_16742	orotic acid						
done	ignore	HP:0003219	Ethylmalonic aciduria	The concentration of ethylmalonic acid in the urine, normalized for urine concentration, is above the upper limit of normal.				Yes	abnormallyIncreasedLevelOfChemicalEntityInLocation	Ok	HP:0003219				 UBERON:0001088			http://purl.obolibrary.org/obo/CHEBI_741548	ethylmalonic acid						
done	ignore	HP:0003239	Phosphoethanolaminuria	An increased level of phosphoethanolamine (synonym: O-phosphoethanolamine) in the urine.				Yes	abnormallyIncreasedLevelOfChemicalEntityInLocation	Ok	HP:0003239				 UBERON:0001088			http://purl.obolibrary.org/obo/CHEBI_36711	phosphoethanolamine						
done	ignore	HP:0003268	Argininuria	A increased concentration of arginine in the urine.				Yes	abnormallyIncreasedLevelOfChemicalEntityInLocation	OK	HP:0003268				 UBERON:0001088			http://purl.obolibrary.org/obo/CHEBI_29016	arginine						
done	ignore	HP:0003296	Hyperthreoninuria	An increased concentration of threonine in the urine.				Yes	abnormallyIncreasedLevelOfChemicalEntityInLocation	OK	HP:0003296				 UBERON:0001088			http://purl.obolibrary.org/obo/CHEBI_26986	threonine						
done	ignore	HP:0003297	Hyperlysinuria	An increased concentration of lysine in the urine.				Yes	abnormallyIncreasedLevelOfChemicalEntityInLocation	OK	HP:0003297				 UBERON:0001088			http://purl.obolibrary.org/obo/CHEBI_25094	lysine						
done	ignore	HP:0003344	3-Methylglutaric aciduria	An abnormally increased level of 3-hydroxy-3-methylglutaric acid in the urine.				Yes	abnormallyIncreasedLevelOfChemicalEntityInLocation	Ok	HP:0003344				 UBERON:0001088			http://purl.obolibrary.org/obo/CHEBI_68566	3-methylglutaric acid						
to do	ignore	HP:0003345	Elevated urinary norepinephrine level	The concentration of noradrenaline in the urine, normalized for urine concentration, is above the upper limit of normal.				Yes	abnormallyIncreasedLevelOfChemicalEntityInLocation	Ok	HP:0003345				 UBERON:0001088			http://purl.obolibrary.org/obo/CHEBI_33569	noradrenaline						
done	ignore	HP:0003355	Aminoaciduria	An increased concentration of an amino acid in the urine.				Yes	abnormallyIncreasedLevelOfChemicalEntityInLocation	Ok	HP:0003355				 UBERON:0001088			http://purl.obolibrary.org/obo/CHEBI_33709	amino acid						
done	ignore	HP:0003359	Decreased urinary sulfate	Decreased concentration of sulfate in the urine.				Yes	abnormallyDecreasedLevelOfChemicalEntityInLocation	Ok	HP:0003359				 UBERON:0001088			http://purl.obolibrary.org/obo/CHEBI_16189	sulfate						
done	ignore	HP:0003361	Tryptophanuria	An increased concentration of tryptophan in the urine.				Yes	abnormallyIncreasedLevelOfChemicalEntityInLocation	OK	HP:0003361				 UBERON:0001088			http://purl.obolibrary.org/obo/CHEBI_27897	tryptophan						
to do	ignore	HP:0003461	Increased urinary O-linked sialopeptides	Excretion of peptides conjugated to sialic acid in the urine.				Yes	abnormallyIncreasedLevelOfChemicalEntityInLocation	Ok	HP:0003461				 UBERON:0001088										
to do	ignore	HP:0003491	Elevated urine pyrophosphate	An abnormally increased diphosphate(4-) concentration in the urine. Diphosphate(4-), as ester with two phosphate groups, is also known as pyrophosphate.				Yes	abnormallyIncreasedLevelOfChemicalEntityInLocation	Ok	HP:0003491				 UBERON:0001088			http://purl.obolibrary.org/obo/CHEBI_18361	diphosphate(4-)						
to do	ignore	HP:0003492	High urinary gonadotropin level	An elevated concentration of a gonadotropin hormone (stimulating hormone or luteinizing hormone) in the urine, consistent with the diagnosis of primary hypogonadism.				Yes	abnormallyIncreasedLevelOfChemicalEntityInLocation	Ok	HP:0003492				 UBERON:0001088										
to do	ignore	HP:0003513	Reduced ratio of renal calcium clearance to creatinine clearance	A reduction of the ratio of renal calcium clearance to creatinine clearance to below 0.01.				Yes	ratio	Ok	HP:0003513				 UBERON:0001088										
to do	ignore	HP:0003526	Orotic acid crystalluria	Formation of crystals owing to an increased concentration of orotic acid in the urine.				Yes	combination_phenotype	Ok	HP:0003526				 UBERON:0001088										
done	ignore	HP:0003527	Hyperprostaglandinuria	An increased concentration of prostaglandin in the urine.				Yes	abnormallyIncreasedLevelOfChemicalEntityInLocation	Ok	HP:0003527				 UBERON:0001088			http://purl.obolibrary.org/obo/CHEBI_26333	prostaglandin						
done	ignore	HP:0003532	Ornithinuria	Level of ornithine in the urine above the upper limit of normal.				Yes	abnormallyIncreasedLevelOfChemicalEntityInLocation	OK	HP:0003532				 UBERON:0001088			http://purl.obolibrary.org/obo/CHEBI_18257	ornithine						
to do	ignore	HP:0003535	3-Methylglutaconic aciduria	An increased amount of 3-methylglutaconic acid in the urine.				Yes	abnormallyIncreasedLevelOfChemicalEntityInLocation	Ok	HP:0003535				 UBERON:0001088										
done	ignore	HP:0003541	Urinary glycosaminoglycan excretion	Excretion of glycosaminoglycan in the urine. Glycosaminoglycans are long unbranched polysaccharides consisting of a repeating disaccharide unit.				Yes	abnormallyIncreasedLevelOfChemicalEntityInLocation	Ok	HP:0003541				 UBERON:0001088			http://purl.obolibrary.org/obo/CHEBI_18085	glycosaminoglycan						
to do	ignore	HP:0003606	Absent urinary urothione	Lack of urothione (the urinary metabolite of molybdenum cofactor) in the urine.				Yes	abnormalAbsenceOfChemicalEntityInLocation	Ok	HP:0003606				 UBERON:0001088										
done	ignore	HP:0003614	Trimethylaminuria	Increased concentration of trimethylamine in the urine.				Yes	abnormallyIncreasedLevelOfChemicalEntityInLocation	Ok	HP:0003614				 UBERON:0001088			http://purl.obolibrary.org/obo/CHEBI_18139	trimethylamine						
done	ignore	HP:0003639	Elevated urinary epinephrine level	The concentration of epinephrine in the urine, normalized for urine concentration, is above the upper limit of normal.				Yes	abnormallyIncreasedLevelOfChemicalEntityInLocation	Ok	HP:0003639				 UBERON:0001088			http://purl.obolibrary.org/obo/CHEBI_33568	adrenaline						
done	ignore	HP:0003641	Hemoglobinuria	The presence of free hemoglobin in the urine.				Yes	abnormallyIncreasedLevelOfChemicalEntityInLocation	Ok	HP:0003641				 UBERON:0001088			http://purl.obolibrary.org/obo/CHEBI_35143	hemoglobin						
to do	ignore	HP:0003646	Bicarbonaturia	Abnormally increased concentration of hydrogencarbonate in the urine.				Yes	abnormallyIncreasedLevelOfChemicalEntityInLocation	Ok	HP:0003646				 UBERON:0001088			http://purl.obolibrary.org/obo/CHEBI_17544	hydrogencarbonate						
to do	ignore	HP:0003648	Lacticaciduria	An increased concentration of lactic acid in the urine.				Yes	abnormallyIncreasedLevelOfChemicalEntityInLocation	Ok	HP:0003648				 UBERON:0001088			http://purl.obolibrary.org/obo/CHEBI_28358	rac-lactic acid						
to do	ignore	HP:0003652	Recurrent myoglobinuria	Recurring episodes of myoglobinuria, i.e., of the presence of myoglobin in the urine. This is usually a consequence of rhabdomyolysis, i.e., of the destruction of muscle tissue.				Yes	modifier	OK	HP:0003652				 UBERON:0001088										
to do	ignore	HP:0004352	Abnormal circulating purine concentration	Any deviation from the normal concentration of a purine in the blood circulation.				Yes	abnormalLevelOfChemicalEntityInLocation	OK	HP:0004352				 UBERON:0001088	http://purl.obolibrary.org/obo/GO_0006144	purine nucleobase metabolic process								
done	ignore	HP:0004368	Increased circulating purine concentration	Abnormally elevated concentration of a purine compound. Purine compounds are aromatic heterocyclic compounds containing a purine moiety, which is formed a pyrimidine-ring ring fused to an imidazole ring.				Yes	abnormallyIncreasedLevelOfChemicalEntityInLocation	Ok	HP:0004368				 UBERON:0001088			http://purl.obolibrary.org/obo/CHEBI_26401	purines						
done	ignore	HP:0004369	Decreased circulating purine concentration	Abnormally reduced concentration of a purine compound. Purine compounds are aromatic heterocyclic compounds containing a purine moiety, which is formed a pyrimidine-ring ring fused to an imidazole ring.				Yes	abnormallyDecreasedLevelOfChemicalEntityInLocation	Ok	HP:0004369				 UBERON:0001088			http://purl.obolibrary.org/obo/CHEBI_26401	purines						
to do	ignore	HP:0004818	Paroxysmal nocturnal hemoglobinuria					Yes	modifier	Ok	HP:0004818				 UBERON:0001088										
to do	ignore	HP:0005567	Renal magnesium wasting	High urine magnesium in the presence of hypomagnesemia.				Yes	combination_phenotype	Ok	HP:0005567				 UBERON:0001088										
to do	ignore	HP:0008160	3-hydroxydicarboxylic aciduria	The concentration of 2-hydroxydicarboxylic acid in the urine, normalized for urine concentration, is above the upper limit of normal.				Yes	abnormallyIncreasedLevelOfChemicalEntityInLocation	Ok	HP:0008160				 UBERON:0001088										
to do	ignore	HP:0008273	Transient aminoaciduria					Yes	modifier	Ok	HP:0008273				 UBERON:0001088										
to do	ignore	HP:0008293	Long-chain dicarboxylic aciduria	An increase in the level of long-chain dicarboxylic acid in the urine.				Yes	abnormallyIncreasedLevelOfChemicalEntityInLocation	Ok	HP:0008293				 UBERON:0001088										
done	ignore	HP:0008301	Dermatan sulfate excretion in urine	An increased concentration of dermatan sulfate in the urine.				Yes	abnormallyIncreasedLevelOfChemicalEntityInLocation	OK	HP:0008301				 UBERON:0001088			http://purl.obolibrary.org/obo/CHEBI_18376	dermatan sulfate						
to do	ignore	HP:0008305	Exercise-induced myoglobinuria	Presence of myoglobin in the urine following exercise.				Yes	modifier	OK	HP:0008305				 UBERON:0001088										
to do	ignore	HP:0008309	Medium chain dicarboxylic aciduria	An increase in the level of medium chain dicarboxylic acid in the urine.				Yes	abnormallyIncreasedLevelOfChemicalEntityInLocation	Ok	HP:0008309				 UBERON:0001088										
to do	ignore	HP:0008336	Complex organic aciduria					Yes	abnormallyIncreasedLevelOfChemicalEntityInLocation	OK	HP:0008336				 UBERON:0001088										
done	ignore	HP:0008339	Diaminoaciduria	An increased urine level of any amino acid carrying two amino groups (Asparagine, glutamine and lysine, cystine, ornithine).				Yes	abnormallyIncreasedLevelOfChemicalEntityInLocation	OK	HP:0008339				 UBERON:0001088			http://purl.obolibrary.org/obo/CHEBI_35987	diamino acid						
to do	ignore	HP:0008353	Neutral hyperaminoaciduria	The presence of an abnormally increased concentration of neutral amino acids in the urine. The neutral amino acids are tryptophan, alanine, asparagine, glutamine, histidine, isoleucine, leucine, phenylalanine, serine, threonine, tyrosine and valine.				Yes	abnormallyIncreasedLevelOfChemicalEntityInLocation	OK	HP:0008353				 UBERON:0001088										
done	ignore	HP:0010471	Oligosacchariduria	Increased urinary excretion of oligosaccharides (low molecular weight carbohydrate chains composed of at least three monosaccharide subunits), derived from a partial degradation of glycoproteins.				Yes	abnormallyIncreasedLevelOfChemicalEntityInLocation	Ok	HP:0010471				 UBERON:0001088			http://purl.obolibrary.org/obo/CHEBI_50699	oligosaccharide						
done	ignore	HP:0010473	Porphyrinuria	Abnormally increased excretion of porphyrins in the urine.				Yes	abnormallyIncreasedLevelOfChemicalEntityInLocation	Ok	HP:0010473				 UBERON:0001088			http://purl.obolibrary.org/obo/CHEBI_26214	porphyrins						
done	ignore	HP:0010839	Increased urinary copper concentration	An increased concentration of copper in the urine.				Yes	abnormallyIncreasedLevelOfChemicalEntityInLocation	Ok	HP:0010839				 UBERON:0001088			http://purl.obolibrary.org/obo/CHEBI_28694	copper atom						
to do	ignore	HP:0010897	Hypersarcosinuria	An elevated urinary concentration of sarcosine.				Yes	abnormallyIncreasedLevelOfChemicalEntityInLocation	OK	HP:0010897		http://purl.obolibrary.org/obo/UBERON_0001088	urine	 UBERON:0001088										
done	ignore	HP:0010934	Xanthinuria	An increased concentration of xanthine in the urine.				Yes	abnormallyIncreasedLevelOfChemicalEntityInLocation	Ok	HP:0010934				 UBERON:0001088			http://purl.obolibrary.org/obo/CHEBI_15318	xanthine						
to do	ignore	HP:0011279	Abnormality of urine bicarbonate level	An abnormal amount of hydrogencarbonate in the urine.				Yes	abnormalLevelOfChemicalEntityInLocation	Ok	HP:0011279				 UBERON:0001088			http://purl.obolibrary.org/obo/CHEBI_17544	hydrogencarbonate						
done	ignore	HP:0011280	Abnormality of urine calcium concentration	An abnormality of calcium concentration in the urine.				Yes	abnormalLevelOfChemicalEntityInLocation	Ok	HP:0011280				 UBERON:0001088			http://purl.obolibrary.org/obo/CHEBI_22984	calcium atom						
done	ignore	HP:0011281	Abnormality of urine catecholamine level	An abnormal amount of urinary catecholamine concentration.				Yes	abnormalLevelOfChemicalEntityInLocation	Ok	HP:0011281				 UBERON:0001088			http://purl.obolibrary.org/obo/CHEBI_33567	catecholamine						
done	ignore	HP:0011814	Increased urinary hypoxanthine level	The concentration of hypoxanthine in the urine, normalized for urine concentration, is above the upper limit of normal.				Yes	abnormallyIncreasedLevelOfChemicalEntityInLocation	Ok	HP:0011814				 UBERON:0001088			http://purl.obolibrary.org/obo/CHEBI_17368	hypoxanthine						
done	ignore	HP:0011935	Decreased urinary urate	Decreased concentration of urate in the urine.				Yes	abnormallyDecreasedLevelOfChemicalEntityInLocation	Ok	HP:0011935				 UBERON:0001088			http://purl.obolibrary.org/obo/CHEBI_46819	urate salt						
to do	ignore	HP:0011942	Increased urinary sulfite level	The concentration of SO3(2-), i.e., sulfite, in the urine, normalized for urine concentration, is above the upper limit of normal.				Yes	abnormallyIncreasedLevelOfChemicalEntityInLocation	Ok	HP:0011942				 UBERON:0001088										
done	ignore	HP:0011943	Increased urinary thiosulfate	Increased concentration of thiosulfate(2-) in the urine.				Yes	abnormallyIncreasedLevelOfChemicalEntityInLocation	Ok	HP:0011943				 UBERON:0001088			http://purl.obolibrary.org/obo/CHEBI_26977	thiosulfate						
done	ignore	HP:0011976	Elevated urinary catecholamine level	The concentration of a catecholamine in the urine, normalized for urine concentration, is above the upper limit of normal.				Yes	abnormallyIncreasedLevelOfChemicalEntityInLocation	Ok	HP:0011976				 UBERON:0001088			http://purl.obolibrary.org/obo/CHEBI_33567	catecholamine						
done	ignore	HP:0011979	Elevated urinary dopamine level	The concentration of dopamine in the urine, normalized for urine concentration, is above the upper limit of normal.				Yes	abnormallyIncreasedLevelOfChemicalEntityInLocation	Ok	HP:0011979				 UBERON:0001088			http://purl.obolibrary.org/obo/CHEBI_18243	dopamine						
done	ignore	HP:0012023	Galactosuria	Elevated concentration of galactose in the urine.				Yes	abnormallyIncreasedLevelOfChemicalEntityInLocation	Ok	HP:0012023				 UBERON:0001088			http://purl.obolibrary.org/obo/CHEBI_28260	galactose						
done	ignore	HP:0012030	Increased urinary cortisol level	Abnormally increased concentration of cortisol in the urine.				Yes	abnormallyIncreasedLevelOfChemicalEntityInLocation	Ok	HP:0012030				 UBERON:0001088			http://purl.obolibrary.org/obo/CHEBI_17650	cortisol						
to do	ignore	HP:0012061	Urinary excretion of sialylated oligosaccharides	Excretion of oligosaccharides conjugated to sialic acid in the urine.				Yes	abnormallyIncreasedLevelOfChemicalEntityInLocation	OK	HP:0012061				 UBERON:0001088										
done	ignore	HP:0012066	Increased urinary disaccharide excretion	Increased concentration of disaccharide in the urine.				Yes	abnormallyIncreasedLevelOfChemicalEntityInLocation	OK	HP:0012066				 UBERON:0001088			http://purl.obolibrary.org/obo/CHEBI_36233	disaccharide						
done	ignore	HP:0012067	Glycopeptiduria	Increased excretion of glycopeptides in the urine. Glycopeptides are peptides with carbohydrate moieties covalently attached to the side chains of the amino acid residues.				Yes	abnormallyIncreasedLevelOfChemicalEntityInLocation	Ok	HP:0012067				 UBERON:0001088			http://purl.obolibrary.org/obo/CHEBI_24396	glycopeptide						
to do	ignore	HP:0012068	Aspartylglucosaminuria	Excretion of excess amounts of aspartylglucosamine in the urine.				Yes	abnormallyIncreasedLevelOfChemicalEntityInLocation	Ok	HP:0012068				 UBERON:0001088										
done	ignore	HP:0012069	Keratan sulfate excretion in urine	An increased concentration of keratan sulfate in the urine.				Yes	abnormallyIncreasedLevelOfChemicalEntityInLocation	OK	HP:0012069				 UBERON:0001088			http://purl.obolibrary.org/obo/CHEBI_60924	keratan sulfate						
done	ignore	HP:0012070	Chondroitin sulfate excretion in urine	An increased concentration of chondroitin sulfate (CHEBI:37397) in the urine.				Yes	abnormallyIncreasedLevelOfChemicalEntityInLocation	OK	HP:0012070				 UBERON:0001088			http://purl.obolibrary.org/obo/CHEBI_37397	chondroitin sulfate						
done	ignore	HP:0012073	Abnormal urinary acylglycine profile	An abnormal distribution of N-acylglycines in the urine. There are numerous different N-acylglycines, and this term refers to pathological alterations in their level or distribution.				Yes	abnormalLevelOfChemicalEntityInLocation	OK	HP:0012073				 UBERON:0001088			http://purl.obolibrary.org/obo/CHEBI_16180	N-acylglycine						
done	ignore	HP:0012120	Methylmalonic aciduria	Increased concentration of methylmalonic acid in the urine.				Yes	abnormallyIncreasedLevelOfChemicalEntityInLocation	Ok	HP:0012120				 UBERON:0001088			http://purl.obolibrary.org/obo/CHEBI_30860	methylmalonic acid						
done	ignore	HP:0012127	Uraciluria	Increased concentration of uracil in the urine.				Yes	abnormallyIncreasedLevelOfChemicalEntityInLocation	Ok	HP:0012127				 UBERON:0001088			http://purl.obolibrary.org/obo/CHEBI_17568	uracil						
done	ignore	HP:0012217	Increased urinary porphobilinogen	The concentration of porphobilinogen in the urine, normalized for urine concentration, is above the upper limit of normal.				Yes	abnormallyIncreasedLevelOfChemicalEntityInLocation	Ok	HP:0012217				 UBERON:0001088			http://purl.obolibrary.org/obo/CHEBI_17381	porphobilinogen						
done	ignore	HP:0012321	D-2-hydroxyglutaric aciduria	An increased concentration of 2-hydroxyglutaric acid in the urine.				Yes	abnormallyIncreasedLevelOfChemicalEntityInLocation	OK	HP:0012321				 UBERON:0001088			http://purl.obolibrary.org/obo/CHEBI_32796	(R)-2-hydroxyglutaric acid						
done	ignore	HP:0012364	Decreased urinary potassium	A decreased concentration of potassium(1+) in the urine.				Yes	abnormallyDecreasedLevelOfChemicalEntityInLocation	Ok	HP:0012364				 UBERON:0001088			http://purl.obolibrary.org/obo/CHEBI_26216	potassium atom						
done	ignore	HP:0012365	Hypophosphaturia	An abnormally decreased phosphate concentration in the urine.				Yes	abnormallyDecreasedLevelOfChemicalEntityInLocation	Ok	HP:0012365				 UBERON:0001088			http://purl.obolibrary.org/obo/CHEBI_26020	phosphate						
to do	ignore	HP:0012401	Abnormal urine alpha-ketoglutarate concentration	A deviation from normal of the concentration of 2-oxoglutaric acid in the urine.				Yes	abnormalLevelOfChemicalEntityInLocation	Ok	HP:0012401				 UBERON:0001088			http://purl.obolibrary.org/obo/CHEBI_30915	2-oxoglutaric acid						
to do	ignore	HP:0012402	Increased urine alpha-ketoglutarate concentration	A greater than normal concentration of 2-oxoglutaric acid in the urine.				Yes	abnormallyIncreasedLevelOfChemicalEntityInLocation	Ok	HP:0012402				 UBERON:0001088			http://purl.obolibrary.org/obo/CHEBI_30915	2-oxoglutaric acid						
to do	ignore	HP:0012403	Decreased urine alpha-ketoglutarate concentration	A lower than normal concentration of 2-oxoglutaric acid in the urine.				Yes	abnormallyDecreasedLevelOfChemicalEntityInLocation	Ok	HP:0012403				 UBERON:0001088			http://purl.obolibrary.org/obo/CHEBI_30915	2-oxoglutaric acid						
to do	ignore	HP:0012404	Abnormal urine citrate concentration	A deviation from normal of the concentration of citrate(3-) in the urine.				Yes	abnormalLevelOfChemicalEntityInLocation	Ok	HP:0012404				 UBERON:0001088			http://purl.obolibrary.org/obo/CHEBI_16947	citrate(3-)						
to do	ignore	HP:0012405	Hypocitraturia	A lower than normal concentration of citrate(3-) in the urine.				Yes	abnormallyDecreasedLevelOfChemicalEntityInLocation	Ok	HP:0012405				 UBERON:0001088			http://purl.obolibrary.org/obo/CHEBI_16947	citrate(3-)						
to do	ignore	HP:0012406	Hypercitraturia	A greater than normal concentration of citrate(3-) in the urine.				Yes	abnormallyIncreasedLevelOfChemicalEntityInLocation	Ok	HP:0012406				 UBERON:0001088			http://purl.obolibrary.org/obo/CHEBI_16947	citrate(3-)						
to do	ignore	HP:0012543	Hemosiderinuria	The presence of hemosiderin in the urine.				Yes	abnormallyIncreasedLevelOfChemicalEntityInLocation	Ok	HP:0012543				 UBERON:0001088										
done	ignore	HP:0012592	Albuminuria	Increased concentration of albumin in the urine.				Yes	abnormallyIncreasedLevelOfChemicalEntityInLocation	Ok	HP:0012592				 UBERON:0001088			http://purl.obolibrary.org/obo/PR_000003918	albumin						
to do	ignore	HP:0012593	Nephrotic range proteinuria	Severely increased amount of excretion of protein in the urine, defined as 3.5 grams per day or more in adults and 40 mg per meter-squared body surface area per hour in children.				Yes	modifier	OK	HP:0012593				 UBERON:0001088										
to do	ignore	HP:0012594	Moderate albuminuria	The presence of moderately increased concentrations of albumin in the urine, defined as and albumin-creatinine ratio (ACR) of 30 to 299 mg/gm (3.4 to 34 mg/mmol).				Yes	modifier	Ok	HP:0012594				 UBERON:0001088										
to do	ignore	HP:0012595	Mild proteinuria	Mildly increased levels of protein in the urine (150-500 mg per day in adults).				Yes	modifier	OK	HP:0012595				 UBERON:0001088										
to do	ignore	HP:0012596	Moderate proteinuria	Moderately increased levels of protein in the urine (500-1000 mg per day in adults).				Yes	modifier	OK	HP:0012596				 UBERON:0001088										
to do	ignore	HP:0012597	Heavy proteinuria	Severely increased levels of protein in the urine (1000-3000 mg per day in adults).				Yes	modifier	OK	HP:0012597				 UBERON:0001088										
done	ignore	HP:0012598	Abnormal urine potassium concentration	An abnormal concentration of potassium(1+) in the urine.				Yes	abnormalLevelOfChemicalEntityInLocation	Ok	HP:0012598				 UBERON:0001088			http://purl.obolibrary.org/obo/CHEBI_26216	potassium atom						
done	ignore	HP:0012599	Abnormal urine phosphate concentration	An abnormal phosphate concentration in the urine.				Yes	abnormalLevelOfChemicalEntityInLocation	Ok	HP:0012599				 UBERON:0001088			http://purl.obolibrary.org/obo/CHEBI_26020	phosphate						
done	ignore	HP:0012600	Abnormal urine chloride concentration	An abnormal concentration of chloride in the urine.				Yes	abnormalLevelOfChemicalEntityInLocation	Ok	HP:0012600				 UBERON:0001088			http://purl.obolibrary.org/obo/CHEBI_17996	chloride						
done	ignore	HP:0012601	Hypochloriduria	An decreased concentration of chloride in the urine.				Yes	abnormallyDecreasedLevelOfChemicalEntityInLocation	Ok	HP:0012601				 UBERON:0001088			http://purl.obolibrary.org/obo/CHEBI_17996	chloride						
done	ignore	HP:0012603	Abnormal urine sodium concentration	An abnormal concentration of sodium in the urine.				Yes	abnormalLevelOfChemicalEntityInLocation	Ok	HP:0012603				 UBERON:0001088			http://purl.obolibrary.org/obo/CHEBI_26708	sodium atom						
done	ignore	HP:0012604	Hyponatriuria	An abnormally decreased sodium concentration in the urine.				Yes	abnormallyDecreasedLevelOfChemicalEntityInLocation	Ok	HP:0012604				 UBERON:0001088			http://purl.obolibrary.org/obo/CHEBI_26708	sodium atom						
done	ignore	HP:0012605	Hypernatriuria	An increased concentration of sodium(1+) in the urine.				Yes	abnormallyIncreasedLevelOfChemicalEntityInLocation	Ok	HP:0012605				 UBERON:0001088			http://purl.obolibrary.org/obo/CHEBI_26708	sodium atom						
to do	ignore	HP:0012606	Renal sodium wasting	An abnormally increased sodium concentration in the urine in the presence of hyponatremia.				Yes	combination_phenotype	Ok	HP:0012606				 UBERON:0001088										
done	ignore	HP:0012607	Abnormal urine magnesium concentration	An abnormal concentration of magnesium the urine.				Yes	abnormalLevelOfChemicalEntityInLocation	Ok	HP:0012607				 UBERON:0001088			http://purl.obolibrary.org/obo/CHEBI_25107	magnesium atom						
done	ignore	HP:0012608	Hypermagnesiuria	An increased concentration of magnesium the urine.				Yes	abnormallyIncreasedLevelOfChemicalEntityInLocation	Ok	HP:0012608				 UBERON:0001088			http://purl.obolibrary.org/obo/CHEBI_25107	magnesium atom						
done	ignore	HP:0012609	Hypomagnesiuria	An decreased concentration of magnesium the urine.				Yes	abnormallyDecreasedLevelOfChemicalEntityInLocation	Ok	HP:0012609				 UBERON:0001088			http://purl.obolibrary.org/obo/CHEBI_25107	magnesium atom						
done	ignore	HP:0012610	Abnormality of urinary uric acid level	Abnormal amount of urate in the urine.				Yes	abnormalLevelOfChemicalEntityInLocation	Ok	HP:0012610				 UBERON:0001088			http://purl.obolibrary.org/obo/CHEBI_27226	uric acid						
done	ignore	HP:0012612	Abnormal urinary sulfate concentration	Abnormal concentration of sulfate in the urine.				Yes	abnormalLevelOfChemicalEntityInLocation	Ok	HP:0012612				 UBERON:0001088			http://purl.obolibrary.org/obo/CHEBI_16189	sulfate						
done	ignore	HP:0012613	Increased urinary sulfate	Elevated concentration of SO4(2-), i.e., sulfate, in the urine.				Yes	abnormallyIncreasedLevelOfChemicalEntityInLocation	Ok	HP:0012613				 UBERON:0001088			http://purl.obolibrary.org/obo/CHEBI_16189	sulfate						
to do	ignore	HP:0012637	Renal calcium wasting	High urine calcium in the presence of hypocalcemia.				Yes	combination_phenotype	Ok	HP:0012637				 UBERON:0001088										
to do	ignore	HP:0020075	Leucine crystalluria	The presence of leucine crystals in the urine.				Yes	combination_phenotype	Ok	HP:0020075				 UBERON:0001088										
to do	ignore	HP:0020077	Carnitinuria	An elevated level of carnitine in the urine.				Yes	abnormallyIncreasedLevelOfChemicalEntityInLocation	Ok	HP:0020077				 UBERON:0001088										
to do	ignore	HP:0020078	Alaninuria	An increased level of alanine in the urine.				Yes	abnormallyIncreasedLevelOfChemicalEntityInLocation	OK	HP:0020078				 UBERON:0001088										
to do	ignore	HP:0020079	Beta-alaninuria	An increased level of beta-alanine in the urine.				Yes	abnormallyIncreasedLevelOfChemicalEntityInLocation	OK	HP:0020079				 UBERON:0001088										
to do	ignore	HP:0020129	Abnormal urine protein level	Any deviation of the concentration of one or more proteins in the urine.				Yes	abnormalLevelOfChemicalEntityInLocation	Ok	HP:0020129				 UBERON:0001088										
to do	ignore	HP:0020130	Increased urinary neutrophil gelatinase-associated lipocalin	An increased concentration of neutrophil gelatinase-associated lipocalin in the urine (there is no generally accepted threshold, but some studies choose a threshold of above 150 nanogram per milliliter).				Yes	abnormallyIncreasedLevelOfChemicalEntityInLocation	Ok	HP:0020130				 UBERON:0001088										
to do	ignore	HP:0020144	Calcium phosphate crystalluria	The presence of calcium phosphate crystals in the urine.				Yes	combination_phenotype	Ok	HP:0020144				 UBERON:0001088										
to do	ignore	HP:0020145	Calcium oxalate crystalluria	The presence of calcium oxalate crystals in the urine.				Yes	combination_phenotype	Ok	HP:0020145				 UBERON:0001088										
to do	ignore	HP:0020146	Calcium carbonate crystalluria	The presence of calcium carbonate crystals in the urine.				Yes	combination_phenotype	Ok	HP:0020146				 UBERON:0001088										
to do	ignore	HP:0020147	2-Methylbutyryl glycinuria	Increased concentration of 2-methylbutyryl glycine in the urine.				Yes	abnormallyIncreasedLevelOfChemicalEntityInLocation	OK	HP:0020147				 UBERON:0001088										
to do	ignore	HP:0020150	Elevated urinary uromodulin level	The concentration of uromodulin (also known as Tamm Horsfall protein) in the urine, normalized for urine concentration, is above the upper limit of normal.				Yes	abnormallyIncreasedLevelOfChemicalEntityInLocation	Ok	HP:0020150				 UBERON:0001088										
to do	ignore	HP:0020176	Cholesterol crystalluria	The presence of cholesterol crystals in the urine.				Yes	combination_phenotype	Ok	HP:0020176				 UBERON:0001088										
to do	ignore	HP:0025157	Increased urinary sedoheptulose@en	An increased concentration of sedoheptulose in the urine. Sedoheptulose is a monosaccharide with seven carbon atoms and a ketone functional group.				Yes	abnormallyIncreasedLevelOfChemicalEntityInLocation	Ok	HP:0025157				 UBERON:0001088										
done	ignore	HP:0025376	Hyperglutaminuria@en	An increased concentration of glutamine in the urine.				Yes	abnormallyIncreasedLevelOfChemicalEntityInLocation	OK	HP:0025376				 UBERON:0001088			http://purl.obolibrary.org/obo/CHEBI_28300	glutamine						
to do	ignore	HP:0025466	Beta 2-microglobulinuria@en	Increased level of beta 2-microglobulins in the urine.				Yes	abnormallyIncreasedLevelOfChemicalEntityInLocation	Ok	HP:0025466				 UBERON:0001088										
to do	ignore	HP:0025630	Argininosuccinic aciduria@en	Increased amount of argininosuccinate in the urine.				Yes	abnormallyIncreasedLevelOfChemicalEntityInLocation	OK	HP:0025630				 UBERON:0001088										
to do	ignore	HP:0025639	Increased urinary zinc level@en	An abnormally elevated amount of zinc in the urine, typically as assessed by a 24 hour urine collection.				Yes	abnormallyIncreasedLevelOfChemicalEntityInLocation	Ok	HP:0025639				 UBERON:0001088										
to do	ignore	HP:0030156	Bence Jones Proteinuria	The presence of free monoclonal immunoglobulin light chains in the urine.				Yes	abnormallyIncreasedLevelOfChemicalEntityInLocation	Ok	HP:0030156				 UBERON:0001088										
to do	ignore	HP:0031197	Cellular urinary casts	A type of urinary cast composed of cells incorporated in a protein matrix. The cells can be those found in the urinary sediment (erythrocytes, leuklocytes, renal tubular epithelial cells).				Yes	combination_phenotype	Ok	HP:0031197				 UBERON:0001088										
to do	ignore	HP:0031199	Acellular urinary casts	A type of urinary cast composed of a proteinaceous matrix without a substantial number of cells.				Yes	combination_phenotype	Ok	HP:0031199				 UBERON:0001088										
to do	ignore	HP:0031204	Bacterial cell casts	A type of urinary cast that contain bacteria. Bacterial casts can be difficult to identify and can be distinguished from other types of casts using phase contrast microscopy. Bacterial casts are diagnostic of acute pyelonephritis or intrinsic renal infection.				Yes	combination_phenotype	Ok	HP:0031204				 UBERON:0001088										
to do	ignore	HP:0031811	Bilirubinuria	Presence of conjugated bilirubin in the urine.				Yes	abnormallyIncreasedLevelOfChemicalEntityInLocation	Ok	HP:0031811				 UBERON:0001088										
to do	ignore	HP:0031812	Nitrituria	Presence of nitrites in the urine.				Yes	abnormallyIncreasedLevelOfChemicalEntityInLocation	Ok	HP:0031812				 UBERON:0001088										
to do	ignore	HP:0031870	Phosphohydroxylysinuria	An elevated concentration of phosphohydroxylysine in the urine.				Yes	abnormallyIncreasedLevelOfChemicalEntityInLocation	OK	HP:0031870				 UBERON:0001088										
to do	ignore	HP:0031890	Increased urine urobilinogen	An elevated concentration of urobilinogen in the urine.				Yes	abnormallyIncreasedLevelOfChemicalEntityInLocation	Ok	HP:0031890				 UBERON:0001088										
to do	ignore	HP:0031946	Elevated urinary N,N-dimethylglycine level	An increased concentration of N,N-dimethylglycine in the urine.				Yes	abnormallyIncreasedLevelOfChemicalEntityInLocation	OK	HP:0031946				 UBERON:0001088										
to do	ignore	HP:0031979	Abnormal urine carbohydrate level	Any deviation from the normal concentration of a carbohydrate in the urine.				Yes	abnormalLevelOfChemicalEntityInLocation	Ok	HP:0031979				 UBERON:0001088										
to do	ignore	HP:0031980	Abnormal urine carboxylic acid level	Any deviation from the normal concentration of a carboxylic acid in the urine.				Yes	abnormalLevelOfChemicalEntityInLocation	Ok	HP:0031980				 UBERON:0001088										
to do	ignore	HP:0031981	Elevated urine glycolate	An increased concentration of glycolate in the urine.				Yes	abnormallyIncreasedLevelOfChemicalEntityInLocation	Ok	HP:0031981				 UBERON:0001088										
to do	ignore	HP:0031991	Increased urinary excretion of galactosyl hydroxylysine	An increased concentration of beta-1-galactosyl-O-hydroxylysine (Gal-Hyl) in the urine. This is a biochemical marker of bone resorption.				Yes	abnormallyIncreasedLevelOfChemicalEntityInLocation	Ok	HP:0031991				 UBERON:0001088										
to do	ignore	HP:0032278	2-hydroxyglutarate aciduria	The concentration of 2-hydroxyglutaric acid in the urine, normalized for urine concentration, is above the upper limit of normal.				Yes	abnormallyIncreasedLevelOfChemicalEntityInLocation	Ok	HP:0032278				 UBERON:0001088										
to do	ignore	HP:0032302	Kappa Bence Jones proteinuria	The presence of free monoclonal kappa immunoglobulin light chains in the urine.				Yes	abnormallyIncreasedLevelOfChemicalEntityInLocation	Ok	HP:0032302				 UBERON:0001088										
to do	ignore	HP:0032303	Lambda Bence Jones proteinuria	The presence of free monoclonal lambda immunoglobulin light chains in the urine.				Yes	abnormallyIncreasedLevelOfChemicalEntityInLocation	Ok	HP:0032303				 UBERON:0001088										
to do	ignore	HP:0032329	Increased urinary 11-deoxycortisol level	An abnormally elevated concentration of 11-deoxycortisol in the urine.				Yes	abnormallyIncreasedLevelOfChemicalEntityInLocation	Ok	HP:0032329				 UBERON:0001088										
to do	ignore	HP:0032330	Increased urinary 11-deoxycorticosterone level	An abnormally elevated concentration or amount of 11-deoxycorticosterone in the urine.				Yes	abnormallyIncreasedLevelOfChemicalEntityInLocation	Ok	HP:0032330				 UBERON:0001088										
to do	ignore	HP:0032331	Increased urinary 11-deoxytetrahydrocorticosterone level	An abnormally elevated concentration or amount of 11-deoxytetrahydrocorticosterone the urine.				Yes	abnormallyIncreasedLevelOfChemicalEntityInLocation	Ok	HP:0032331				 UBERON:0001088										
to do	ignore	HP:0032350	Sulfocysteinuria	A increased concentration of sulfocysteine in the urine.				Yes	abnormallyIncreasedLevelOfChemicalEntityInLocation	OK	HP:0032350				 UBERON:0001088										
done	ignore	HP:0032351	Phenylalaninuria	Increased level of phenylalanine in urine.				Yes	abnormallyIncreasedLevelOfChemicalEntityInLocation	OK	HP:0032351				 UBERON:0001088			http://purl.obolibrary.org/obo/CHEBI_28044	phenylalanine						
to do	ignore	HP:0032352	Methioninuria	Level of methionine in urine above the upper limit of normal.				Yes	abnormallyIncreasedLevelOfChemicalEntityInLocation	OK	HP:0032352				 UBERON:0001088										
to do	ignore	HP:0032353	Leucinuria	Increased level of leucine in urine.				Yes	abnormallyIncreasedLevelOfChemicalEntityInLocation	Ok	HP:0032353				 UBERON:0001088										
to do	ignore	HP:0032371	Isoleucinuria	An increased concentration of isoleucine in the urine.				Yes	abnormallyIncreasedLevelOfChemicalEntityInLocation	Ok	HP:0032371				 UBERON:0001088										
to do	ignore	HP:0032377	Increased urinary orosomucoid	An increased concentration in the urine of alpha-1-acid glycoprotein (AGP), also known as orosomucoid (ORM). AGP is a 41-43-kDa glycoprotein with a pI of 2.8-3.8. AGP is an acute-phase protein that has many activities including, but not limited to, acting as an acute-phase reactant and disease marker, modulating immunity, binding and carrying drugs, maintaining the barrier function of capillary, and mediating the sphingolipid metabolism.				Yes	abnormallyIncreasedLevelOfChemicalEntityInLocation	Ok	HP:0032377				 UBERON:0001088										
to do	ignore	HP:0032397	Citrullinuria	An increased concentration of citrulline in the urine.				Yes	abnormallyIncreasedLevelOfChemicalEntityInLocation	OK	HP:0032397				 UBERON:0001088										
to do	ignore	HP:0032401	Aspartic aciduria	A increased concentration of aspartic acid in the urine.				Yes	abnormallyIncreasedLevelOfChemicalEntityInLocation	OK	HP:0032401				 UBERON:0001088			http://purl.obolibrary.org/obo/CHEBI_22660	aspartic acid						
to do	ignore	HP:0032403	Asparaginuria	An increased concentration of asparagine in the urine.				Yes	abnormallyIncreasedLevelOfChemicalEntityInLocation	OK	HP:0032403				 UBERON:0001088			http://purl.obolibrary.org/obo/CHEBI_22653	asparagine						
to do	ignore	HP:0032405	Increased urinary phosphoserine level	An increased level of phosphoserine in the urine.				Yes	abnormallyIncreasedLevelOfChemicalEntityInLocation	OK	HP:0032405				 UBERON:0001088										
to do	ignore	HP:0032414	Hydroxylysinuria	The presence of an elevated amount of 5-hydroxylysine in the urine. This compound is a hydroxylated derivative of the amino acid lysine that is present in certain collagens.				Yes	abnormallyIncreasedLevelOfChemicalEntityInLocation	OK	HP:0032414				 UBERON:0001088										
to do	ignore	HP:0032472	Abnormal urine urobilinogen level	An abnormal concentration of urobilinogen in the urine.				Yes	abnormalLevelOfChemicalEntityInLocation	Ok	HP:0032472				 UBERON:0001088										
to do	ignore	HP:0032473	Decreased urine urobilinogen	An abnormally reduced concentration of urobilinogen in the urine.				Yes	abnormallyDecreasedLevelOfChemicalEntityInLocation	Ok	HP:0032473				 UBERON:0001088										
to do	ignore	HP:0032480	Beta-aminoisobutyric aciduria	An increased amount of beta-aminoisobutyric acid in the urine. Beta-aminoisobutyric acid is a non-protein amino acid originating from the catabolism of thymine and valine.				Yes	abnormallyIncreasedLevelOfChemicalEntityInLocation	OK	HP:0032480				 UBERON:0001088										
to do	ignore	HP:0032528	Elevated urinary 4-hydroxybutyric acid	An increased amount of 4-hydroxybutyric acid in the urine.				Yes	abnormallyIncreasedLevelOfChemicalEntityInLocation	Ok	HP:0032528				 UBERON:0001088										
to do	ignore	HP:0032567	Lipiduria	An increased lipid content in the urine.				Yes	abnormallyIncreasedLevelOfChemicalEntityInLocation	Ok	HP:0032567				 UBERON:0001088										
done	ignore	HP:0032572	Abnormal urinary nucleobase concentration	A deviation from the normal level of a nucleobase in the urine. Nucleobases are nitrogen-containing biological compounds that form nucleosides: adenine (A), cytosine (C), guanine (G), thymine (T), and uracil (U).				Yes	abnormalLevelOfChemicalEntityInLocation	Ok	HP:0032572				 UBERON:0001088			http://purl.obolibrary.org/obo/CHEBI_18282	nucleobase						
to do	ignore	HP:0032573	Elevated urinary cytidine	Increased levels of urinary cytidine, a pyrimidine nucleoside in which cytosine is attached to ribofuranose via a beta-N1 glycosidic bond.				Yes	abnormallyIncreasedLevelOfChemicalEntityInLocation	Ok	HP:0032573				 UBERON:0001088										
to do	ignore	HP:0032574	Elevated urinary uridine level	Increased levels of urinary uridine, a ribonucleoside composed of a molecule of uracil attached to a ribofuranose moiety via a beta-N1 glycosidic bond.				Yes	abnormallyIncreasedLevelOfChemicalEntityInLocation	Ok	HP:0032574				 UBERON:0001088										
to do	ignore	HP:0032961	Magnesium ammonium phosphate crystalluria	Magnesium ammonium phosphate crystals in the urine.				Yes	combination_phenotype	Ok	HP:0032961				 UBERON:0001088										
to do	ignore	HP:0032964	Uric acid crystalluria	The presence of uric acid crystals in the urine.				Yes	combination_phenotype	Ok	HP:0032964				 UBERON:0001088										
to do	ignore	HP:0033065	Mild albuminuria	The presence of mildly increased concentrations of albumin in the urine, defined as an albumin-creatinine ratio (ACR) less than 30 mg/gm (less than 3.4 mg/mmol).				Yes	modifier	Ok	HP:0033065				 UBERON:0001088										
to do	ignore	HP:0033066	Severe albuminuria	The presence of severely increased concentrations of albumin in the urine, defined as an albumin-creatinine ratio greater than 300 mg/gm (greater than 34 mg/mmol).				Yes	modifier	Ok	HP:0033066				 UBERON:0001088										
to do	ignore	HP:0033067	Cystine crystalluria					Yes	combination_phenotype	Ok	HP:0033067				 UBERON:0001088										
to do	ignore	HP:0033068	Medication crystalluria	A variety of drugs may occasionally cause transient crystalluria, in isolation or in conjunction with other urinary abnormalities. Overdose, dehydration, or hypoalbuminaemia, which increases the unbound drug which is ultrafiltrated by the glomerulus, are the factors usally favoring the precipitation of crystals within the tubular lumina. In some cases, medication-induced crystalluria has a distinct phenotypic appearance. For instance, Sulphadiazine crystals appear as strongly birefringent 'shocks of wheat' or 'shells' with an amber color. Acyclovir crystals are birefringent and needle-shaped, and when present in abundance give to urine a silky and opalescent macroscopic appearance.				Yes	combination_phenotype	Ok	HP:0033068				 UBERON:0001088										
to do	ignore	HP:0033088	Valinuria	Urine valine level above the normal range.				Yes	abnormallyIncreasedLevelOfChemicalEntityInLocation	Ok	HP:0033088				 UBERON:0001088										
to do	ignore	HP:0033089	Branched-chain aminoaciduria	An increased level of a branched chain family amino acid in the urine.				Yes	abnormallyIncreasedLevelOfChemicalEntityInLocation	OK	HP:0033089				 UBERON:0001088										
to do	ignore	HP:0033090	Increased aromatic amino acid level in urine	An elevated level of an aromatic amino acid in the urine.				Yes	abnormallyIncreasedLevelOfChemicalEntityInLocation	OK	HP:0033090				 UBERON:0001088										
done	ignore	HP:0033091	Tyrosinuria	An abnormally increased level of tyrosine in the urine.				Yes	abnormallyIncreasedLevelOfChemicalEntityInLocation	OK	HP:0033091				 UBERON:0001088			http://purl.obolibrary.org/obo/CHEBI_18186	tyrosine						
to do	ignore	HP:0033092	Increased urine succinate level	The concentration of succinate in the urine, normalized for urine concentration, is above the upper limit of normal.				Yes	abnormallyIncreasedLevelOfChemicalEntityInLocation	Ok	HP:0033092				 UBERON:0001088										
to do	ignore	HP:0033093	Increased glutamine family amino acid level in urine	An elevated level of an glutamine family amino acid in the urine.				Yes	abnormallyIncreasedLevelOfChemicalEntityInLocation	OK	HP:0033093				 UBERON:0001088										
to do	ignore	HP:0033094	Increased urine glutamate level	An increased concentration of glutamate in the urine.				Yes	abnormallyIncreasedLevelOfChemicalEntityInLocation	OK	HP:0033094				 UBERON:0001088										
to do	ignore	HP:0033095	Increased sulfur amino acid level in urine	An elevated level of a sulfur-containing amino acid in the urine.				Yes	abnormallyIncreasedLevelOfChemicalEntityInLocation	OK	HP:0033095				 UBERON:0001088										
to do	ignore	HP:0033096	Increased aspartate family amino acid level in urine	An elevated level of an aspartate family amino acid in the urine.				Yes	abnormallyIncreasedLevelOfChemicalEntityInLocation	OK	HP:0033096				 UBERON:0001088										
to do	ignore	HP:0033097	Increased urine proteinogenic amino acid derivative level	An elevated urine level of a compound that is derived from an amino acid.				Yes	abnormallyIncreasedLevelOfChemicalEntityInLocation	Ok	HP:0033097				 UBERON:0001088										
to do	ignore	HP:0033098	Increased urinary non-proteinogenic amino acid level	An increased level in the urine of an alpha-amino acid which is not a member of the group of 23 proteinogenic amino acids.				Yes	abnormallyIncreasedLevelOfChemicalEntityInLocation	Ok	HP:0033098				 UBERON:0001088										
to do	ignore	HP:0033099	Increased serine family amino acid in urine	An increased level of a serine family amino acid in the urine.				Yes	abnormallyIncreasedLevelOfChemicalEntityInLocation	OK	HP:0033099				 UBERON:0001088										
done	ignore	HP:0033100	Increased proteinogenic amino acid level in urine	An elevated level of a proteinogenic amino acid in the urine. These are the 23 alpha-amino acids that are precursors to proteins, and are incorporated into proteins during translation. The group includes the 20 amino acids encoded by the nuclear genes of eukaryotes together with selenocysteine, pyrrolysine, and N-formylmethionine.				Yes	abnormallyIncreasedLevelOfChemicalEntityInLocation	Ok	HP:0033100				 UBERON:0001088			http://purl.obolibrary.org/obo/CHEBI_83813	proteinogenic amino acid						
to do	ignore	HP:0033101	Elevated urine aconitic acid level	An abnormally increased level of aconitic acid in the urine.				Yes	abnormallyIncreasedLevelOfChemicalEntityInLocation	Ok	HP:0033101				 UBERON:0001088										
to do	ignore	HP:0033111	3-hydroxyisovaleric aciduria	Concentration of 3-hydroxyisovaleric acid in the urine above the normal range.				Yes	abnormallyIncreasedLevelOfChemicalEntityInLocation	OK	HP:0033111				 UBERON:0001088										
to do	ignore	HP:0033156	Elevated urine L-alloisoleucine level	Abnormally increased level of L-alloisoleucine in the urine.				Yes	abnormallyIncreasedLevelOfChemicalEntityInLocation	OK	HP:0033156				 UBERON:0001088										
to do	ignore	HP:0033159	Reduced urinary inosine level	The amount of inosine in the urine, normalized for urine concentration, is below the lower limit of normal. Inosine is a purine nucleoside in which hypoxanthine is attached to ribofuranose via a beta-N(9)-glycosidic bond.				Yes	abnormallyDecreasedLevelOfChemicalEntityInLocation	Ok	HP:0033159				 UBERON:0001088										
to do	ignore	HP:0033160	Decreased urinary guanosine level	The amount of guanosine in the urine, normalized for urine concentration, is below the lower limit of normal. Guanosine is a purine nucleoside in which guanine is attached to ribofuranose via a beta-N(9)-glycosidic bond.				Yes	abnormallyDecreasedLevelOfChemicalEntityInLocation	Ok	HP:0033160				 UBERON:0001088										
to do	ignore	HP:0033161	Abnormal urinary purine level	Any deviation from the normal amount of a purine compound in the urine. Purines are aromatic heterocyclic compounds containing a purine moiety, which is formed a pyrimidine-ring ring fused to an imidazole ring. Two of the four deoxyribonucleotides (deoxyadenosine and deoxyguanosine) and two of the four ribonucleotides (adenosine, or AMP, and guanosine, or GMP) are purines.				Yes	abnormalLevelOfChemicalEntityInLocation	Ok	HP:0033161				 UBERON:0001088										
to do	ignore	HP:0033162	Abnormal urinary pyrimidine level	Any deviation from the normal amount of a pyrimidine compound in the urine. Pyrimidines and pyrimidine derivatives are compounds containing a pyrimidne ring, which is a six-member aromatic heterocycle which consists of two nitrogen atoms (at positions 1 and 3) and four carbon atoms. The nucleotides cytosine, thymine and uracil are pyrimidines.				Yes	abnormalLevelOfChemicalEntityInLocation	Ok	HP:0033162				 UBERON:0001088										
to do	ignore	HP:0033187	Hyperimidodipeptiduria	Elevated levels of proline-containing dipeptides in urine.				Yes	abnormallyIncreasedLevelOfChemicalEntityInLocation	Ok	HP:0033187				 UBERON:0001088										
to do	ignore	HP:0033213	Elevated urine suberic acid level	The concentration of suberic acid in the urine, normalized for urine concentration, is above the upper limit of normal.				Yes	abnormallyIncreasedLevelOfChemicalEntityInLocation	Ok	HP:0033213				 UBERON:0001088										
to do	ignore	HP:0033384	Elevated urinary collagen degradation products	Increased level in the urine of a metabolite that results from collagen degradation, e.g., a fragment of a collagen produced by a collagenase or serine protease.				Yes	abnormallyIncreasedLevelOfChemicalEntityInLocation	Ok	HP:0033384				 UBERON:0001088										
to do	ignore	HP:0033407	Elevated urine acetoacetic acid level	Elevated amount of acetoacetic acid in the urine.				Yes	abnormallyIncreasedLevelOfChemicalEntityInLocation	OK	HP:0033407				 UBERON:0001088										
to do	ignore	HP:0033409	Elevated urinary 2-hydroxybutyric acid	An increased amount of 2-hydroxybutyric acid in the urine.				Yes	abnormallyIncreasedLevelOfChemicalEntityInLocation	Ok	HP:0033409				 UBERON:0001088										
to do	ignore	HP:0033456	Elevated urine keto acid level	Increased amount of a keta acid in the urine.				Yes	abnormallyIncreasedLevelOfChemicalEntityInLocation	Ok	HP:0033456				 UBERON:0001088										
to do	ignore	HP:0033457	Elevated urine 3-methyl-2-oxovaleric acid level	Increased amount of 3-methyl-2-oxovaleric acid in the urine.				Yes	abnormallyIncreasedLevelOfChemicalEntityInLocation	Ok	HP:0033457				 UBERON:0001088										
to do	ignore	HP:0033458	Elevated urine 4-methyl-2-oxopentanoic acid level	Increased amount of 4-methyl-2-oxopentanoic acid in the urine.				Yes	abnormallyIncreasedLevelOfChemicalEntityInLocation	Ok	HP:0033458				 UBERON:0001088										
to do	ignore	HP:0033594	Elevated urinary 7-biopterin level	An abnormally increased amount of 7-biopterin in the urine.				Yes	abnormallyIncreasedLevelOfChemicalEntityInLocation	Ok	HP:0033594				 UBERON:0001088										
to do	ignore	HP:0033627	Increased urine harderoporphyrin level	Concentration of harderoporphyrin in the urine, normalized for urine concentration, is above the upper limit of normal.				Yes	abnormallyIncreasedLevelOfChemicalEntityInLocation	OK	HP:0033627				 UBERON:0001088										
to do	ignore	HP:0033704	Elevated urinary homogentisic acid	An increased amount of homogentisic acid in the urine.				Yes	abnormallyIncreasedLevelOfChemicalEntityInLocation	Ok	HP:0033704				 UBERON:0001088										
to do	ignore	HP:0033984	Increased urinary 8-oxo-7,8-dihydroguanosine level	An elevated amount of 8-oxo-7,8-dihydroguanosine in the urine.				Yes	abnormallyIncreasedLevelOfChemicalEntityInLocation	Ok	HP:0033984				 UBERON:0001088										
to do	ignore	HP:0034006	Decreased urinary lysyl-pyridinoline-hydroxylysyl-pyridinoline ratio	A decreased amount of the urinary cross-links lysyl-pyridinoline (LP, or deoxypyridinoline DPD) as compared to hydroxylysyl-pyridinoline (HP, or pyridinoline PYD). Both are established biochemical markers of osteoclastic bone resorption and collagen degradation.				Yes	abnormallyDecreasedLevelOfChemicalEntityInLocation	Ok	HP:0034006				 UBERON:0001088										
to do	ignore	HP:0034027	Abnormal urinary non-proteinogenic amino acid level	Any deviation from the normal amount in the urine of an alpha-amino acid which is not a member of the group of 23 proteinogenic amino acids.				Yes	abnormalLevelOfChemicalEntityInLocation	Ok	HP:0034027				 UBERON:0001088										
to do	ignore	HP:0034028	Saccharopinuria	Presence of saccharopine in the urine.				Yes	abnormallyIncreasedLevelOfChemicalEntityInLocation	Ok	HP:0034028				 UBERON:0001088										
to do	ignore	HP:0034049	Elevated urinary prostaglandin E2 level	An increased amount of prostaglandin E2 in the urine.				Yes	abnormallyIncreasedLevelOfChemicalEntityInLocation	OK	HP:0034049				 UBERON:0001088										
to do	ignore	HP:0034050	Elevated urinary prostaglandin E2 metabolite level	An increased amount of prostaglandin E2 metabolite (PGE-M) in the urine.				Yes	abnormallyIncreasedLevelOfChemicalEntityInLocation		HP:0034050				 UBERON:0001088										
to do	ignore	HP:0034279	2,8-dihydroxyadenine crystalluria	The presence of 2,8-dihydroxyadenine crystals in the urine. The crystals appear as round, yellow-brown crystals.				Yes	combination_phenotype	Ok	HP:0034279				 UBERON:0001088										
to do	ignore	HP:0034455	Increased CSF taurine concentration	Increased concentration of taurine in the cerebrospinal fluid (CSF).				Yes	abnormallyIncreasedLevelOfChemicalEntityInLocation	Ok	HP:0034455				UBERON:0001359			http://purl.obolibrary.org/obo/CHEBI_15891	taurine						
to do	ignore	HP:0034457	Hawkinsinuria	The concentration of hawkinsin in the urine, normalized for urine concentration, is above the upper limit of normal.				Yes	abnormallyIncreasedLevelOfChemicalEntityInLocation	Ok	HP:0034457				 UBERON:0001088										
to do	ignore	HP:0034464	Homocitrullinuria	An increased amount of L-homocitrulline in the urine. L-homocitrulline is an L-lysine derivative that is L-lysine having a carbamoyl group at the N(6)-position. It is found in individuals with urea cycle disorders.				Yes	abnormallyIncreasedLevelOfChemicalEntityInLocation	OK	HP:0034464				 UBERON:0001088										
to do	ignore	HP:0034465	2-hydroxyadipic aciduria	The concentration of 2-hydroxyadipic acid in the urine, normalized for urine concentration, is above the upper limit of normal.				Yes	abnormallyIncreasedLevelOfChemicalEntityInLocation	Ok	HP:0034465				 UBERON:0001088										
to do	ignore	HP:0034466	Homoargininuria	An increased amount of homoarginine in the urine. Homoarginine is a nonproteinogenic alpha amino acid.				Yes	abnormallyIncreasedLevelOfChemicalEntityInLocation	OK	HP:0034466				 UBERON:0001088										
to do	ignore	HP:0034467	Increased urinary cysteine level	An increased concentration of cysteine in the urine.				Yes	abnormallyIncreasedLevelOfChemicalEntityInLocation	OK	HP:0034467				 UBERON:0001088										
to do	ignore	HP:0034497	Increased urinary hexanoic acid level	The concentration of hexanoic acid in the urine, normalized for urine concentration, is above the upper limit of normal.				Yes	abnormallyIncreasedLevelOfChemicalEntityInLocation	Ok	HP:0034497				 UBERON:0001088										
to do	ignore	HP:0034565	Elevated urinary 5-amino-4-imidazolecarboxamide-riboside level	Increased amount of 5-amino-4-imidazolecarboxamide(AICA)-riboside in the urine. AICA-riboside is the dephosphorylated counterpart of AICAR, an intermediate of de novo purine biosynthesis.				Yes	abnormallyIncreasedLevelOfChemicalEntityInLocation	Ok	HP:0034565				 UBERON:0001088										
to do	ignore	HP:0034586	Glutathionuria	Level of glutathione in the urine above the upper limit of normal.				Yes	abnormallyIncreasedLevelOfChemicalEntityInLocation	OK	HP:0034586				 UBERON:0001088										
to do	ignore	HP:0034598	Elevated urinary creatine level	An increased amount of creatine in the urine.				Yes	abnormallyIncreasedLevelOfChemicalEntityInLocation	Ok	HP:0034598				 UBERON:0001088										
to do	ignore	HP:0034612	Elevated urine arabitol level	Amount of arabitol in the urine above the upper limit of normal.				Yes	abnormallyIncreasedLevelOfChemicalEntityInLocation	Ok	HP:0034612				 UBERON:0001088										
to do	ignore	HP:0034613	Elevated urine erythritol level	Amount of erythritol in the urine above the upper limit of normal.				Yes	abnormallyIncreasedLevelOfChemicalEntityInLocation	Ok	HP:0034613				 UBERON:0001088										
to do	ignore	HP:0034648	Elevated urine fumaric acid level	The concentration of fumaric acid in the urine, normalized for urine concentration, is above the upper limit of normal.				Yes	abnormallyIncreasedLevelOfChemicalEntityInLocation	Ok	HP:0034648				 UBERON:0001088										
to do	ignore	HP:0034649	Elevated urine N-acetylaspartic acid level	The amount of N-acetylaspartate in the urine, when corrected for urine concentration, is above upper limit of normal. This feature can be measured using gas chromatography-mass spectrometry.				Yes	abnormallyIncreasedLevelOfChemicalEntityInLocation	OK	HP:0034649				 UBERON:0001088										
to do	ignore	HP:0034650	Elevated urine suberylglycine level	Level of suberylglycine in urine above upper limit of normal.				Yes	abnormallyIncreasedLevelOfChemicalEntityInLocation	Ok	HP:0034650				 UBERON:0001088										
to do	ignore	HP:0034651	Elevated urine phenylpropionylglycine level	Level of phenylpropionylglycine in urine above upper limit of normal.				Yes	abnormallyIncreasedLevelOfChemicalEntityInLocation	Ok	HP:0034651				 UBERON:0001088										
to do	ignore	HP:0034652	Elevated urine octenedioic acid level	The concentration of octenedioic acid in the urine, normalized for urine concentration, is above the upper limit of normal.				Yes	abnormallyIncreasedLevelOfChemicalEntityInLocation	Ok	HP:0034652				 UBERON:0001088										
to do	ignore	HP:0034654	Elevated urine octanoic acid level	Amount of octanoic acid in the urine above the upper limit of normal.				Yes	abnormallyIncreasedLevelOfChemicalEntityInLocation	OK	HP:0034654				 UBERON:0001088										
to do	ignore	HP:0034655	Elevated urine glutaconic acid level	The concentration of glutaconic acid in the urine, normalized for urine concentration, is above the upper limit of normal.				Yes	abnormallyIncreasedLevelOfChemicalEntityInLocation	Ok	HP:0034655				 UBERON:0001088										
to do	ignore	HP:0034656	Elevated urine 3-hydroxyglutaric level	The concentration of 3-hydroxyglutaric acid in the urine, normalized for urine concentration, is above the upper limit of normal.				Yes	abnormallyIncreasedLevelOfChemicalEntityInLocation	Ok	HP:0034656				 UBERON:0001088										
to do	ignore	HP:0034657	Elevated urine malonic acid level	The concentration of malonic acid in the urine, normalized for urine concentration, is above the upper limit of normal.				Yes	abnormallyIncreasedLevelOfChemicalEntityInLocation	Ok	HP:0034657				 UBERON:0001088										
to do	ignore	HP:0034660	Elevated urine 2-methylacetoacetic acid level	Amount of 2-methylacetoacetic acid in the urine above upper limit of normal.				Yes	abnormallyIncreasedLevelOfChemicalEntityInLocation	OK	HP:0034660				 UBERON:0001088										
to do	ignore	HP:0034661	Elevated urine 3-hydroxypropionic acid level	Amount of 3-hydroxypropionic acid in the urine above the upper limit of normal.				Yes	abnormallyIncreasedLevelOfChemicalEntityInLocation	OK	HP:0034661				 UBERON:0001088										
to do	ignore	HP:0034663	Elevated urine 4-hydroxyisovaleric acid level	Amount of 4-hydroxyisovaleric acid in urine above upper limit of normal.				Yes	abnormallyIncreasedLevelOfChemicalEntityInLocation	OK	HP:0034663				 UBERON:0001088										
to do	ignore	HP:0034742	Elevated urinary formiminoglutamic acid level	The concentration of formiminoglutamic acid in the urine, normalized for urine concentration, is above the upper limit of normal.				Yes	abnormallyIncreasedLevelOfChemicalEntityInLocation	Ok	HP:0034742				 UBERON:0001088										
to do	ignore	HP:0034744	Elevated urinary S-sulfocysteine level	Level of S-sulfocysteine high in urine above the upper limit of normal.				Yes	abnormallyIncreasedLevelOfChemicalEntityInLocation	OK	HP:0034744				 UBERON:0001088										
to do	ignore	HP:0034871	Decreased urinary epinephrine level	The concentration of epinephrine in the urine, normalized for urine concentration, is below the lower limit of normal.				Yes	abnormallyDecreasedLevelOfChemicalEntityInLocation	Ok	HP:0034871				 UBERON:0001088										
to do	ignore	HP:0034875	Decreased urinary norepinephrine level	The concentration of norepinephrine in the urine, normalized for urine concentration, is below the lower limit of normal.				Yes	abnormallyDecreasedLevelOfChemicalEntityInLocation	Ok	HP:0034875				 UBERON:0001088										
to do	ignore	HP:0034876	Decreased urinary metaepinephrine level	The concentration of metanephrine in the urine, normalized for urine concentration, is below the lower limit of normal.				Yes	abnormallyDecreasedLevelOfChemicalEntityInLocation	Ok	HP:0034876				 UBERON:0001088										
to do	ignore	HP:0034885	Abnormal urinary uromodulin level	The concentration of uromodulin (also known as Tamm Horsfall protein) in the urine, normalized for usine concentration, is outside the limits of normal.				Yes	abnormalLevelOfChemicalEntityInLocation	Ok	HP:0034885				 UBERON:0001088										
to do	ignore	HP:0034886	Decreased urinary uromodulin level	The concentration of uromodulin (also known as Tamm Horsfall protein) in the urine, normalized for urine concentration, is below the lower limit of normal.				Yes	abnormallyDecreasedLevelOfChemicalEntityInLocation	Ok	HP:0034886				 UBERON:0001088										
to do	ignore	HP:0034887	Increased urine phenylacetylglutamine level	The concentration of phenylacetylglutamine in the urine, normalized for urine concentration, is above the upper limit of normal.				Yes	abnormallyIncreasedLevelOfChemicalEntityInLocation	OK	HP:0034887				 UBERON:0001088										
to do	ignore	HP:0034888	Decreased urine guanidinoacetic acid level	The concentration of guanidinoacetic acid in the urine, normalized for urine concentration, is below the lower limit of normal.				Yes	abnormallyDecreasedLevelOfChemicalEntityInLocation	Ok	HP:0034888				 UBERON:0001088										
to do	ignore	HP:0034906	Increased urine pentacarboxylporphyrin level	Concentration of pentacarboxylporphyrin in the urine, normalized for urine concentration, is above the upper limit of normal.				Yes	abnormallyIncreasedLevelOfChemicalEntityInLocation	OK	HP:0034906				 UBERON:0001088										
to do	ignore	HP:0034907	Increased urine hexacarboxylporphyrin level	Concentration of hexacarboxylporphyrin in the urine, normalized for urine concentration, is above the upper limit of normal.				Yes	abnormallyIncreasedLevelOfChemicalEntityInLocation	OK	HP:0034907				 UBERON:0001088										
to do	ignore	HP:0034960	Elevated urine 3,6-epoxydicarboxylic acid level	The concentration of 3,6-epoxydicarboxylic acid in the urine, normalized for urine concentration, is above the upper limit of normal.				Yes	abnormallyIncreasedLevelOfChemicalEntityInLocation	Ok	HP:0034960				 UBERON:0001088										
to do	ignore	HP:0040144	L-2-hydroxyglutaric aciduria	An increase in the level of L-2-hydroxyglutaric acid in the urine.				Yes	abnormallyDecreasedLevelOfChemicalEntityInLocation	OK	HP:0040144				 UBERON:0001088			CHEBI_32797	(S)-2-hydroxyglutaric acid						
done	ignore	HP:0040155	Elevated urinary 3-hydroxybutyric acid	An increased amount of 3-hydroxybutyric acid in the urine.				Yes	abnormallyIncreasedLevelOfChemicalEntityInLocation	Ok	HP:0040155				 UBERON:0001088			http://purl.obolibrary.org/obo/CHEBI_20067	3-hydroxybutyric acid						
done	ignore	HP:0040156	Elevated urinary carboxylic acid	An increased amount of carboxylic acid in the urine.				Yes	abnormallyIncreasedLevelOfChemicalEntityInLocation	Ok	HP:0040156				 UBERON:0001088			http://purl.obolibrary.org/obo/CHEBI_33575	carboxylic acid						
done	ignore	HP:0040301	Increased urinary glycerol	An increased concentration of glycerol in the urine.				Yes	abnormallyIncreasedLevelOfChemicalEntityInLocation	Ok	HP:0040301				 UBERON:0001088			http://purl.obolibrary.org/obo/CHEBI_17754	glycerol						
to do	ignore	HP:0040416	Abnormal urinary nitrogen compound level	The amount of a nitrogen compound in the urine, normalized for urine concentration, is outside of normal limits.				Yes	abnormalLevelOfChemicalEntityInLocation	Ok	HP:0040416				 UBERON:0001088										
to do	ignore	HP:0040417	Decreased urinary biopterin level	The amount of biopterin in the urine, normalized for urine concentration, is below the lower limit of normal.				Yes	abnormallyDecreasedLevelOfChemicalEntityInLocation	Ok	HP:0040417				 UBERON:0001088										
to do	ignore	HP:0040418	Abnormal urine guanidinoacetic acid level	The concentration of guanidinoacetic acid in the urine, normalized for urine concentration, is outside normal limits.				Yes	abnormalLevelOfChemicalEntityInLocation	OK	HP:0040418				 UBERON:0001088										
to do	ignore	HP:0040419	Elevated urine guanidinoacetic acid level	The concentration of guanidinoacetic acid in the urine, normalized for urine concentration, is above the upper limit of normal.				Yes	abnormallyIncreasedLevelOfChemicalEntityInLocation	Ok	HP:0040419				 UBERON:0001088										
to do	ignore	HP:0040420	Decreased urinary neopterin level	The amount of neopterin in the urine, normalized for urine concentration, is below the lower limit of normal.				Yes	abnormallyDecreasedLevelOfChemicalEntityInLocation	Ok	HP:0040420				 UBERON:0001088										
to do	ignore	HP:0040421	Abnormal urinary inosine level	The amount of inosine in the urine, normalized for urine concentration, is outside the limits of normal.				Yes	abnormalLevelOfChemicalEntityInLocation	Ok	HP:0040421				 UBERON:0001088										
to do	ignore	HP:0040422	Elevated urinary inosine level	The amount of inosine in the urine, normalized for urine concentration, is above the upper limit of normal.				Yes	abnormallyIncreasedLevelOfChemicalEntityInLocation	Ok	HP:0040422				 UBERON:0001088										
to do	ignore	HP:0040423	Abnormal urinary guanosine level	The amount of guanosine in the urine, normalized for urine concentration, is outside the limits of normal.				Yes	abnormalLevelOfChemicalEntityInLocation	Ok	HP:0040423				 UBERON:0001088										
to do	ignore	HP:0040424	Elevated urinary guanosine level	The amount of guanosine in the urine, normalized for urine concentration, is above the upper limit of normal.				Yes	abnormallyIncreasedLevelOfChemicalEntityInLocation	Ok	HP:0040424				 UBERON:0001088										
done	ignore	HP:0040425	Abnormal urinary hypoxanthine level	The concentration of hypoxanthine in the urine, normalized for urine concentration, is outside of normal limits.				Yes	abnormalLevelOfChemicalEntityInLocation	Ok	HP:0040425				 UBERON:0001088			http://purl.obolibrary.org/obo/CHEBI_17368	hypoxanthine						
done	ignore	HP:0040426	Decreased urinary hypoxanthine level	The concentration of hypoxanthine in the urine, normalized for urine concentration, is below the lower limit of normal.				Yes	abnormallyDecreasedLevelOfChemicalEntityInLocation	Ok	HP:0040426				 UBERON:0001088			http://purl.obolibrary.org/obo/CHEBI_17368	hypoxanthine						
to do	ignore	HP:0045011	Decreased urine bicarbonate concentration	Abnormally decreased concentration of hydrogencarbonate in the urine.				Yes	abnormallyDecreasedLevelOfChemicalEntityInLocation	Ok	HP:0045011				 UBERON:0001088			http://purl.obolibrary.org/obo/CHEBI_17544	hydrogencarbonate						
done	ignore	HP:0045012	Decreased urinary catecholamine concentration					Yes	abnormallyDecreasedLevelOfChemicalEntityInLocation	Ok	HP:0045012				 UBERON:0001088			http://purl.obolibrary.org/obo/CHEBI_33567	catecholamine						
done	ignore	HP:0045034	Elevated urinary aminoisobutyric acid	An increased amount of 3-aminoisobutyric acid in the urine.				Yes	abnormallyIncreasedLevelOfChemicalEntityInLocation	OK	HP:0045034				 UBERON:0001088			http://purl.obolibrary.org/obo/CHEBI_27971	2-aminoisobutyric acid						
done	ignore	HP:0045035	Decreased urinary copper concentration					Yes	abnormallyDecreasedLevelOfChemicalEntityInLocation	Ok	HP:0045035				 UBERON:0001088			http://purl.obolibrary.org/obo/CHEBI_28694	copper atom						
done	ignore	HP:0045036	Abnormal urinary copper concentration					Yes	abnormallyIncreasedLevelOfChemicalEntityInLocation	Ok	HP:0045036				 UBERON:0001088			http://purl.obolibrary.org/obo/CHEBI_28694	copper atom						
to do	ignore	HP:0100586	Sterile pyuria	Patients who routinely have greater than 20 leukocytes per microliter, but have abacterial urine, are said to have sterile pyuria.				Yes	abnormalConcentrationOfChemicalEntityInLocation	? cell count	HP:0100586				 UBERON:0001088										
to do	ignore	HP:0410051	Increased level of 3-hydroxy-3-methylglutaric acid in urine	The concentration of 3-hydroxy-3-methylglutaric acid in the urine, normalized for urine concentration, is above the upper limit of normal.				Yes	abnormallyIncreasedLevelOfChemicalEntityInLocation	Ok	HP:0410051				 UBERON:0001088			http://purl.obolibrary.org/obo/CHEBI_16831	3-hydroxy-3-methylglutaric acid						
to do	ignore	HP:0410055	Decreased level of erythritol in urine	A decrease in the level of erythritol in the urine.				Yes	abnormallyDecreasedLevelOfChemicalEntityInLocation	Ok	HP:0410055				 UBERON:0001088			http://purl.obolibrary.org/obo/CHEBI_17113	erythritol						
to do	ignore	HP:0410059	Increased level of D-threitol in urine	An increase in the level of D-threitol in the urine.				Yes	abnormallyIncreasedLevelOfChemicalEntityInLocation	Ok	HP:0410059				 UBERON:0001088			http://purl.obolibrary.org/obo/CHEBI_48300	D-threitol						
to do	ignore	HP:0410060	Decreased level of D-mannose in urine	A decrease in the level of D-mannose in the urine.				Yes	abnormallyDecreasedLevelOfChemicalEntityInLocation	Ok	HP:0410060				 UBERON:0001088			http://purl.obolibrary.org/obo/CHEBI_16024	D-mannose						
to do	ignore	HP:0410062	Increased level of galactitol in urine	An increase in the level of galactitol in the urine.				Yes	abnormallyIncreasedLevelOfChemicalEntityInLocation	Ok	HP:0410062				 UBERON:0001088			http://purl.obolibrary.org/obo/CHEBI_16813	galactitol						
to do	ignore	HP:0410066	Increased level of hippuric acid in urine	An increase in the level of hippuric acid in the urine.				Yes	abnormallyIncreasedLevelOfChemicalEntityInLocation	Ok	HP:0410066				 UBERON:0001088			http://purl.obolibrary.org/obo/CHEBI_18089	N-benzoylglycine						
to do	ignore	HP:0410067	Increased level of L-fucose in urine	An increase in the level of L-fucose in the urine.				Yes	abnormallyIncreasedLevelOfChemicalEntityInLocation	Ok	HP:0410067				 UBERON:0001088			http://purl.obolibrary.org/obo/CHEBI_18287	L-fucose						
to do	ignore	HP:0410070	Increased level of ribitol in urine	An increase in the level of ribitol in the urine. Ribotol is a crystalline pentose alcohol (C5H12O5) and is a metabolic end product formed by the reduction of ribose.				Yes	abnormallyIncreasedLevelOfChemicalEntityInLocation	Ok	HP:0410070				 UBERON:0001088			http://purl.obolibrary.org/obo/CHEBI_15963	ribitol						
to do	ignore	HP:0410072	Increased level of ribose in urine	An increase in the level of ribose in the urine.				Yes	abnormallyIncreasedLevelOfChemicalEntityInLocation	Ok	HP:0410072				 UBERON:0001088			http://purl.obolibrary.org/obo/CHEBI_33942	ribose						
to do	ignore	HP:0410074	Increased level of xylitol in urine	An increase in the level of xylitol in the urine.				Yes	abnormallyIncreasedLevelOfChemicalEntityInLocation	Ok	HP:0410074				 UBERON:0001088			http://purl.obolibrary.org/obo/CHEBI_17151	xylitol						
to do	ignore	HP:0410132	Increased level of L-pyroglutamic acid in urine	An increase in the level of L-pyroglutamic acid in the urine.				Yes	abnormallyIncreasedLevelOfChemicalEntityInLocation	OK	HP:0410132				 UBERON:0001088			http://purl.obolibrary.org/obo/CHEBI_18183	5-oxo-L-proline						
to do	ignore	HP:0410153	Increased level of methylsuccinic acid in urine	The concentration of methylsuccinic acid in the urine, normalized for urine concentration, is above the upper limit of normal.				Yes	abnormallyIncreasedLevelOfChemicalEntityInLocation	Ok	HP:0410153				 UBERON:0001088			http://purl.obolibrary.org/obo/CHEBI_89843	methylsuccinic acid						
to do	ignore	HP:0410156	Increased level of N-acetylneuraminic acid in urine	An increase in the level of N-acetylneuraminic acid in the urine.				Yes	abnormallyIncreasedLevelOfChemicalEntityInLocation	Ok	HP:0410156				 UBERON:0001088			http://purl.obolibrary.org/obo/CHEBI_17012	N-acetylneuraminic acid						
to do	ignore	HP:0410309	Alpha-aminoadipic aciduria	The concentration of alpha-aminoadipic acid in the urine, normalized for urine concentration, is above the upper limit of normal.				Yes	abnormallyIncreasedLevelOfChemicalEntityInLocation	OK	HP:0410309				 UBERON:0001088			http://purl.obolibrary.org/obo/CHEBI_37024	2-aminoadipic acid						
done	ignore	HP:0410313	Abnormal urinary 1-methylhistidine concentration	Abnormal concentration of 1-methylhistidine in the urine.				Yes	abnormalLevelOfChemicalEntityInLocation	OK	HP:0410313				 UBERON:0001088			http://purl.obolibrary.org/obo/CHEBI_70958	1-methylhistidine						
done	ignore	HP:0410314	Decreased urinary 1-methylhistidine	Decreased concentration of 1-methylhistidine in the urine.				Yes	abnormallyDecreasedLevelOfChemicalEntityInLocation	Ok	HP:0410314				 UBERON:0001088			http://purl.obolibrary.org/obo/CHEBI_70958	1-methylhistidine						
done	ignore	HP:0410315	Increased urinary 1-methylhistidine	Increased concentration of 1-methylhistidine in the urine.				Yes	abnormallyIncreasedLevelOfChemicalEntityInLocation	Ok	HP:0410315				 UBERON:0001088			http://purl.obolibrary.org/obo/CHEBI_70958	1-methylhistidine						
done	ignore	HP:0410316	Abnormal urinary 3-methylhistidine level	Abnormal amount of 3-methylhistidine in the urine.				Yes	abnormalLevelOfChemicalEntityInLocation	OK	HP:0410316				 UBERON:0001088			http://purl.obolibrary.org/obo/CHEBI_70959	3-methylhistidine						
done	ignore	HP:0410317	Increased urinary 3-methylhistidine	Increased concentration of 3-methylhistidine in the urine.				Yes	abnormallyIncreasedLevelOfChemicalEntityInLocation	Ok	HP:0410317				 UBERON:0001088			http://purl.obolibrary.org/obo/CHEBI_70959	3-methylhistidine						
done	ignore	HP:0410318	Decreased urinary 3-methylhistidine	Decreased concentration of 3-methylhistidine in the urine.				Yes	abnormallyDecreasedLevelOfChemicalEntityInLocation	Ok	HP:0410318				 UBERON:0001088			http://purl.obolibrary.org/obo/CHEBI_70959	3-methylhistidine						
to do	ignore	HP:0410345	Increased urinary polyhexose	An abnormal increase in the concentration of polyhexose in the urine.				Yes	abnormallyIncreasedLevelOfChemicalEntityInLocation	OK	HP:0410345				 UBERON:0001088										
to do	ignore	HP:0410346	Increased urinary galactosylated oligosaccharide	An abnormal increase in the concentration of galactosylated oligosaccharides in urine.				Yes	abnormallyIncreasedLevelOfChemicalEntityInLocation	OK	HP:0410346				 UBERON:0001088										
to do	ignore	HP:0410347	Increased urinary high-mannose-type oligosaccharide	An abnormal increase in the concentration of high-mannose-type oligosaccharides in the urine.				Yes	abnormallyIncreasedLevelOfChemicalEntityInLocation	OK	HP:0410347				 UBERON:0001088										
to do	ignore	HP:0410348	Increased urinary multiantennary sialylated oligosaccharide	An abnormal increase in the concentration of multiantennary sialylated oligosaccharides in the urine.				Yes	abnormallyIncreasedLevelOfChemicalEntityInLocation	OK	HP:0410348				 UBERON:0001088										
to do	ignore	HP:0410350	Increased urinary fucosylated oligosaccharide	An abnormal increase in the concentration of small fucosylated oligosaccharides in the urine.				Yes	abnormallyIncreasedLevelOfChemicalEntityInLocation	OK	HP:0410350				 UBERON:0001088			?	?						
done	ignore	HP:0430137	Elevated urine succinic acid level@en	The concentration of succinic acid in the urine, normalized for urine concentration, is above the upper limit of normal.				Yes	abnormallyIncreasedLevelOfChemicalEntityInLocation	Ok	HP:0430137				 UBERON:0001088			http://purl.obolibrary.org/obo/CHEBI_15741	succinic acid						
to do	ignore	HP:0500170	Abnormal concentration of acylcarnitine in the urine	An abnormal amount of acylcarnitine in the urine.				Yes	abnormalLevelOfChemicalEntityInLocation	Ok	HP:0500170				 UBERON:0001088			http://purl.obolibrary.org/obo/CHEBI_176911							
done	ignore	HP:0500181	Hypertaurinemia@en	An increased amount of taurine in the blood.				Yes	abnormallyIncreasedLevelOfChemicalEntityInBlood	OK	HP:0500181				UBERON:0000178			http://purl.obolibrary.org/obo/CHEBI_15891	taurine						
done	ignore	HP:0500182	Hypotaurinemia@en	A decreased amount of taurine in the blood.				Yes	abnormallyDecreasedLevelOfChemicalEntityInLocation	OK	HP:0500182				 UBERON:0001088			http://purl.obolibrary.org/obo/CHEBI_15891	taurine						
done	ignore	HP:0500251	Abnormal urine sebacic acid concentration@en	Abnormal concentration of sebacic acid in the urine.				Yes	abnormalLevelOfChemicalEntityInLocation	Ok	HP:0500251				 UBERON:0001088			http://purl.obolibrary.org/obo/CHEBI_41865	sebacic acid						
done	ignore	HP:0500252	Increased urine sebacic acid concentration@en	Elevated concentration of sebacic acid in the urine.				Yes	abnormallyIncreasedLevelOfChemicalEntityInLocation	Ok	HP:0500252				 UBERON:0001088			http://purl.obolibrary.org/obo/CHEBI_41865	sebacic acid						
to do	ignore	HP:0500253	Increased level of gamma-aminobutyric acid in urine@en	Elevated concentration of gamma-aminobutyric acid in the urine.				Yes	abnormallyIncreasedLevelOfChemicalEntityInLocation	OK	HP:0500253				 UBERON:0001088			http://purl.obolibrary.org/obo/CHEBI_16865	gamma-aminobutyric acid						
to do	ignore	HP:0500254	Abnormal urine hexanoylglycine concentration@en	Abnormal concentration of hexanoylglycine in the urine.				Yes	abnormalLevelOfChemicalEntityInLocation	Ok	HP:0500254				 UBERON:0001088			http://purl.obolibrary.org/obo/CHEBI_64390	N-hexanoylglycine						
to do	ignore	HP:0500255	Increased level of hexanoylglycine in urine@en	Elevated concentration of hexanoylglycine in the urine.				Yes	abnormallyIncreasedLevelOfChemicalEntityInLocation	Ok	HP:0500255				 UBERON:0001088										
to do	ignore	HP:0500257	Increased urine isobutyrylglycine concentration@en	Elevated concentration of isobutyrylglycine in the urine.				Yes	abnormallyIncreasedLevelOfChemicalEntityInLocation	Ok	HP:0500257				 UBERON:0001088			http://purl.obolibrary.org/obo/CHEBI_70979	N-isobutyrylglycine						
to do	ignore	HP:4000058	Glomerular proteinuria	A type of proteinuria characterized by increased permeability of the glomerular capillary wall to macromolecules (particularly albumin), whereby protein excretion can reach 20 g/24 h and consists mainly of albumin.				Yes	modifier	OK	HP:4000058				 UBERON:0001088										
to do	ignore	HP:6000113	Elevated urinary succinyladenosine level	The amount of succinyladenosine in the urine, normalized for urine concentration, is above the upper limit of normal.				Yes	abnormallyIncreasedLevelOfChemicalEntityInLocation	Ok	HP:6000113				 UBERON:0001088										
to do	ignore	HP:6000114	Elevated urinary 5-hydroxymethyluracil level	The amount of 5-hydroxymethyluracil in the urine, normalized for urine concentration, is above the upper limit of normal.				Yes	abnormallyIncreasedLevelOfChemicalEntityInLocation	Ok	HP:6000114				 UBERON:0001088										
to do	ignore	HP:6000115	Decreased urine creatinine level	The amount of creatinine in the urine, normalized for urine concentration, is below the lower limit of normal.				Yes	abnormallyDecreasedLevelOfChemicalEntityInLocation	Ok	HP:6000115				 UBERON:0001088										
to do	ignore	HP:6000116	Elevated urinary deoxyuridine level	The amount of deoxyuridine in the urine, normalized for urine concentration, is above the upper limit of normal.				Yes	abnormallyIncreasedLevelOfChemicalEntityInLocation	Ok	HP:6000116				 UBERON:0001088										
to do	ignore	HP:6000118	Elevated urinary dihydrouracil level	The amount of dihydrouracil in the urine, normalized for urine concentration, is above the upper limit of normal.				Yes	abnormallyIncreasedLevelOfChemicalEntityInLocation	Ok	HP:6000118				 UBERON:0001088										
to do	ignore	HP:6000119	Elevated urinary dihydrothymine level	The amount of dihydrothymine in the urine, normalized for urine concentration, is above the upper limit of normal.				Yes	abnormallyIncreasedLevelOfChemicalEntityInLocation	Ok	HP:6000119				 UBERON:0001088										
to do	ignore	HP:6000120	Elevated urinary sulfatide level	The amount of sulfatides in the urine, normalized for urine concentration, is above the upper limit of normal. Sulfatides are derived from GalCer via esterification of a sulfate group to 3-hydroxyl of the galactose moiety.				Yes	abnormallyIncreasedLevelOfChemicalEntityInLocation	Ok	HP:6000120				 UBERON:0001088										
to do	ignore	HP:6000122	Increased urinary N-acetylglucosamine-rich oligosaccharide level	Presence of N-acetylglucosamine-rich oligosaccharides in the urine.				Yes	abnormallyIncreasedLevelOfChemicalEntityInLocation	OK	HP:6000122				 UBERON:0001088										
to do	ignore	HP:6000123	Elevated urinary 2'-deoxyadenosine level	The amount of 2'-deoxyadenosine (dAdo) in the urine, normalized for urine concentration, is above the upper limit of normal.				Yes	abnormallyIncreasedLevelOfChemicalEntityInLocation	Ok	HP:6000123				 UBERON:0001088										
to do	ignore	HP:6000124	Positive 2,4-dinitrophenylhydrazine urine test	Positive (abnormal) result of the 2,4-dinitrophenylhydrazine urine test, which indicates the presence of alpha-ketoacids in the urine.				Yes	abnormallyIncreasedLevelOfChemicalEntityInLocation	Ok	HP:6000124				 UBERON:0001088										
to do	ignore	HP:6000125	Elevated urinary dolichol level	The amount of dolichol in the urine, normalized for urine concentration, is above the upper limit of normal.				Yes	abnormallyIncreasedLevelOfChemicalEntityInLocation	Ok	HP:6000125				 UBERON:0001088										
to do	ignore	HP:6000126	Decreased urinary bile acid level	The amount of bile acids in the urine, normalized for urine concentration, is below the lower limit of normal.				Yes	abnormallyDecreasedLevelOfChemicalEntityInLocation	Ok	HP:6000126				 UBERON:0001088										
to do	ignore	HP:6000127	Elevated urinary creatine/creatinine ratio	The ratio of creatine to creatinine concentration in the urine is above the upper limit of normal.				Yes	abnormallyIncreasedLevelOfChemicalEntityInLocation	Ok	HP:6000127				 UBERON:0001088										
to do	ignore	HP:6000128	Elevated urinary thymidine level	The amount of thymidine in the urine, normalized for urine concentration, is below the lower limit of normal.				Yes	abnormallyIncreasedLevelOfChemicalEntityInLocation	Ok	HP:6000128				 UBERON:0001088										
to do	ignore	HP:6000130	Elevated urinary indican level	Detection of indican in the urine. Urinary indican concentration may be elevated in small bowel bacterial overgrowth. Indican is produced by bacterial deconjugation of dietary tryptophan to indole which is absorbed at all levels of the intestine, but principally from the small bowel.				Yes	abnormallyIncreasedLevelOfChemicalEntityInLocation	Ok	HP:6000130				 UBERON:0001088										
to do	ignore	HP:6000265	Elevated urinary 3-hydroxykynurenine level	The amount of 3-hydroxykynurenine in the urine, normalized for urine concentration, is above the upper limit of normal.				Yes	abnormallyIncreasedLevelOfChemicalEntityInLocation	Ok	HP:6000265				 UBERON:0001088										
to do	ignore	HP:6000266	2-oxoadipic aciduria	The amount of 2-oxoadipic acid in the urine, normaliyed for urine concentration, is above the upper limit of normal.				Yes	abnormallyIncreasedLevelOfChemicalEntityInLocation	Ok	HP:6000266				 UBERON:0001088										
to do	ignore	HP:6000269	Elevated urinary pipecolic acid level	The amount of pipecolic acid in the urine, normalized for urine concentration, is above the upper limit of normal.				Yes	abnormallyIncreasedLevelOfChemicalEntityInLocation	OK	HP:6000269				 UBERON:0001088										
to do	ignore	HP:6000276	Elevated urinary beta-alanine level	The amount of beta alanine in the urine, when normalized for urine concentration, is above the upper limit of normal.				Yes	abnormallyIncreasedLevelOfChemicalEntityInLocation	OK	HP:6000276				 UBERON:0001088										
to do	ignore	HP:6000279	Elevated urinary N-carbamoyl-beta-alanine level	The amount of N-carbamoyl-beta-alanine present in urine, when adjusted for urine concentration, is above the upper limit of normal.				Yes	abnormallyIncreasedLevelOfChemicalEntityInLocation	OK	HP:6000279				 UBERON:0001088										
to do	ignore	HP:6000281	Elevated urinary gamma-glutamylphenylalanine level	The amount of gamma-glutamylphenylalanine level in the urine, when normalized for urine concentration, is above the upper limit of normal.				Yes	abnormallyIncreasedLevelOfChemicalEntityInLocation	OK	HP:6000281				 UBERON:0001088										
to do	ignore	HP:6000283	Elevated urinary saccharopine level	The amount of saccharopine in the urine, when normalized to urine concentration, is above the upper limit of normal.				Yes	abnormallyIncreasedLevelOfChemicalEntityInLocation	OK	HP:6000283				 UBERON:0001088										
to do	ignore	HP:6000331	Elevated urinary thymine level	The amount of thymine in the urine, normalized for urine concentration, is above the upper limit of normal.				Yes	abnormallyIncreasedLevelOfChemicalEntityInLocation	Ok	HP:6000331				 UBERON:0001088										
to do	ignore	HP:6000335	Elevated urinary quinolinic acid level	The amount of quinolinic acid in the urine, normalized for urine concentration, is above the upper limit of normal. Quinolinic acids is a pyridinedicarboxylic acid that is pyridine substituted by carboxy groups at positions 2 and 3. It is a metabolite of tryptophan.				Yes	abnormallyIncreasedLevelOfChemicalEntityInLocation	Ok	HP:6000335				 UBERON:0001088			http://purl.obolibrary.org/obo/CHEBI_16675	quinolinic acid						
to do	ignore	HP:6000389	Non-glucose reducing substance in urine	Abnormal result for this screening test for urinary reducing substances including glucose, fructose, galactose, lactose, pentose and maltose, as well as amino acids, cysteine, tyrosine, homogentisic acid, ketone bodies, ascorbic acid and many drugs. This term is applied if the urine stick test for glucose was negative (normal).				Yes	method_observed	Ok	HP:6000389				 UBERON:0001088										
to do	ignore	HP:6000390	Elevated urinary succinylaminoimidazole carboxamide riboside level	Presence of succinylaminoimidazole carboxamide riboside (SAICAr). SAICAr is a toxic intermediate metabolite of purine synthesis.				Yes	abnormallyIncreasedLevelOfChemicalEntityInLocation	Ok	HP:6000390				 UBERON:0001088										
to do	ignore	HP:6000392	Elevated urinary methylmalonylcarnitine level	The amount of methylmalonylcarnitine in the urine, normalized for urine concentration, is above the upper limit of normal.				Yes	abnormallyIncreasedLevelOfChemicalEntityInLocation	Ok	HP:6000392				 UBERON:0001088										
to do	ignore	HP:6000393	Elevated urine trihydroxycholestanoic acid level	Presence of trihydroxycholestanoic acid in the urine. Trihydroxycholestanoic acid is an intermediate in the biosynthesis of cholic acid. Elevated plasma levels of trihydroxycholestanoic acid have been found in patients with Zellweger syndrome.				Yes	abnormallyIncreasedLevelOfChemicalEntityInLocation	Ok	HP:6000393				 UBERON:0001088										
to do	ignore	HP:6000431	Elevated urinary glycolic acid level	The amount of glycolic acid in the urine, normalized for urine concentration, is above the upper limit of normal.				Yes	abnormallyIncreasedLevelOfChemicalEntityInLocation	Ok	HP:6000431				 UBERON:0001088										
to do	ignore	HP:6000432	Elevated urine propionic acid level	The amount of propionic acid in the urine, normalized for urine concentration, is above the upper limit of normal.				Yes	abnormallyIncreasedLevelOfChemicalEntityInLocation	OK	HP:6000432				 UBERON:0001088										
to do	ignore	HP:6000434	Elevated urinary isovaleric acid level	The amount of isovaleric acid in the urine, normalized for urine concentration, is above the upper limit of normal.				Yes	abnormallyIncreasedLevelOfChemicalEntityInLocation	OK	HP:6000434				 UBERON:0001088										
to do	ignore	HP:6000438	Reduced urinary iodine level	The amount of iodine in the urine, normalized for urine concentration, is above the upper limit of normal.				Yes	abnormallyDecreasedLevelOfChemicalEntityInLocation	Ok	HP:6000438				 UBERON:0001088										
to do	ignore	HP:6000465	Elevated urine mesaconic acid level	The amount of mesaconic acid in the urine, normalized for urine concentration, is above the upper limit of normal.				Yes	abnormallyIncreasedLevelOfChemicalEntityInLocation	Ok	HP:6000465				 UBERON:0001088										
to do	ignore	HP:6000466	Elevated urine 3-methyladipic acid level	The amount of 3-methyladipic acid in the urine, normalized for urine concentration, is above the upper limit of normal.				Yes	abnormallyIncreasedLevelOfChemicalEntityInLocation	Ok	HP:6000466				 UBERON:0001088										
to do	ignore	HP:6000467	Elevated urine D-lactate level	The amount of D-lactate in the urine, normalized for urine concentration, is above the upper limit of normal. L-lactate is a familiar molecule to the human body and is also produced in large amounts in human tissues, depending on metabolic conditions. In contrast, D-lactate is produced only in minute quantities in human tissues, and is therefore not detectable in the bloodstream under normal physiological conditions.				Yes	abnormallyIncreasedLevelOfChemicalEntityInLocation	Ok	HP:6000467				 UBERON:0001088										
to do	ignore	HP:6000469	Elevated urine 2,3-dihydroxy-2-methylbutanoic acid level	The amount of 2,3-dihydroxy-2-methylbutanoic acidin the urine, normalized for urine concentration, is above the upper limit of normal.				Yes	abnormallyIncreasedLevelOfChemicalEntityInLocation	OK	HP:6000469				 UBERON:0001088										
to do	ignore	HP:6000477	Elevated urine 2-trans,4-cis-decadienoylcarnitine level	The amount of 2-trans,4-cis-decadienoylcarnitine in the urine, normalized for urine concentration, is above the upper limit of normal.				Yes	abnormallyIncreasedLevelOfChemicalEntityInLocation	Ok	HP:6000477				 UBERON:0001088										
to do	ignore	HP:6000479	Elevated urine N-acetyltyrosine level	The amount of N-acetyltyrosine in the urine, normalized for urine concentration, is above the upper limit of normal.				Yes	abnormallyIncreasedLevelOfChemicalEntityInLocation	OK	HP:6000479				 UBERON:0001088										
to do	ignore	HP:6000480	Elevated urine manganese level	The amount of manganese in the urine, normalized for urine concentration, is above the upper limit of normal.				Yes	abnormallyIncreasedLevelOfChemicalEntityInLocation	Ok	HP:6000480				 UBERON:0001088										
to do	ignore	HP:6000481	Reduced urinary manganese level	The amount of manganese in the urine, normalized for urine concentration, is below the lower limit of normal.				Yes	abnormallyDecreasedLevelOfChemicalEntityInLocation	Ok	HP:6000481				 UBERON:0001088										
to do	ignore	HP:0004433	Secretory IgA deficiency	Deficiency of secretory IgA (polymers of 2-4 IgA monomers are linked by two additional chains) and is the primary antibody response at the mucosal level, where it forms immune complexes with pathogens and allergens.				Yes	abnormallyDecreasedLevelOfChemicalEntityInLocation	Ok	HP:0004433				UBERON:0006314										
to do	ignore	HP:0030948	Elevated gamma-glutamyltransferase level	Increased level of the enzyme gamma-glutamyltransferase (GGT). GGT is mainly present in kidney, liver, and pancreatic cells, but small amounts are present in other tissues.				Yes	abnormallyIncreasedLevelOfChemicalEntity	? in circulation	HP:0030948				UBERON:0000178										
to do	ignore	HP:0040178	Increased level of platelet-activating factor					Yes	abnormallyIncreasedLevelOfChemicalEntityInLocation	Ok	HP:0040178				UBERON:0000178										
done	next	HP:0033112	Elevated circulating apolipoprotein C-III concentration	An increased concentration in blood of apolipoprotein C-III, a protein component of triglyceride (TG)-rich lipoproteins (TRLs) including very low density lipoproteins (VLDL), high density lipoproteins (HDL) and chylomicrons.				Yes	abnormallyIncreasedLevelOfChemicalEntityInBlood		HP:0033112				UBERON:0000178			http://purl.obolibrary.org/obo/PR_P02656	apolipoprotein C-III (human)					Selected human specific; species neutral term exists (http://purl.obolibrary.org/obo/PR_000004152). 	3
done	next	HP:0034912	Elevated circulating apolipoprotein E concentration	Concentration of apolipoprotein E above the upper limit of normal.				Yes	abnormallyIncreasedLevelOfChemicalEntityInBlood		HP:0034912				UBERON:0000178			http://purl.obolibrary.org/obo/PR_P02649	apolipoprotein E (human)					Selected human specific; species neutral term exists (http://purl.obolibrary.org/obo/PR_000004155).	2
to do	next	HP:6000566	Elevated circulating lipoprotein X concentration	The concentration of lipoprotein X in the blood circulation is above the upper limit of normal.	Elevated circulating lipoprotein-X concentration	The concentration of lipoprotein-X in the blood circulation is above the upper limit of normal.	I prefer the spelling with a hyphen (both forms are possible).	Yes	abnormallyIncreasedLevelOfChemicalEntityInBlood		HP:6000566							Not found						KI: Synonyms for Lipoprotein X include LpX, Lipoprotein, obstructive lipoprotein (not found in PR and CHEBI).   Regarding Lipoprotein X see e.g. PMID:40555623.	6
to do	next	HP:6000692	Abnormal circulating atrial natriuretic peptide pro-hormone concentration	The concentration in the blood circulation of atrial natriuretic peptide pro-hormone or one of its processed fragments is outside of the range of normal.	Abnormal circulating proANP concentration  	Any deviation from the normal concentration of proANP (= atrial natriuretic peptide pro-hormone) in the blood circulation.	I prefer the abbreviation "proANP". Full term added in definition.  	Yes	abnormalLevelOfChemicalEntityInBlood		HP:6000692							Not found						KI: Synonyms for the atrial natriuretic peptide pro-hormone include preproANP, proANF, atriopeptigen, and cardiodilatin (not found in PR and CHEBI).  Regarding atrial natriuretic peptide pro-hormone see e.g. PMID:12102171.	5
to do	next	HP:6000693	Reduced circulating NT-proANP concentration	The concentration of NT-proANP in the blood circulation is below the lower limit of normal.	Decreased circulating NT-proANP concentration	The concentration of NT-proANP (= N-terminal proatrial natriuretic peptide) in the blood circulation is below the lower limit of normal.	Full term added in definition.	Yes	abnormallyDecreasedLevelOfChemicalEntityInBlood		HP:6000693							Not found						KI: Synonyms for NT-proANP include NT-Pro-ANP, N-ANP, and the full name N-Terminal Pro-Atrial Natriuretic Peptide (not found in PR and CHEBI).  Regarding NT-proANP see e.g. PMID:23542086.	5
to do	next	HP:6000749	Elevated circulating type I procollagen aminoterminal propeptide concentration	The concentration of type I procollagen aminoterminal propeptide in the blood circulation is above the upper limit of normal. The aminoterminal propeptide of type I procollagen (PINP) in serum is a sensitive indicator of the synthesis of type I collagen.	Elevated circulating PINP concentration	The concentration of PINP (= aminoterminal propeptide of type I procollagen) in the blood circulation is above the upper limit of normal.	I prefer the abbreviation "PINP". Full term added in definition.  Regarding abbreviation see also PMID:22480789.  Additional informations about the protein might be added (standardization?).	Yes	abnormallyIncreasedLevelOfChemicalEntityInBlood		HP:6000749							Not found						KI: Synonyms for type I procollagen aminoterminal propeptide include P1NP, procollagen type I N-terminal propeptide, and N-propeptide of type I procollagen (not found in PR and CHEBI).   Regarding type I procollagen aminoterminal propeptide see e.g. PMID:9056107.	8
done	next	HP:6000967	Decreased circulating transcobalamin I concentration	Concentration of transcobalamin I in the blood circulation below the lower limit of normal.				Yes	abnormallyDecreasedLevelOfChemicalEntityInBlood		HP:6000967				UBERON:0000178			http://purl.obolibrary.org/obo/PR_P20061	transcobalamin-1 (human)					KI: Synonyms for transcobalamin I include haptocorrin, HC, protein R, R-factor, TC I, TC-1, TC1, and TCI  (not found in CHEBI).	3
done	next	HP:6000968	Diminished circulating cationic trypsinogen concentration	Concentration of cationic trypsinogen in the blood circulation below the lower limit of normal.				Yes	abnormallyDecreasedLevelOfChemicalEntityInBlood		HP:6000968				UBERON:0000178			http://purl.obolibrary.org/obo/PR_P07477	serine protease 1 (human)					KI: Synonyms for cationic trypsinogen include trypsin-1, protease, serine 1, and PRSS1.   Selected human specific; species neutral term exists (http://purl.obolibrary.org/obo/PR_000013318).	13
done	next	HP:6001187	Reduced circulating progranulin concentration	The concentration of progranulin in the blood circulation is below the lower limit of normal.				Yes	abnormallyDecreasedLevelOfChemicalEntityInBlood		HP:6001187				UBERON:0000178			http://purl.obolibrary.org/obo/PR_P28799	progranulin (human)						2
to do	ignore	HP:0031213	Elevated circulating 17-hydroxyprogesterone concentration	An increased level of 17-hydroxyprogesterone in the blood. 17-hydroxyprogesterone is an intermediate steroid in the adrenal biosynthetic pathway from cholesterol to cortisol and is the substrate for steroid 21-hydroxylase.				Yes																	
to do	ignore	HP:0025744	Elevated urine dodecanedioic acid level	The amount of dodecanedioic acid in the urine, normalized for urine concentration, is above the upper limit of normal.				Yes																	
to do	ignore	HP:0040130	Abnormal circulating iron concentration	The concentration of iron in the blood circulation is outside the limits of normal.				Yes																	
to do	ignore	HP:6000757	Elevated circulating thiosulfate concentration	The concentration of thiosulfate in the blood circulation is above the upper limit of normal.																					
to do	ignore	HP:6000854	Decreased circulating sulfate concentration	The concentration of sulfate in the blood circulation is below the lower limit of normal.																					
to do	ignore	HP:6001009	Increased urine 4-hydroxy-2-oxoglutarate level	The amount of 4-hydroxy-2-oxoglutarate in the urine, normalized for urine concentration, is above the upper limit of normal.																					
to do	ignore	HP:0040084	Abnormal circulating renin concentration	A deviation from the normal concentration of renin in the blood, a central hormone in the control of blood pressure and various other physiological functions.																					
to do	ignore	HP:0003351	Decreased circulating renin concentration	An decreased level of renin in the blood.																					
done	next	HP:0025202	Elevated circulating apolipoprotein A-IV concentration	An increased concentration in blood of apolipoprotein A-IV, a major component of HDL and chylomicrons that has a role in VLDL secretion and catabolism and is required for efficient activation of lipoprotein lipase by ApoC-II.				Yes	abnormallyIncreasedLevelOfChemicalEntityInBlood		HP:0025202				UBERON:0000178			http://purl.obolibrary.org/obo/PR_P06727	apolipoprotein A-IV (human)					Selected human specific; species neutral term exists (http://purl.obolibrary.org/obo/PR_000004143). 	2
to do	next	HP:0031798	Elevated circulating apolipoprotein B concentration	Increased circulating level of apolipoprotein B, which is the main apolipoprotein of chylomicrons and low density lipoproteins. It occurs in plasma as two main isoforms, apoB-48 and apoB-100.	Elevated circulating apolipoprotein B concentration	The concentration of apolipoprotein B in the blood circulation is above the upper limit of normal.	Additional informations about the protein might be added (standardization?).  As far as I can see, the hyphenated spelling ("apolipoprotein-B") is not or less frequently used.	Yes	abnormallyIncreasedLevelOfChemicalEntityInBlood		HP:0031798							Not found						Subclass (PR): http://purl.obolibrary.org/obo/PR_P04114 apolipoprotein B-100 (human)  Regarding apolipoprotein B see e.g. PMID:34729547.	3
done	next	HP:0031800	Elevated circulating apolipoprotein A-II concentration	An increased concentration in blood of apolipoprotein A-II, a major component of HDL particles, associated with triglyceride and glucose metabolism.				Yes	abnormallyIncreasedLevelOfChemicalEntityInBlood		HP:0031800				UBERON:0000178			http://purl.obolibrary.org/obo/PR_P02652	apolipoprotein A-II (human)					Selected human specific; species neutral term exists (http://purl.obolibrary.org/obo/PR_000004142).  	2
to do	ignore	HP:0003542	Increased circulating pyruvate concentration	The concentration of pyruvate in the blood circulation is above the upper limit of normal.																					
to do	ignore	HP:6000753	Elevated circulating monomethyl sterol concentration	Concentration of monomethylsterols (such as 4alpha-monomethylsterol) in the blood circulation above the upper limit of normal.																					
to do	ignore	HP:6000754	Elevated circulating dimethyl sterol concentration	The concentration of dimethylsterols in the blood circulation is above the upper limit of normal.																					
to do	ignore	HP:6001113	Elevated circulating methysterol concentration	The concentration of a methysterol in the blood circulation is above the upper limit of normal.																					
to do	ignore	HP:0032638	Elevated urine mevalonic acid level	An abnormally increased amount of mevanolate in the urine. Mevanolate is that hydroxy monocarboxylic acid anion that is the conjugate base of mevalonic acid.																					
to do	ignore	HP:0033596	Elevated urinary 3-methylcrotonylglycine level	An abnormally increased amount of 3-methylcrotonylglycine in the urine.																					
to do	ignore	HP:0034458	Elevated urinary phenylpyruvic acid level	An abnormally increased amount of phenylpyruvic acid in the urine.																					
to do	ignore	HP:0034461	Elevated urine kynurenine level	An abnormally increased amount of kynurenine in the urine.																					
to do	ignore	HP:0034658	Elevated urine propionylglycine level	Amount of propionylglycine in the urine above the upper limit of normal.																					
to do	ignore	HP:0034659	Elevated urine tiglylglycine level	Amount of tiglylglycine in the urine above upper limit of normal.																					
to do	ignore	HP:0034662	Elevated urine 2-methylcitric acid level	Amount of 2-methylcitric acid in the urine above the upper limit of normal.																					
to do	ignore	HP:0034664	Elevated urine 2-hydroxy-3-methylvaleric acid level	Amount of 2-hydroxy-3-methylvaleric acid in the urine above the upper limit of normal. 2-Hydroxy-3-methylpentanoic acid or 2-hydroxy-3-methylvaleric acid (HMVA) is an organic acid generated by L-isoleucine metabolism.																					
to do	ignore	HP:6000121	Elevated urinary xanthurenic acid level	The amount of xanthurenic acid in the urine, normalized for urine concentration, is above the upper limit of normal.																					
to do	ignore	HP:6000129	Elevated urinary glutarylglycine level	The amount of glutarylglycine in the urine, normalized for urine concentration, is below the lower limit of normal.																					
to do	ignore	HP:6000332	Elevated urinary indoleacetic acid level	The amount of indoleacetic acid in the urine, normalized for urine concentration, is above the upper limit of normal.																					
to do	ignore	HP:6000433	Elevated urinary butyric acid level	The amount of butyric acid in the urine, normalized for urine concentration, is above the upper limit of normal.																					
to do	ignore	HP:6000509	Elevated CSF L-2-hydroxyglutaric acid concentration	The concentration of L-2-hydroxyglutaric acid in the cerebrospinal fluid (CSF) is above the upper limit of normal.																					
to do	ignore	HP:6000534	Elevated urinary ureidopropionic acid level	The amount of ureidopropionic acid in the urine, normalized for urine concentration, is above the upper limit of normal.																					
to do	ignore	HP:6000600	Elevated urinary 2-oxovaleric acid level	The amount of 2-oxovaleric acid in the urine, normalized for urine concentration, is above the upper limit of normal.																					
to do	ignore	HP:6000604	Elevated urinary 3-hydroxypentanoic acid level	The amount of 3-hydroxypentanoic acid in the urine, normalized for urine concentration, is above the upper limit of normal.																					
to do	ignore	HP:6000605	Elevated urinary 7-hydroxyoctanoic acid level	The amount of 7-hydroxyoctanoic acid in the urine, normalized for urine concentration, is above the upper limit of normal.																					
to do	ignore	HP:6000620	Elevated urinary pyrroline hydroxycarboxylic acid level	The amount of pyrroline hydroxycarboxylic acid in the urine, normalized for urine concentration, is above the upper limit of normal.																					
to do	ignore	HP:6000622	Elevated urinary ureidoisobutyric acid level	The amount of ureidoisobutyric acid in the urine, normalized for urine concentration, is above the upper limit of normal. Ureidoisobutyric acid is increased in the urine of patients with beta-ureidopropionase (EC 3.5.1.6) deficiency.																					
to do	ignore	HP:6000623	Elevated urinary N-carbamyl-beta-aminoisobutyric acid level	The amount of N-carbamyl-beta-aminoisobutyric acid in the urine, normalized for urine concentration, is above the upper limit of normal.																					
to do	ignore	HP:6000670	Elevated urinary L-glycerate level	The amount of L-glycerate in the urine, normalized for urine concentration, is above the upper limit of normal.																					
to do	ignore	HP:6000702	Elevated urinary glyoxylic acid level	The amount of glyoxylic acid in the urine, normalized for urine concentration, is above the upper limit of normal. The conjugate base of glyoxylic acid is known as glyoxylate.																					
to do	ignore	HP:6000756	Elevated urinary 5-hydroxyindoleacetic acid level	The amount of 5-hydroxyindoleacetic acid (5-HIAA) in the urine, normalized for urine concentration, is above the upper limit of normal.																					
to do	ignore	HP:6000823	Elevated CSF 5-hydroxyindoleacetic acid concentration	The concentration of 5-hydroxyindoleacetic acid in the cerebrospinal fluid (CSF) is above the upper limit of normal.																					
to do	ignore	HP:6000992	Elevated urinary 2,4-dihydroxybutyric acid level	The amount of 2,4-dihydroxybutyric acid in the urine, normalized for urine concentration, is above the upper limit of normal.																					
to do	ignore	HP:6001001	Elevated urine 3-hydroxysebacic acid level	The amount of 3-hydroxysebacic acid in the urine, normalized for urine concentration, is above the upper limit of normal.																					
to do	ignore	HP:6001002	Elevated urinary vanillactic acid level	The amount of vanillactic acid in the urine, normalized for urine concentration, is above the upper limit of normal.																					
to do	ignore	HP:6001003	Elevated urine 4,5-dihydroxyhexanoic acid level	The amount of 4,5-dihydroxyhexanoic acid in the urine, normalized for urine concentration, is above the upper limit of normal.																					
to do	ignore	HP:0002151	Increased circulating lactate concentration	Abnormally increased level of blood lactate (2-hydroxypropanoic acid). Lactate is produced from pyruvate by lactate dehydrogenase during normal metabolism. The terms lactate and lactic acid are often used interchangeably but lactate (the component measured in blood) is strictly a weak base whereas lactic acid is the corresponding acid. Lactic acidosis is often used clinically to describe elevated lactate but should be reserved for cases where there is a corresponding acidosis (pH below 7.35).																					
to do	ignore	HP:0034607	Decreased circulating 17-hydroxyprogesterone concentration	Concentration of 17-hydroxyprogesterone in the blood circulation below the lower limit of normal.																					
to do	ignore	HP:0430148	Abnormal circulating lipoprotein(a) concentration	The concentration of lipoprotein(a) in the blood circulation is outside the limits of normal.																					
to do	ignore	HP:6000521	Elevated circulating lipoprotein(a) concentration	The concentration of lipoprotein(a) in the blood circulation is above the upper limit of normal. Lipoprotein(a), also known as apolipoprotein(A), is encoded by LPA (HGNC:6667).																					
to do	ignore	HP:6000522	Reduced circulating lipoprotein(a) concentration	The concentration of lipoprotein(a) in the blood circulation is below the lower limit of normal. Lipoprotein(a), also known as apolipoprotein(A), is encoded by LPA (HGNC:6667).																					
to do	ignore	HP:6000527	Elevated circulating cholestanol concentration	The concentration of cholestanol in the blood circulation is above the upper limit of normal. Cholestanol is the 5-alpha-dihydro derivative of cholesterol.																					
to do	ignore	HP:6000565	Elevated circulating cholesterol sulfate concentration	The concentration of cholesterol sulfate in the blood circulation is above the upper limit of normal.																					
to do	ignore	HP:0040087	Abnormal blood folate concentration	Any deviation from the normal concentration of folate in the blood circulation.																					
to do	ignore	HP:0500256	Abnormal urine isobutyrylglycine concentration	Abnormal concentration of isobutyrylglycine in the urine.																					
to do	ignore	HP:6000599	Elevated urinary 2-oxoisocaproic level	The amount of 2-oxoisocaproic in the urine, normalized for urine concentration, is above the upper limit of normal.																					
to do	ignore	HP:6000601	Elevated urinary 2-hydroxyisocaproic acid level	The amount of 2-hydroxyisocaproic acid in the urine, normalized for urine concentration, is above the upper limit of normal.																					
to do	ignore	HP:6000602	Elevated urinary isovalerylglycine level	The amount of isovalerylglycine in the urine, normalized for urine concentration, is above the upper limit of normal.																					
to do	ignore	HP:6000603	Elevated urinary 2-methyl-3-hydroxybutyric acid level	The amount of 2-methyl-3-hydroxybutyric acid in the urine, normalized for urine concentration, is above the upper limit of normal.																					
to do	ignore	HP:6000621	Elevated urinary N-tau-ribosylhistidine level	Presence of N tau-ribosylhistidine (His-R) in the urine. His-R is a histidine derivative found in the urine of histidinemic patients.																					
to do	ignore	HP:6000703	Elevated circulating 3-hydroxyanthranilic acid concentration	The concentration of 3-hydroxyanthranilic acid in the blood circulation is above the upper limit of normal.																					
to do	ignore	HP:6000806	Elevated urinary phosphohydroxylysine level	The amount of phosphohydroxylysine in the urine, normalized for urine concentration, is above the upper limit of normal.																					
to do	ignore	HP:6000834	Elevated urinary gamma-glutamylcysteine level	The amount of gamma-glutamylcysteine in the urine, normalized for urine concentration, is above the upper limit of normal.																					
to do	ignore	HP:6001004	Elevated urine hydroxyphenyllactic acid level	The amount of hydroxyphenyllactic acid in the urine, normalized for urine concentration, is above the upper limit of normal.																					
to do	ignore	HP:6000516	Elevated circulating 21-deoxycortisol concentration	The concentration of 21-deoxycortisol in the blood circulation is above the upper limit of normal.																					
to do	ignore	HP:6000973	Elevated circulating trihydroxycholestanoic acid concentration	The concentration of trihydroxycholestanoic acid in the blood circulation is above the upper limit of normal.																					
to do	ignore	HP:6001185	Elevated circulating glucosylsphingosine concentration	Concentration of D-glucosylsphingosine in the blood circulation above the upper limit of normal.																					
to do	ignore	HP:0040126	Abnormal circulating vitamin B12 concentration	A deviation from the normal concentration of cobalamin (vitamin B12) in the blood. Vitamin B12 is one of the eight B vitamins.																					
to do	ignore	HP:0025734	Elevated urinary 5-hydroxyhexanoic acid level	The amount of 5-hydroxyhexanoic acid in the urine, normalized for urine concentration, is above the upper limit of normal.																					
to do	ignore	HP:0033303	Elevated urinary monocarboxylic acid level	Abnormally increased amount of a monocarboxylic acid in the urine. Monocarboxylic acids are molecules with one COOH functional group.																					
to do	ignore	HP:6000608	Elevated urinary 3,4-Dihydroxybutyric acid level	The amount of 3,4-Dihydroxybutyric acid in the urine, normalized for urine concentration, is above the upper limit of normal.																					
to do	ignore	HP:6000694	Elevated circulating 1-pyrroline-5-carboxylic acid concentration	The concentration of delta-1-pyrroline-5-carboxylate in the blood circulation is above the upper limit of normal.																					
to do	ignore	HP:6000696	Elevated circulating N-carbamyl-beta-aminoisobutyric acid concentration	The concentration of N-carbamyl-beta-aminoisobutyric acid in the blood circulation is above the upper limit of normal.																					
to do	ignore	HP:6000974	Elevated circulating glyoxylic acid concentration	The concentration of glyoxylic acid in the blood circulation is above the upper limit of normal.																					
to do	ignore	HP:0000859	Increased circulating aldosterone concentration	Overproduction of the mineralocorticoid aldosterone by the adrenal cortex.																					
to do	ignore	HP:0000870	Increased circulating prolactin concentration	The presence of abnormally increased levels of prolactin in the blood. Prolactin is a peptide hormone produced by the anterior pituitary gland that plays a role in breast development and lactation during pregnancy.																					
to do	ignore	HP:0040085	Abnormal circulating aldosterone concentration																						
to do	ignore	HP:0004319	Decreased circulating aldosterone concentration	Abnormally reduced levels of aldosterone.																					
to do	ignore	HP:6000821	Elevated circulating bile alcohol concentration	The concentration of bile alcohols in the blood circulation is above the upper limit of normal.																					
to do	ignore	HP:0025456	Abnormal CSF protein concentration	Any deviation from the normal range of a protein concentration in the cerebrospinal fluid.																					
to do	ignore	HP:0034683	Reduced muscle telethonin level	Amount of telethonin protein expression in muscle tissue below lower limit of normal. Telethonin is a 19-kDa sarcomeric protein, localized to the Z-disc of skeletal and cardiac muscles.																					
to do	ignore	HP:6000689	Elevated CSF 14-3-3 protein concentration	The concentration of 14-3-3 protein in the cerebrospinal fluid (CSF) is above the upper limit of normal.																					
to do	ignore	HP:6000765	Decreased CSF N-acetyl-aspartyl-glutamate concentration	The concentration of N-acetyl-aspartyl-glutamate (NAAG) in the cerebrospinal fluid (CSF) is below the lower limit of normal.																					
to do	ignore	HP:0000848	Increased circulating renin concentration	An increased level of renin in the blood.																					
to do	ignore	HP:6000803	Elevated urinary 2,8-dihydroxyadenine level	The amount of 2,8-dihydroxyadenine in the urine, normalized for urine concentration, is above the upper limit of normal.																					
to do	ignore	HP:6000831	Increased circulating dihydroxycholestanoic acid concentration	The concentration of dihydroxycholestanoic acid (DHCA) in the blood circulation is above the upper limit of normal.																					
to do	ignore	HP:6000690	Elevated CSF dihydrobiopterin concentration	Concentration of dihydrobiopterin in the cerebrospinal fluid (CSF) above the upper limit of normal.																					
to do	ignore	HP:6000764	Decreased CSF tetrahydrobiopterin level	Concentration of tetrahydrobiopterin in the cerebrospinal fluid (CSF) below the lower limit of normal.																					
to do	ignore	HP:6000822	Elevated CSF tetrahydrobiopterin level	Concentration of tetrahydrobiopterin in the cerebrospinal fluid (CSF) above the upper limit of normal.																					
to do	ignore	HP:6000975	Elevated CSF sepiapterin concentration	Concentration of sepiapterin in the cerebrospinal fluid (CSF) above the upper limit of normal.																					
to do	ignore	HP:0012053	Decreased circulating calcifediol concentration	A reduced concentration of calcifediol in the blood. Calcifediol is also known as calcidiol, 25-hydroxycholecalciferol and 25-Hydroxyvitamin D3.																					
to do	ignore	HP:0100512	Decreased circulating vitamin D concentration	The concentration of vitamin D in the blood circulation is below the lower limit of normal.																					
to do	ignore	HP:6000751	Decreased urinary dopamine level	The concentration of dopamine in the urine, normalized for urine concentration, is below the lower limit of normal.																					
to do	ignore	HP:0011892	Decreased circulating vitamin K concentration	The concentration of vitamin K in the blood circulation is below the lower limit of normal.																					
to do	ignore	HP:6000391	Elevated urine hyaluronic acid level	Excessive amount of hyaluronic acid in urine.																					
to do	ignore	HP:6001008	Elevated urine glucose tetrasaccharide level	The amount of glucose tetrasaccharide in the urine, normalized for urine concentration, is above the upper limit of normal.																					
to do	ignore	HP:6001095	Elevated circulating pristanic acid concentration following branched-chain fatty acid ingestion	Concentration of pristanic acid in the blood circulation above the upper limit of normal. This finding can be observed in Zellweger syndrome. Note that branched-chain fatty acid accumulation depends on dietary intake of phytanic acid, which is minimal in formula- and breast-fed infants. Thus, phytanic and pristanic acid levels are normal in a neonate with Zellweger spectrum disorder.																					
to do	ignore	HP:0034893	Elevated brain glycine level by MRS	An increase in the level of glycine in the brain identified by magnetic resonance spectroscopy (MRS).																					
to do	ignore	HP:0034899	Abnormal amniotic fluid protein concentration	Any deviation of the concentration of a protein in the amniotic fluid from normal limits																					
to do	ignore	HP:0040086	Abnormal prolactin level																						
to do	ignore	HP:0040226	Decreased level of heparin co-factor II	An abnormality of coagulation related to a decreased concentration of heparin co-factor II																					
to do	ignore	HP:0040227	Decreased level of histidine-rich glycoprotein	Decrease of these levels result in increased inhibition of fibrinolysis and reduced inhibition of coagulation																					
to do	ignore	HP:0040229	Decreased level of thrombomodulin	Thrombomodulin is a cofactor in the thrombin induced activation of Protein C. In the case of deficiency there will be less Protein C and tendency to clot																					
to do	ignore	HP:0040230	Decreased level of tissue plasminogen activator	The tPA protein catalyzes the conversion of plasiminogen to plasmin, and thus break down of clots. When there is a deficiency there will be an increase of thrombosis																					
to do	ignore	HP:0041076	Abnormal immunoglobulin level in body fluid	An abnormal deviation from normal levels of immunoglobulins in body fluids, such as mucous.																					
to do	ignore	HP:0500114	Abnormal stool urobilinogen concentration	Abnormal concentration of urobilinogen present in the stool.																					
to do	ignore	HP:4000183	Abnormal erythrocyte adenosine triphosphate concentration	Concentration of adenosine triphosphate (ATP) in red blood cells (erythrocytes) outside of the normal range.																					
to do	ignore	HP:6000443	Elevated blood mercury concentration	The concentration of mercury in the blood is above the upper limit of a guidance value for total blood mercury concentrations that implies possible injurious effects.																					
to do	ignore	HP:6000444	Elevated blood cadmiun concentration	The concentration of cadmium in the blood is above the upper limit of a guidance value for total blood mercury concentrations that implies possible injurious effects.																					
to do	ignore	HP:6000445	Elevated thallium concentration	The concentration of thallium in the blood is above the upper limit of a guidance value for total blood mercury concentrations that implies possible injurious effects.																					
to do	ignore	HP:6000474	Elevated circulating complement component concentration	Concentration of a complement component in the blood circulation is above the upper limit of normal.																					
to do	ignore	HP:6000484	Elevated brain guanidinoacetate level by MRS	An increase in the level of guanidinoacetate in the brain identified by magnetic resonance spectroscopy (MRS).																					
to do	ignore	HP:6000510	Elevated erythrocyte inosine triphosphate concentration	Concentration of inosine triphosphate in red blood cells is above the upper limit of normal.																					
to do	ignore	HP:6000518	Low maternal vitamin B12 concentration	The concentration of vitamin B12 in the mother's blood during pregnancy is below the lower limit of normal.																					
to do	ignore	HP:6000519	Elevated circulating inhibin A concentration	The concentration of inibin A in the blood circulation is above the upper limit of normal.																					
to do	ignore	HP:6000520	Increased circulating inhibin B concentration	The concentration of inhibin B in the blood circulation is above the upper limit of normal.																					
to do	ignore	HP:6000524	Abnormal urinary bile acid level	The amount of bile acids in the urine, normalized for urine concentration, is outside the limits of normal.																					
to do	ignore	HP:6000531	Abnormal urinary organic compound level	The amount of an organic compound in the urine, normalized for urine concentration, is outside the limits of normal. An organic compound is defined here as a chemical compound that contains a carbon-hydrogen or carbon-carbon bond, although some other definitions exist. Examples of organic compounds includes alkanes, alkenes, alkynes, aromatic compounds, alcohols, ketones, aldehydes, carboxylic acids, and esters.																					
to do	ignore	HP:6000532	Elevated urinary histamine level	The amount of histamine in the urine, normalized for urine concentration, is above the upper limit of normal.																					
to do	ignore	HP:6000533	Elevated urinary N-methylhistamine level	The amount of N-methylhistamine in the urine, normalized for urine concentration, is above the upper limit of normal.																					
to do	ignore	HP:6000535	Elevated urinary porphyrin level	The amount of a porphyrin compound in the urine, normalized for urine concentration, is above the upper limit of normal. Porphrins are natural pigments containing a fundamental skeleton of four pyrrole nuclei united through the alpha-positions by four methine groups to form a macrocyclic structure. Porpyrins giove rise to heme and combalamine.																					
to do	ignore	HP:6000536	Elevated urinary coproporphyrin level	The amount of a coproporphyrin in the urine, normalized for urine concentration, is above the upper limit of normal.																					
to do	ignore	HP:6000564	Elevated circulating vasoactive intestinal peptide concentration	The concentration of vasoactive intestinal peptide (VIP) in the blood circulation is above the upper limit of normal.																					
to do	ignore	HP:6000568	Elevated blood ethylene glycol concentration	The concentration of ethylene glycol in the blood is above the upper limit of a guidance value for total concentrations that implies possible injurious effects.																					
to do	ignore	HP:6000598	Elevated urinary succinylacetone level	Presence in the urine of succinylacetone, which is one of the toic block metabolites formed in tyrosinaemia type 1 because of a defect in the final enzyme of the pathway of the degradation of tyrosine, namely fumarylacetoacetase (FAH, EC 3.7.1.2).																					
to do	ignore	HP:6000606	Elevated urinary D-glyceric acid level	The amount of D-glyceric acid in the urine, normalized for urine concentration, is above the upper limit of normal.																					
to do	ignore	HP:6000607	Elevated urinary 3-hydroxyisobutyric acid level	The amount of 3-hydroxyisobutyric acid in the urine, normalized for urine concentration, is above the upper limit of normal.																					
to do	ignore	HP:6000610	Elevated erythrocyte galactose-1-phosphate concentration	Concentration of galactose-1-phosphate in red blood cells (erythrocytes) above the upper level of normal.																					
to do	ignore	HP:6000567	Elevated circulating oxalate concentration	The concentration of oxalate in the blood circulation is above the upper limit of normal.																					
to do	ignore	HP:6000609	Elevated urinary 3-hydroxyadipic acid level	The amount of 3-hydroxyadipic acid in the urine, normalized for urine concentration, is above the upper limit of normal.																					
to do	ignore	HP:6000698	Elevated circulating heptacarboxylporphyrin concentration	The concentration of heptacarboxylporphyrin in the blood circulation is above the upper limit of normal.																					
to do	ignore	HP:6001000	Elevated urine malic acid level	The amount of malic acid in the urine, normalized for urine concentration, is above the upper limit of normal.																					
to do	ignore	HP:6001081	Elevated urinary 2,4-dihydroxyglutarate level	The amount of 2,4-dihydroxyglutarate in the urine, normalized for urine concentration, is above the upper limit of normal.																					
to do	ignore	HP:0100503	Decreased circulating vitamin B1 concentration	The concentration of vitamin B1 in the blood circulation is below the lower limit of normal.																					
to do	ignore	HP:0410173	Increased circulating troponin I concentration	An increased concentration of tropnin I in the blood, which is a cardiac regulatory protein that controls the calcium mediated interaction between actin and myosin. Raised cardiac troponin concentrations are now accepted as the standard biochemical marker for the diagnosis of myocardial infarction.																					
to do	ignore	HP:0410174	Increased circulating troponin T concentration	An increased concentration of tropnin T in the blood, which is a cardiac regulatory protein that controls the calcium mediated interaction between actin and myosin. Raised cardiac troponin concentrations are now accepted as the standard biochemical marker for the diagnosis of myocardial infarction.																					
to do	ignore	HP:0410216	Abnormal blood 5-methyltetrahydrofolate level	An abnormal concentration of 5-methyltetrahydrofolate in the blood.																					
to do	ignore	HP:0410221	Increased anti-animal protein IgE antibody level	Increased level of IgE antibody against animal proteins, such as albumins that are present in animal hair, dander, shed skin, saliva and urine.																					
to do	ignore	HP:0410223	Increased anti-dust mite IgE antibody level	Increased level of IgE antibody against dust mites, such as house dust mites.																					
to do	ignore	HP:0410224	Increased anti-bacteria IgE antibody level	Increased level of IgE antibody against bacteria.																					
to do	ignore	HP:0410225	Increased anti-drug IgE antibody level	Increased level of IgE antibody against a drug or class of drugs, such as antibiotics.																					
to do	ignore	HP:0410226	Increased anti-feather IgE antibody level	Increased level of IgE antibody against feathers, which could be indicative of an allergy against feathers themselves, or mite allergens present in feathers.																					
to do	ignore	HP:0410227	Increased anti-food allergen IgE antibody level	Increased level of IgE antibody against proteins found in foods, such as milk, egg, soy, wheat, peanut, treenut, fish, and shellfish.																					
to do	ignore	HP:0410232	Increased anti-fungi IgE antibody level	Increased level of IgE antibody against fungus, such as molds like zygomycota, ascomycota and deuteromycota.																					
to do	ignore	HP:0410234	Increased anti-parasite IgE antibody level	Increased level of IgE antibody against parasites, such as helminths (parasitic worms, such as Ascaris lumbricoides, Trichuris trichiura, Ancylostoma duodenalis, Necator americanus, Strongyloides stercoralis) or parasites such as Toxoplasma gondii.																					
to do	ignore	HP:0410235	Increased anti-insect IgE antibody level	Increased level of IgE antibody against antigens from insects such as moths, mosquitos, or cockroaches.																					
to do	ignore	HP:0410238	Increased anti-plant product IgE antibody level	Increased level of IgE antibody against antigens from plants and products derived from plants, such as wood or pollen.																					
to do	ignore	HP:0410249	Increased anti-alpha-gal IgE antibody level	Increased level of IgE antibody against galactose-alpha-1, 3 galactose (alpha-gal), a carbohydrate found in mammalian meat.																					
to do	ignore	HP:0410351	Abnormal complex N-glycan level	An abnormal concentration of complex N-glycans on glycoproteins.																					
to do	ignore	HP:0410354	Increased sialylated N-glycan level	An abnormal increase in the concentration of sialylated N-glycans on glycoproteins.																					
to do	ignore	HP:0410355	Decreased sialylated N-glycan level	An abnormal decrease in the concentration of sialylated N-glycans on glycoproteins.																					
to do	ignore	HP:0410356	Abnormal high-mannose N-glycan level	An abnormal concentration of high-mannose N-glycans on glycoproteins.																					
to do	ignore	HP:0410357	Increased high-mannose N-glycan level	An abnormal increase in the concentration of high-mannose N-glycans on glycoproteins.																					
to do	ignore	HP:0410358	Decreased high-mannose N-glycan level	An abnormal decrease in the concentration of high-mannose N-glycans on glycoproteins.																					
to do	ignore	HP:0410363	Increased monosialylated core 1 O-glycan level	An abnormal increase in the concentration of monosialylated core 1 O-glycans on glycoproteins.																					
to do	ignore	HP:0410364	Decreased monosialylated core 1 O-glycan level	An abnormal decrease in the concentration of monosialylated core 1 O-glycans on glycoproteins.																					
to do	ignore	HP:0410365	Increased disialylated core 1 O-glycan level	An abnormal increase in the concentration of disialylated core 1 O-glycans on glycoproteins.																					
to do	ignore	HP:0410372	Increased Tn-antigen level	An abnormal increase in the concentration of Tn antigen on glycoproteins.																					
to do	ignore	HP:6000147	Elevated methylhex-dienedioic level by MRS	An increase in the level of 3-methylhex-2,4-dienedioic acid or 3-methylhex-3,4-dienedioic acid in the brain identified by magnetic resonance spectroscopy (MRS).																					
to do	ignore	HP:6000235	Inappropriately low concentration of acetoacetate	Lower than appropriate concentration of acetoacetate in states such as hypoglycemia in which the normal response would be to elevate acetoacetate.																					
to do	ignore	HP:6000236	Inappropriately low concentration of beta-hydroxybutyrate	Lower than appropriate concentration of beta-hydroxybutyrate in states such as hypoglycemia in which the normal response would be to elevate acetoacetate.																					
to do	ignore	HP:6000675	Elevated urinary mevalonate lactone level	The amount of mevalonate lactone in the urine, normalized for urine concentration, is above the upper limit of normal.																					
to do	ignore	HP:6000687	Elevated circulating CCL3 concentration	The concentration of C-C Motif Ligand 3 (CCL3) in the blood circulation is above the upper limit of normal.																					
to do	ignore	HP:6000688	Elevated circulating CCL4 concentration	The concentration of C-C Motif Ligand 4 (CCL4) in the blood circulation is above the upper limit of normal.																					
to do	ignore	HP:6000700	Reduced breast milk zinc concentration	The concentration of zinc in breast milk is below the lower limit of normal.																					
to do	ignore	HP:6000701	Elevated urinary bile acid level	The amount of bile acid in the urine, normalized for urine concentration, is above the upper limit of normal.																					
to do	ignore	HP:6000704	Elevated circulating CXCL9 concentration	The concentration of chemokine (C-X-C motif) ligand 9 in the blood circulation is above the upper limit of normal.																					
to do	ignore	HP:6000747	Abnormal urinary creatine level	The amount of creatine in the urine, normalized for urine concentration, is outside the limits of normal.																					
to do	ignore	HP:6000748	Decreased urinary creatine level	The amount of creatine in the urine, normalized for urine concentration, is below the lower limit of normal.																					
to do	ignore	HP:6000752	Elevated erythrocyte AICA-ribotide concentration	Concentration of 5-amino-4-imidazolecarboxamide (AICA-riboside) in red blood cells is above the upper limit of normal.																					
to do	ignore	HP:6000755	Elevated circulating C-terminal fibroblast growth factor 23 concentration	The concentration of the C-terminal portion of fibroblast growth factor 23 in the blood circulation is outside of the limits of normal.																					
to do	ignore	HP:6000758	Elevated circulating interleukin 1 receptor antagonist concentration	The concentration of interleukin 1 receptor antagonist (IL-1RA) in the blood circulation is above the upper limit of normal.																					
to do	ignore	HP:6000673	Abnormal CSF N-acetylaspartic acid concentration	Any deviation from the normal concentration of N-acetylaspartic acid in the cerebrospinal fluid (CSF).																					
to do	ignore	HP:6000674	Decreased CSF N-acetylaspartic acid concentration	Concentration of N-acetylaspartic acid in the cerebrospinal fluid below the lower limit of normal.																					
to do	ignore	HP:0410171	Increased cotinine level	Increased concentration of cotinine in urine.																					
to do	ignore	HP:0410360	Increased core 1 O-glycan level	An abnormal increase in the concentration of core 1 O-glycans on glycoproteins.																					
to do	ignore	HP:0410361	Decreased core 1 O-glycan level	An abnormal decrease in the concentration of core 1 O-glycans on glycoproteins.																					
to do	ignore	HP:6000776	Elevated circulating 3-hydroxykynurenine concentration	The concentration of 3-hydroxykynurenine in the blood circulation is above the upper limit of normal.																					
to do	ignore	HP:0410366	Increased globoside Gb4 level	An abnormal increase in the concentration of globoside Gb4.																					
to do	ignore	HP:0410368	Increased globoside Gb3 level	An abnormal increase in the concentration of glycolipid globoside Gb3.																					
to do	ignore	HP:0002848	Decreased specific anti-polysaccharide antibody level	The presence of normal overall immunoglobulin levels with deficiency of specific immunoglobulins directed against bacterial polysaccharides.																					
to do	ignore	HP:0012591	Abnormal urinary electrolyte concentration	An abnormality in the concentration of electrolytes in the urine.																					
to do	ignore	HP:0020061	Abnormal hemoglobin concentration	Any deviation from the normal concentration of hemoglobin in the blood.																					
to do	ignore	HP:0033354	Abnormal urine metabolite level	Any deviation from the normal amount of a metabolite in urine.																					
to do	ignore	HP:0003117	Abnormal circulating hormone concentration	Concentration of a hormone in the blood circulation outside of normal limits.																					
to do	ignore	HP:0025052	Abnormal brain N-acetyl aspartate level by MRS	A deviation from normal in the level of N-acetyl aspartate in the brain identified by magnetic resonance spectroscopy (MRS).																					
to do	ignore	HP:0025454	Abnormal CSF metabolite concentration	Any deviation from the normal range of concentration of a metabolite in the cerebrospinal fluid.																					
to do	ignore	HP:0025546	Abnormal mean corpuscular hemoglobin concentration	A deviation from the normal range of the average amount of hemoglobin per red blood cell (27 to 31 picograms/cell). A reduced mean corpuscular hemoglobin (MCH) may indicate a hypochromic anemia, but the MCH may be normal if both the total hemoglobin and the red blood cell count are reduced.																					
to do	ignore	HP:0025640	Abnormal urinary mineral level	An abnormal concentration or amount of a mineral in the urine. Medically relevant minerals include calcium, phosphorus, potassium, sodium, chloride, magnesium, iron, zinc, iodine, chromium, copper, fluoride, molybdenum, manganese, and selenium.																					
to do	ignore	HP:0025740	Elevated brain succinate level by MRS	An increase in the level of succinate in the brain identified by magnetic resonance spectroscopy (MRS).																					
to do	ignore	HP:0025742	Elevated urine L-xylulose level	The amount of L-xylulose in the urine, normalized for urine concentration, is above the upper limit of normal.																					
to do	ignore	HP:0025743	Elevated urine biliverdin level	The amount of biliverdin in the urine, normalized for urine concentration, is above the upper limit of normal.																					
to do	ignore	HP:0025745	Abnormal urine amino acid level																						
to do	ignore	HP:0025746	Diminished urine glutamine level	The amount of glutamine in the urine, normalized for urine concentration, is below the lower limit of normal.																					
to do	ignore	HP:0030273	Reduced red cell adenosine deaminase level	Decrease in the level of adenosine deaminase (ADA), an enzyme involved in purine metabolism, within erythrocytes. ADA is involved in the catabolism of adenosine.																					
to do	ignore	HP:0031161	Reduced brain glutamate level by MRS	An decrease in the level of glutamate (Glu) in the brain identified by magnetic resonance spectroscopy (MRS).																					
to do	ignore	HP:0032065	Abnormal serum bicarbonate concentration	Any deviation from the normal concentration of bicarbonate, HCO3[-], in the circulation.																					
to do	ignore	HP:0032180	Abnormal circulating metabolite concentration	An abnormal level of an analyte measured in the blood.																					
to do	ignore	HP:0032208	Increased urinary type 1 collagen N-terminal telopeptide level	An increased concentration of type 1 collagen N-terminal telopeptide (NTx) level in the urine. Generally the test is performed over a period of time, for instance, 10 cc of morning urine can be collected following 12 hours overnight fasting or for 24 hours.																					
to do	ignore	HP:0032243	Abnormal tissue metabolite concentration	Any deviation from the normal concentration of a metabolite in a tissue.																					
to do	ignore	HP:0032297	Increased circulating IgG3 level	An abnormally increased concentration of the IgG3 subtype in the blood circulation.																					
to do	ignore	HP:0032975	Abnormal bronchoalveolar fluid protein level	Any deviation from the normal concentration of protein in the bronchoalveolar fluid.																					
to do	ignore	HP:0033012	Abnormal salivary metabolite concentration	Any deviation from the normal concentration of a metabolite in saliva.																					
to do	ignore	HP:0033021	Transient decreased circulating IgE concentration	A temporary reduction beneath the normal level of total immunoglobulin E (IgE) in the blood.																					
to do	ignore	HP:0033022	Chronic decreased circulating IgE concentration	A lasting reduction beneath the normal level of total immunoglobulin E (IgE) in the blood.																					
to do	ignore	HP:0033106	Elevated circulating D-dimer concentration	An increased concentration of D-dimers, a marker of fibrin degradation, in the blood circulation.																					
to do	ignore	HP:0034056	Increased fecal calprotectin level	An increased amount of calprotectin in the feces.																					
to do	ignore	HP:6000775	Elevated urinary 4-tyramine level	The amount of 4-tyramine in the urine, normalized for urine concentration, is above the upper limit of normal.																					
to do	ignore	HP:6000804	Elevated urine fructose level	Amount of fructose in the urine above the upper limit of normal.																					
to do	ignore	HP:6000805	Elevated urinary uroporphyrin level	The amount of uroporphyrin in the urine, normalized for urine concentration, is above the upper limit of normal.																					
to do	ignore	HP:6000887	Elevated blood bismuth concentration	The concentration of bismuth in the blood is above the upper limit of a guidance value for total blood bismuth concentrations that implies possible injurious effects.																					
to do	ignore	HP:6000888	Elevated urine bismuth level	Detection of a level of bismuth in the urine high enough to raise the suspicion of bismuth toxicity, usually greater than 20microgram per deciliter.																					
to do	ignore	HP:6000986	Substantially elevated circulating ethanol concentration	A blood concentration of ethanol that is consistent with alcohol intoxication, generally assumed to be 0.0800 g/dL or higher.																					
to do	ignore	HP:6001006	Elevated urine dihydroxycholestanoic acid level	The amount of dihydroxycholestanoic acid in the urine, normalized for urine concentration, is above the upper limit of normal.																					
to do	ignore	HP:6001007	Elevated urinary bile alcohol level	The amount of bile alcohol in the urine, normalized for urine concentration, is above the upper limit of normal.																					
to do	ignore	HP:0410359	Abnormal core 1 O-glycan level	An abnormal in the concentration of core 1 O-glycans on glycoproteins.																					
to do	ignore	HP:6000991	Elevated circulating 4-hydroxybutyric acid concentration	Concentration of 4-hydroxybutyric acid in the blood circulation above the upper limit of normal.																					
to do	ignore	HP:0100504	Decreased circulating vitamin B2 concentration	The concentration of vitamin B2 in the blood circulation is below the lower limit of normal.																					
to do	ignore	HP:0100505	Decreased circulating vitamin B5 concentration	The concentration of vitamin B5 in the blood circulation is below the lower limit of normal.																					
to do	ignore	HP:0100506	Decreased circulating vitamin B8 concentration	The concentration of vitamin B8 in the blood circulation is below the lower limit of normal.																					
to do	ignore	HP:0100510	Decreased circulating vitamin C concentration	The concentration of vitamin C in the blood circulation is below the lower limit of normal.																					
to do	ignore	HP:0100514	Abnormal circulating vitamin E concentration	Concentration of vitamin E in the blood circulation outside of normal limits.																					
to do	ignore	HP:0430147	Abnormal circulating inhibin B concentration	The concentration of inhibin B in the blood circulation is outside the limits of normal.																					
to do	ignore	HP:0500021	Reduced brain gamma-aminobutyric acid level by MRS	An decreased level of gamma-aminobutyric acid in the brain identified by magnetic resonance spectroscopy (MRS).																					
to do	ignore	HP:6001254	Elevanted carboxysterol concentration in cultured lymphoblasts	The concentration of carboxysterols in lymphoblastoid cells cultured in cholesterol-depleted medium is below the lower limit of normal.																					
to do	ignore	HP:0011015	Abnormal blood glucose concentration	An abnormality of the concentration of glucose in the blood.																					
to do	ignore	HP:0012415	Abnormal blood gas level	An abnormality of the partial pressure of oxygen or carbon dioxide in the arterial blood.																					
to do	ignore	HP:0410211	Abnormal blood gas level in cord blood																						
to do	ignore	HP:0004431	Reduced circulating complement concentration	An immunodeficiency defined by the absent or suboptimal functioning of one of the complement system proteins.																					
to do	ignore	HP:0008073	Low maternal circulating estriol concentration	An abnormally low concentration of serum conjugated estriol as compared to normal values for gestational-age.																					
to do	ignore	HP:0008372	Abnormal circulating vitamin A concentration	Concentration of vitamin A in the blood circulation outside limits of normal.																					
to do	ignore	HP:0010570	Low maternal circulating alpha-fetoprotein concentration	An abnormally low concentration of serum alpha-fetoprotein as compared to normal values for gestational-age.																					
to do	ignore	HP:0010701	Abnormal circulating immunoglobulin concentration	An abnormal deviation from normal levels of immunoglobulins in blood.																					
to do	ignore	HP:0011112	Abnormal circulating cytokine concentration	Abnormality of the cytokine levels in the blood, i.e., an abnormality of any of the non-antibody proteins made by inflammatory leukocytes and some non-leukocytic cells that affect the behavior of other cells.																					
to do	ignore	HP:0011432	Elevated maternal circulating alpha-fetoprotein concentration	Increase in the levels of maternal serum alpha-fetoprotein levels during pregnancy.																					
to do	ignore	HP:0011433	High maternal circulating chorionic gonadotropin concentration	An abnormally high concentration of maternal serum human chorionic gonadotropin as compared to normal values for gestational-age.																					
to do	ignore	HP:0011434	Low maternal circulating chorionic gonadotropin concentration	An abnormally low concentration of maternal serum human chorionic gonadotropin as compared to normal values for gestational-age.																					
to do	ignore	HP:0011435	Low maternal circulating PAPP-A concentration	An abnormally low concentration of serum PAPP-A (pregnancy associated plasma protein A), as compared to normal values for gestational-age.																					
to do	ignore	HP:0012029	Abnormal urine hormone level	An abnormal concentration of a hormone in the urine.																					
to do	ignore	HP:0012644	Increased caudate lactate level	An elevated concentration of lactate in the caudate nucleus. This finding can be elicited by magnetic resonance spectroscopy imaging.																					
to do	ignore	HP:0020170	Increased blood drug concentration	High plasma concentration of a drug as compared to previously measured thresholds given the expected concentration for the applied dosage regime.																					
to do	ignore	HP:0020171	Decreased blood drug concentration	Low plasma concentration of a drug as compared to previously measured thresholds given the expected concentration for the applied dosage regime.																					
to do	ignore	HP:0020287	Abnormal level of lymph-node cellular CD19 expression	Detection of an abnormal level of CD19 on the cell(s) of interest in a lymph node with the use of anti-CD19 antibodies conjugated to a chromogen (for immunohistochemistry) or fluorophore (for flow cytometry).																					
to do	ignore	HP:0020289	Abnormal level of lymph-node cellular CD20 expression	Detection of abnormal levels of CD20 on the cell(s) of interest with the use of anti-CD20 antibodies conjugated to a chromogen (for immunohistochemistry) or fluorophore (for flow cytometry).																					
to do	ignore	HP:0025045	Abnormal brain lactate level by MRS	A deviation from normal of the level of lactate in the brain identified by magnetic resonance spectroscopy (MRS).																					
to do	ignore	HP:0025047	Abnormal brain choline level by MRS	A deviation from normal in the level of choline-containing compounds in the brain identified by magnetic resonance spectroscopy (MRS).																					
to do	ignore	HP:0025049	Abnormal brain creatine level by MRS																						
to do	ignore	HP:0034204	Decreased circulating C1-esterase inhibitor concentration	Decreased concentration of C1-esterase inhibitor (C1INH) in the blood circulation.																					
to do	ignore	HP:0034283	Increased fecal protoporphyrin concentration	Abnormally high concentration of protoporphyrin (derivative of porphyrin with propionic acid groups) in feces.																					
to do	ignore	HP:0034296	Elevated urine 3,5,6-trichloro-2-pyridinol level	Detection of 3,5,6-trichloro-2-pyridinol in the urine.																					
to do	ignore	HP:0031545	Abnormally low T cell receptor excision circle level	Reduced level of T cell receptor excision circle (TRECs) as measured by the TREC assay. Late in maturation, 70% of thymocytes that will ultimately express alpha/beta-T cell receptors form a circular DNA TREC from the excised TCRdelta gene that lies within the TCRalpha genetic locus. The circles are stable but do not increase following cell division and, therefore, become diluted as T cells proliferate. A quantitative polymerase chain reaction (PCR) reaction across the joint of the circular DNA provides the TREC copy number, a marker of newly-formed, antigenically-na√Øve thymic emigrant T cells.																					
to do	ignore	HP:0031551	Reduced cell surface marker level	Reduced level of a protein that is normally present on the cell surface as assessed by flow cytometry.																					
to do	ignore	HP:0031686	Increased stool alpha1-antitrypsin concentration	An abnormally elevated amount of alpha1-antitrypsin in the feces.																					
to do	ignore	HP:0032298	Increased circulating IgG1 level	An abnormally increased concentration of the IgG1 subtype in the blood circulation.																					
to do	ignore	HP:0032299	Increased circulating IgG2 level	An abnormally increased concentration of the IgG2 subtype in the blood circulation.																					
to do	ignore	HP:0032300	Increased circulating IgG4 level	An abnormally increased concentration of the IgG4 subtype in the blood circulation.																					
to do	ignore	HP:0032337	Monoclonal elevated circulating IgE concentration	An increase in circulating IgE characterized by one predominant band in serum electrophoresis but not the broad diffuse band that characterizes a polyclonal increase in circulating immunoglobulins.																					
to do	ignore	HP:0032338	Oligoclonal elevated circulating IgE concentration	An increase in circulating IgE characterized by two or more bands in serum electrophoresis but not the broad diffuse band that characterizes a polyclonal increase in circulating immunoglobulins.																					
to do	ignore	HP:0032339	Polyclonal elevated circulating IgE concentration	A heterogeneous increase in IgE mmunoglobulins characterized by a diffuse band on serum electrophoresis.																					
to do	ignore	HP:0032476	Abnormal circulating vitamin B6 concentration	An abnormal concentration of vitamin B6 in the blood circulation.																					
to do	ignore	HP:0033355	Increased urine deoxypyridinoline level	An increased level of deoxypyridinoline in the urine. Deoxypyridinoline is a crosslink product of collagen molecules found in bone and excreted in urine during bone degradation, has been described as a marker of bone turnover.																					
to do	ignore	HP:0033385	Elevated urine pyridinoline level	An increased amount of pyridinoline in the urine.																					
to do	ignore	HP:0033595	Elevated circulating globotriaosylceramide concentration	Increased concentration of globotriaosylceramide (Gb3) in the blood circulation. Globotriaosylceramide, also named ceramidetrihexoside, is the primary lipid storage in Fabry disease.																					
to do	ignore	HP:0034469	Decreased stool elastase level	Reduced amount of pancreatic elastase in the stool. This feature may be observed with pancreatic insufficiency.																					
to do	ignore	HP:0034496	Abnormal brain glutamine level by MRS	A deviation from normal in the level of glutamine in the brain identified by magnetic resonance spectroscopy (MRS).																					
to do	ignore	HP:0034510	Abnormal muscle tissue enzyme activity or level	Any deviation from the normal activity or histological staining of an enzyme in muscle tissue, usually measured in a muscle biopsy specimen.																					
to do	ignore	HP:0034556	Deficit at segmental level	Refers to distribution of neurological deficits that corresponds to a deficit of a specific spinal segment and all segments below it.																					
to do	ignore	HP:0034684	Abnormal enzyme concentration or activity	Concentration or activity of an enzyme is above or below the limits of normal.																					
to do	ignore	HP:0034685	Abnormal liver enzyme activity or concentration	Concentration or activity of an enzyme is above or below the limits of normal in liver tissue.																					
to do	ignore	HP:0034737	Abnormal erythrocyte metabolite concentration	A deviation from the normal range of a metabolite in red blood cells.																					
to do	ignore	HP:0034822	Abnormal CSF ion concentration																						
																								11 h x 70 = 770 (eigentlich 18,5)	658